2019-04-06 23:10,东莞轨道交通鸿福路站旗峰公园站恢复运营月日东莞轨道交通号线鸿福路站旗峰公园站恢复对外服务全线个车站正常运营请广大市民出行时留意东莞轨道交通官方微信微博及车站公告提前做好出行准备也可拨打运营服务热线或咨询车站工作人员欢迎您乘坐东莞轨道交通展开全文
2019-04-06 08:38,东莞轨道交通运营信息公告因特殊原因月日东莞轨道交通号线鸿福路站旗峰公园站全天停止对外服务并实行所有列车不停站通过号线其他个车站正常提供运营服务请前往鸿福路站旗峰公园站的乘客提前做好路线规划及换乘准备鸿福路站旗峰公园站恢复运营时间待定请广大乘客留意东莞轨道交通官方展开全文
2018-11-12 13:53,中国交通广播惊险岁幼童独乘地铁电扶梯突然滑倒危急瞬间幸亏有她月日广东东莞在地铁号线一名约岁的小男孩独自乘坐电梯因为惯性和站立不稳小男孩摔倒在扶梯梯级上危急时刻地铁工作人员眼疾手快飞奔上前将小孩抱起避免了小男孩滚落扶梯而此时夫妇二人方已发现孩子走失慌忙寻找展开全文
2018-11-14 08:47,温馨提示大家出行时一定要照看好老人和小孩以免发生意外
2018-11-13 10:36,央视新闻男童眼看就要摔下电梯多亏她及时出现心心近日广东东莞地铁站一名岁左右的男童趁父母买票时不注意独自从闸机底部钻了进去跑上了自动扶梯因未站稳踏上扶梯后孩子突然仰面摔倒眼看载着他的那级台阶就要落下站务员刘银玉立即冲上前在孩子即将跌落时将其抱起孩子安然无恙展开全文
2018-11-14 08:43,给小姐姐点赞给你小心心给你小心心给你小心心给你小心心给你小心心给你小心心
2018-09-16 21:28,东莞轨道交通东莞地铁号线月日恢复全线运营根据市气象台发布的台风最新气象信息台风山竹对我市影响已逐渐减弱为满足广大乘客出行需求从月日起东莞地铁号线全线恢复运营由于台风影响还未完全消除地铁号线高架段可能会限速运行具体运营情况敬请及时留意车站公告官方微信公众号展开全文
2018-09-16 12:26,东莞轨道交通运营公告东莞地铁全线停运根据市气象台发布的台风山竹相关气象信息和市三防指挥部关于防御台风的工作部署为确保乘客出行安全今日月日起东莞地铁号线全线个车站将停止运营具体恢复时间和方式请及时留意车站公告官方微信公众号微博或拨打运营热线电话展开全文
2018-09-16 06:20,东莞轨道交通预计受台风山竹影响月日起东莞地铁号线展览中心站至虎门火车站停运展览中心站至东莞火车站照常运营请前往虎门火车站的乘客提前做好出行安排换乘其他交通工具停运区段恢复运营时间请留意车站公告官方微信公众号微博或拨打运营热线电话咨询展开全文
2018-07-05 15:36,#温暖同行#,东莞轨道交通温暖同行月日一名女乘客在号线榴花公园站突发腹痛且无随行人员见此情况站台工作人员立刻上前了解情况安抚乘客并联系车控室随后车站值班站长及工作人员立即携带药箱和温水到达现场对乘客进行简单救助并拨打经救助乘客腹痛得到缓解随医护人员前往医院进一步检查
2018-03-13 22:29,东莞轨道交通运营信息公告经公安部门排查号线东莞火车站发现的不明物品非危险品不影响地铁运营和乘客安全市轨道公司决定东莞火车站于月日恢复正常运营请广大乘客留意车站公告车站广播如有疑问可咨询车站工作人员东莞市轨道交通有限公司年月日
2018-03-13 21:43,东莞轨道交通紧急通知因号线东莞火车站发现不明物体需要进行排查现对东莞火车站进行封站封站时间预计为今日东莞火车站至茶山站启动公交接驳请广大乘客根据车站工作人员指引或车站广播进出站或提前换乘其他交通工具给您的出行带来不便敬请谅解具体开站时间请留意车站公告或展开全文
2017-08-16 14:18,东莞轨道交通工程动态根据东莞轨道交通号线鸿福路站工程进度计划东莞大道与鸿福路十字路口正在实施道路恢复工程现计划于年月日至月日进行第二阶段施工施工区域为鸿福路段即会展中心与海德广场之间路段详见下图该区域将于凌晨时至时进行全封闭施工其余时间正常通行交通疏导展开全文
2017-06-22 23:13,东莞轨道交通年月日为配合市公安部门在全市范围内开展应急防恐演练东莞轨道交通号线启动紧急预案全线停止运营全线各车站启动应急客运组织演练结束全线恢复正常运营演练期间给广大乘客的出行带来的影响敬请大家谅解如有疑问及咨询请拨打运营服务热线电话展开全文
2017-03-25 10:23,东莞轨道交通号线恢复正常运营经过现场工作人员的排查号线故障原因是隧道渗漏水造成供电跳闸引起目前故障已经排除并于点分恢复正常运营给您的出行带来不便敬请谅解如有需要请咨询车站工作人员或致电运营服务热线
2017-01-18 17:51,#东莞身边事#,新浪广东东莞东莞身边事地铁号线土建年内开始东莞地铁号线的产检结果出来了一切顺利东莞轨道交通东莞轨道交通发布消息称东莞地铁号线一期工程初步设计已在本月日完成了专家评审早在去年月底两条地铁线之间的联络线工程已动工而地铁号线一期工程的土建将在今年内正式展开
2017-01-20 10:37,东莞轨道交通除夕夜号线将延长运营服务时间啦春节即将来临为了满足节日期间广大乘客的出行需求号线将适当调整节日期间的运营服务时间具体调整为年月日的运营服务时间将延长至当天月日月日至月日的运营服务时间仍为具体末班车时间请留意车站相关信息如有疑问请展开全文
2016-12-21 10:00,东莞轨道交通注意啦号线运营时间将有调整为不断提高号线运营服务水平方便乘客出行自年月日起号线将执行新的列车运行计划列车单程运行时间约分钟届时首末班车时间有所调整请留意车站相关公告另外再次提醒大家月日月日月日运营服务时间延长小时即这三天展开全文
2016-12-15 17:23,东莞轨道交通双蛋来临东莞轨道交通号线适时延长运营服务时间啦圣诞元旦双节即将来临为满足节日期间广大乘客的需求号线将适当调整节假日的运营服务时间月日月日月日这三天的服务时间将延长至当天具体末班车时间请留意车站相关信息如有疑问可咨询车站工作人展开全文
2016-09-28 14:46,东莞轨道交通一号线动态月日东莞轨道交通号线联络线工程暨号线一期土建工程开工启动仪式在鸿福路站举行市轨道办东实集团市轨道公司及中铁三局等单位领导共同触动启动球标志着号线联络线工程暨号线一期土建工程开工建设
2016-09-22 12:26,东莞轨道交通最新动态为响应省市公交出行宣传周活动号召倡导市民选择低碳环保的公共交通出行方式在世界无车日来临之际市轨道交通公司联合市交通运输局市环保局于月日上午在第一国际海德号广场开展了践行绿色环保拥抱低碳生活主题活动启动仪式此次活动时间为月日至月日活展开全文
2016-09-02 10:04,重庆轨道交通微提醒一名女乘客在候车室内等车时把装有千多元现金的手提包遗忘在了座椅上幸好工作人员及时捡到才挽回了损失小编提醒大家乘坐轨道交通时请保管好个人财物在候车室等区域停留后一定仔细检查随身物品是否齐全以免遗失哦
2016-09-02 10:10,东莞轨道交通东莞轨道交通号线运营信息东莞轨道交通号线于月日开通试运营东莞迈入地铁时代地铁的开通得到了社会各界的高度关注今天月日上午点半号线迎来第万名乘客这意味着全线累计客运量突破万大关
2016-09-01 11:38,东莞轨道交通东莞轨道交通号线一期工程总体设计通过专家评审月至日东莞市轨道交通有限公司邀请来自广州上海深圳等地勘察设计咨询等方面的名专家对东莞轨道交通号线一期工程总体设计进行评审经过严格评审专家组一致认为目前设计文件达到总体设计文件编制深度要求经完善可作为展开全文
2016-08-11 16:28,东莞轨道交通最新动态月日东莞市文学艺术界联合会邀请东莞作家诗人组成采风团一行约人到东莞轨道交通号线开展实地采风文学创作暨文明行活动市文联党组书记潘朝明东莞市文学院副院长柳冬妩东莞地方志馆负责人刘念宇市轨道公司总经理陈文胜副总经理兼运营分公司总经理丘庆球和党群监察部展开全文
2016-08-02 16:00,东莞轨道交通号线高架区段逐渐恢复运营受台风妮妲影响暂停对外服务的展览中心站虎门火车站区段将于月日起逐渐恢复运营服务感谢您的谅解与配合
2016-08-02 10:14,#抗风在行动#,广州地铁抗风在行动线路检查
2016-08-02 09:57,东莞轨道交通东莞轨道交通号线运营信息受台风妮妲影响目前号线高架区段即展览中心站至虎门火车站区段包括虎门火车站暂时停止运营东莞火车站至展览中心区段采用小交路运行组织方式运营时间为全天采用平峰运行行车间隔为分钟秒各车站首末班车时间相比平时有所变化敬展开全文
2016-08-01 23:13,东莞轨道交通号线高架区段停运受台风妮妲影响为确保乘客出行安全自月日起号线运营区段为东莞火车站至展览中心站高架区段即展览中心站至虎门火车站区段包括虎门火车站暂时停止运营具体恢复时间请留意车站公告及官方微博微信或者通过运营热线咨询感谢您的谅解与配合
2016-06-27 17:27,东莞轨道交通公司动态月日东莞轨道交通号线试运营迎来满月为了更好地服务市民市轨道公司联合东莞银行在鸿福路站举行号线试运营满月暨便民雨伞发布会在满月日起在全线各站点推出便民雨伞供市民借用具体借用手续可参考各车站内便民雨伞借用指南
2016-06-13 11:33,东莞轨道交通最新动态月日上午东莞轨道交通号线一期工程勘察开工启动仪式在号线新源路站举行仪式上市发改局副局长吴楚焕宣布号线一期工程勘察开工启动并与东实集团董事长兼市轨道公司董事长刘波市轨道公司总经理陈文胜中铁四院副院长谢海林北京城建勘测院董事长马海志共同触动启动球展开全文
2016-05-26 10:32,东莞轨道交通公司动态日前市政府批复同意东莞轨道交通号线于年月日点开通试运营这意味着东莞迈入地铁时代已进入倒计时注意事项开站运营时间月日中午点号线正式载客试运营也就是说当天点开始市民就可以到号线个车站购票乘车了真正体验东莞的地铁速度每个车站至展开全文
2016-04-28 17:29,东莞轨道交通工程动态月日至日受广东省交通运输厅委托交通运输部科学研究院组织名来自北京天津广州深圳等城市的轨道交通行业专家对东莞轨道交通号线首期工程进行试运营基本条件评审经过严格的评审以及结合对车辆信号供电消防等系统组织的测试情况专家组认为号线首期工程各项展开全文
2016-03-08 16:01,东莞轨道交通工程动态月日广东省发改委批复了东莞市城市轨道交通号线一期工程可行性研究报告简称工可报告同意我市建设轨道交通号线一期工程标志着该线路已全部完成立项程序获得准生证更标志着我市轨道交通进入线网建设新阶段
2016-02-25 15:51,东莞轨道交通公司动态月日上午市政协第十二届五次会议与会政协委员特聘委员和工作人员一行约人在东实集团董事长兼市轨道公司董事长刘波市轨道公司总经理陈文胜的陪同下来到轨道交通号线鸿福路站试乘开往虎门火车站的列车
2016-02-24 17:28,东莞轨道交通公司动态月日上午东莞市第十五届人大七次会议开幕前人大代表列席人员旁听人员及工作人员约人在东实集团董事长兼市轨道公司董事长刘波市轨道公司总经理陈文胜的陪同下试乘轨道交通号线路线为鸿福路站至虎门火车站
2015-12-29 17:25,东莞轨道交通月日下午东莞轨道交通号线建成试运行仪式在鸿福路站举行市委常委常务副市长张科出席并宣布东莞轨道交通号线建成并开始空载试运行市政府副秘书长罗斌主持仪式市轨道公司总经理陈文胜介绍了号线工程建设进展及运营筹备情况仪式后出席仪式的领导试乘了列车并参观了虎门火车站
2015-09-17 08:36,东莞轨道交通公司动态月日东莞轨道交通号线全线热滑专题记者沙龙活动顺利举行市委宣传部相关人员人民网南方日报东莞日报东莞电视台等约家媒体及市摄影家协会约人来到蛤地站参观车站装修及出入口建设情况并进行乘车体验活动过程中公司副总经理胡文伟接受了媒体记者的采访
2015-09-16 15:04,东莞轨道交通工程进展月日下午东莞轨道交通号线鸿福路站至虎门火车站区段经过近个小时的热滑试验完成了列车及牵引供电系统各项参数的采集检测该区段首次热滑试验顺利完成这是继月日完成东莞火车站至鸿福路站区段热滑试验后号线建设现场传来的又一捷报标志着号线全线热滑试验顺利完成
2015-09-01 10:49,东莞轨道交通公司动态月日一列地铁列车在东莞轨道交通号线榴花公园站至鸿福路站区段经过近个小时的热滑试验完成了列车及牵引供电系统各项参数的采集检测该区段首次热滑试验顺利完成这是继月日完成东莞火车站至榴花公园站区段热滑试验后又一捷报标志着号线东鸿区段热滑试验顺利完成
2015-07-30 15:03,#微讲堂#,转发微博
2015-07-30 15:01,东莞轨道交通公司动态为做好东莞轨道交通票价听证会前期准备工作月日市发改局组织名听证会参加人及媒体记者一行约人来到号线东城车辆段和茶山站工程建设现场参观考察
2015-05-28 14:25,东莞轨道交通工程进展月日上午随着珊美站至展览中心站区间右线最后一节轨排浇筑完成由中铁一局承建的标轨道实现合拢至此东莞轨道交通号线全线实现轨通作为机电专业的先行专业全线轨道贯通后将为后续供电通信信号等专业提供有利的施工条件
2015-05-27 17:31,东莞轨道交通公司动态月日上午东莞轨道交通记者沙龙电客车调试专题宣传活动在东城车辆段举行人民网南方日报东莞日报东莞电视台等媒体记者约人来到试车线旁参观采访电客车动态调试过程并上车体验了列车启动加速平稳运行减速的全过程
2015-05-27 17:28,东莞轨道交通公司动态月日上午随着东莞轨道交通号线一列编号为号的电客车在东城车辆段试车线上缓缓驶出标志着号线电客车预验收动态调试工作正式开始
2015-05-08 15:08,#东莞新闻#,转发微博
2015-05-08 15:08,#绿色东莞#,转发微博
2015-04-29 11:09,东莞轨道交通资源开发月日东莞市轨道交通电视传媒有限公司挂牌仪式在市广播电视中心举行市轨道公司副总经理吴俊泉东莞广播电视台副台长李树祥刘全凤总工程师李先翼及相关部门负责人出席了挂牌仪式仪式上东莞市轨道交通电视传媒有限公司总经理李先翼和董事长吴俊泉先后致辞并为公司揭牌
2015-03-18 15:58,东莞轨道交通领导关怀月日上午市政府罗斌副秘书长深入一线实地调研线网控制中心工程建设详细了解了工程进度工期计划等有关情况市府办轨道办有关领导参加调研
2015-02-06 14:51,#东莞新闻#,莞香花开东莞新闻小鲜肉地铁号线茶山站装修见雏形花心光洁的花岗石板橙色的天花吊顶波浪形的设计小清新之感扑面而来进入年东莞轨道交通号线车站设备安装装修工程稳步推进部分车站的装修效果已见雏形车站香都映像的设计理念逐步呈现嘻嘻嘻嘻东莞地铁号线小清新车站见雏形年底空载试东莞地铁号线小清新车站见雏形年底空载试
2015-02-06 15:02,东莞轨道交通记者沙龙活动月日东莞轨道交通记者沙龙活动在茶山站举行约名省市媒体记者走进茶山站施工现场参观车站机电设备安装装修情况在现场公司总工程师胡文伟接受了媒体的采访详细介绍全线土建工程铺轨设备安装装修进度等情况并回答了记者关心的问题
2015-01-13 14:43,东莞轨道交通轨道交通小知识根据铁路线路修理规则铁运号年版第条的规定线路上轨枕的修理可采用环氧树脂进行修补该修补方法常被用于混凝土结构的裂纹修补如桥梁墙体大坝等在其他铁路工程中也采用该修补方法对有裂纹但未失效的轨枕进行修补均能达到相关规范要求
2015-01-08 09:21,东莞轨道交通新年环城跑活动新年新气象年月日早上点迎着灿烂的朝阳沐浴着新年的曙光一年一度的东莞市新年环城跑在市体育中心广场举行来自市镇各单位学校企业以及社会各界的市民约万人参加活动公司团总支组织了名员工参加了本次活动
2014-12-20 09:06,东莞轨道交通路面塌陷进展据现场了解今天凌晨塌陷地点已由市相关单位填埋平整过往车辆未受严重影响规划四路规划四路
2014-12-20 09:05,东莞轨道交通东莞大道鸿福路口往旗峰公园方向今天晚上七点左右发生塌陷塌陷面积有十平方左右洞察囗深度两三米深所幸无人员和车辆受困塌陷处正好处在东莞地铁线会展站施工工地旁现场指挥的一名负责人称塌陷处与地铁施工点有二十米的安全距离应该与地铁施工无关南都东莞规划四路规划四路
2014-12-19 23:48,东莞轨道交通日点左右东莞大道鸿福路口路面发生局部塌陷塌陷面积约十平方米深度一米多有一辆路过汽车的左后轮被卡住无人员伤亡我公司工程人员迅速赶赴现场查看发现塌陷地点在轨道交通号线鸿福路站主体工程施工围蔽外具体原因待相关单位进一步调查
2014-12-09 14:43,东莞轨道交通号线全线隧道贯通仪式月日时号线全线隧道贯通仪式在珊美站工地举行市委常委常务副市长张科出席并宣布市轨道交通号线全线隧道贯通市政府副秘书长罗斌主持仪式市轨道办市住建局厚街镇东实集团轨道公司负责人及部分参建单位工程建设人员共同见证这个历史时刻
2014-12-09 14:41,东莞轨道交通号线全线隧道贯通年月日号线珊美站展览中心站区间以下简称珊展区间右线隧道盾构机刀盘顺利破除珊美站连续墙进入设置在吊出井的钢套筒标志着号线隧道实现全线贯通东莞实现地铁梦越来越近
2014-12-02 14:51,东莞轨道交通本部工会成立月日上午公司本部工会成立暨第一次会员代表大会在会议室胜利召开公司副总经理兼工联会主席吴俊泉公司副总经理兼工联会女工委主任张艳平党群监察部副部长兼工联会组织委员卢利清党群监察部工会经理兼工联会宣教委员何成文参加会议公司本部名会员代表出席会议
2014-11-07 14:25,东莞轨道交通人民日报报道号线阳光共建活动情况月日人民日报以东莞检企共建预防职务犯罪工作联系点地铁工程反腐这样筑牢防火墙为题对号线阳光共建活动进行报道对预防为先全程严控打造廉洁工程的具体做法进行了生动解析
2014-11-07 13:53,东莞轨道交通阳光共建月日上午市检察院代检察长来向东副检察长曾广华副调研员市预防办主任郭普训及预防科相关人员一行人到标检查阳光共建工作情况公司总工程师胡文伟和党群监察部设备部及相关承包商负责人陪同检查
2014-10-31 14:54,#东莞新闻#,转发微博
2014-10-31 09:59,南方都市报热线南方都市报热线转发微博
2014-10-30 12:00,东莞轨道交通号线首列车到莞经过天夜的长途跋涉首列车于今天凌晨顺利抵达东城车辆段月日上午在现场工程技术人员的指挥下两台大型吊机平行作业首列车开始卸车随着最后一节车厢被高高吊起平缓地放置在轨道上并与其它车辆连挂编组标志着首列车完成卸车作业
2014-10-29 14:31,东莞轨道交通蛤地站中间风井区间暗挖左线隧道二衬贯通月日分由北京建工土木工程有限公司承建的号线标蛤地站中间风井区间暗挖左线隧道二衬贯通标志着号线最后一段矿山法隧道二衬顺利贯通
2014-10-27 09:56,东莞轨道交通号线首列车启运月日傍晚东莞轨道交通号线首列车节车厢在南京浦镇工厂完成装车顺利启运向东莞进发预计月日到莞
2014-10-25 17:18,东莞轨道交通号线首批工程车今天到莞东莞轨道交通号线首批工程车或称作业车完成出厂验收从江苏常州工厂启运经过两天两夜的汽车运输顺利抵达东城车辆段月日下午时许在现场工程技术人员的指挥下两台大型吊机平行作业开始卸车首批工程车的卸车作业持续个小时
2014-10-23 11:20,#本埠新闻#,号线车站设备安装装修专题宣传活动
2014-10-13 17:57,东莞轨道交通青年文明号创建活动公司青年文明号创建活动走进陇西农村学校通过募捐一批体育用品协助渭州九年制学校开展体育艺术节表达了对西北欠发达地区农村孩子们的浓浓情义展现了青年文明号的时代新风树立了公司的良好形象陇西电视台对月日爱心轨道万里献温暖活动的捐赠仪式进行了报道
2014-10-13 17:10,#微分享#,简单的快乐傲人的风骨鼓掌鼓掌
2014-10-13 17:02,#微语#,适时的小改变帮助摆脱不好的惯性
2014-10-13 16:51,#早安东莞#,阳光心态积极过活
2014-10-13 16:50,#生活小常识#,生活小常识
2014-10-13 16:47,#中国好人榜#,美德范儿美德范儿中国好人榜青春无限美好生命无比珍贵却经历生与死的考验傅开其不愧为新时期的烈火金刚他的感人壮举与最美精神感动着广大干部群众把忠诚可靠赴汤蹈火服务人民的新时期公安消防精神诠释得酣畅淋漓荡气回肠感受道德的力量
2014-10-13 16:43,#中国好人榜#,美德范儿美德范儿中国好人榜他们虽平凡却能救人于危难之时立德于正义之巅他们深耕于土生根于地在敬业奉献中站立出一种傲姿他们靠长年累月的守望把人生的旅途照亮月日中国好人榜九月入选名单发布仪式暨全国道德模范与身边好人江苏苏州现场交流活动在常熟举行平凡中孕育着伟大
2014-10-13 16:41,科学养生仅供参考
2014-09-22 14:00,东莞轨道交通珊展区间左线隧道贯通月日点分号线标珊美站展览中心站区间左线盾构机安全到达珊美站标志着标左线盾构隧道顺利贯通至此号线全线区间隧道实现了单洞贯通
2014-09-12 08:42,东莞轨道交通摄影比赛月日上午由公司工联会组织开展的轨道印象风采无限摄影比赛采风活动在茶山站东城车辆段标正式拉开序幕
2014-09-12 08:38,东莞轨道交通廉政专题教育月日下午公司党支部在会议室组织开展廉政专题教育活动市预防办副主任市检察院职务犯罪预防科副科长钟维国来司指导工作检察官廖清平作廉政专题讲座公司领导本部全体党员及运营分公司党员代表参加了活动
2014-09-12 08:33,东莞轨道交通公司党委正式成立月日上午公司党支部在市会议大厦二楼报告厅隆重召开党员大会正式成立公司党委并按照党章规定选举产生中国共产党东莞市轨道交通有限公司委员会东实集团党委副书记林春成出席会议并作重要讲话公司名党员出席会议公司总工程师胡文伟主持会议
2014-09-05 15:44,东莞轨道交通公司动态月日上午运营分公司工会成立暨第一次会员代表大会在分公司会议室顺利召开公司副总经理兼工联会主席吴俊泉公司总工程师兼运营分公司总经理胡文伟公司党群监察部副部长卢利清出席会议分公司各部门共名工会代表参加会议
2014-09-05 15:39,东莞轨道交通公司动态月日下午东实集团董事长刘波一行来司调研
2014-09-05 15:33,东莞轨道交通道德讲堂月日公司党群监察部在运营分公司举办爱岗敬业清正廉洁主题道德讲堂活动进一步宣扬社会主义核心价值观引导广大员工勇挑重担奋发有为为轨道交通事业贡献力量创造业绩分公司共名新入职员工参加活动
2014-09-05 15:30,东莞轨道交通运营筹备月日公司举行东莞轨道交通运营广播样音比选会比选内容包括国语男生国语女生粤语男生粤语女生和英语女生共个系列个样音根据综合评分结果实际使用环境等确定广播样音后将开展广播词录制工作
2014-09-01 09:12,东莞轨道交通工程动态月日下午伴随着震耳欲聋的鞭炮声欢呼声和掌声寮珊区间右线盾构机刀盘在寮厦站大里程端头缓缓破土而出进入寮厦站至此标寮珊盾构区间左右线盾构隧道实现双线贯通陈屋站至珊美站双线隧道全部贯通标志着标土建工程取得阶段性胜利
2014-09-01 09:10,东莞轨道交通新员工慰问月日在大岭山国防教育训练基地公司团总支组织对名正在军训的届新员工进行慰问
2014-08-28 01:06,检修分部青年文明号创建集体东莞小介绍虎门镇位于东莞市西南部珠江口的东岸虎门是历史名城年民族英雄林则徐率军民硝烟御敌揭开了中国近代史的第一页鸦片战争博物馆海战博物馆威远炮台沙角炮台等名胜古迹是进行爱国主义教育和旅游的胜地东莞轨道交通东莞轨道交通
2014-08-18 11:44,东莞轨道交通电视台采访月日下午时东莞广播电视台东莞新闻栏目组来到由中铁一局承建的东莞轨道交通号线蛤地站铺轨施工现场进行采访亲身目睹铺轨施工如火如荼的场面截至月日全线轨道已铺设完成约公里占铺轨总量公里的
2014-08-18 11:36,东莞轨道交通领导调研月日上午市委常委常务副市长张科深入一线实地调研号线工程建设情况市政府副秘书长刘钜强市轨道办市府督查室东莞实业集团有关领导参加调研公司总经理陈波总工程师胡文伟陪同调研
2014-08-15 10:17,东莞轨道交通公司动态月日上午年东莞全民健身日亿万人群健步走活动在东莞同沙生态公园盛大开锣公司工联会委派健走兴趣小组组队参加了本次活动标志着本年度公司第一个企业文化主题活动绿色出行得以顺利实施
2014-08-15 10:14,东莞轨道交通公司动态为更好地贯彻公司青年文明号的创建要求展现东莞轨道车站员工良好的精神面貌和优质的服务水平运营分公司车务部西平站积极响应认真筹划扎实推进西平站青年文明号创建工作
2014-08-15 10:09,东莞轨道交通公司动态月日公司党群监察部卢利清副部长主持召开拥军优属座谈会公司转业军人退伍军人转业军人家属及党群监察部相关人员参加了座谈
2014-08-07 09:43,东莞轨道交通拾金不昧暖人心月日早上公司资源开发部罗刚同志晨练时捡到一个装有身份证两张银行卡和元人民币的钱包从一张发票发现了失主可能就职的工作单位经与失主联系核实最终将钱包归还失主是一名不久前来东莞一家包装印刷公司打工的四川小伙为表达谢意专门请人帮忙写了一封感谢信
2014-07-31 16:08,东莞轨道交通公司动态月日公司召开领导班子专题民主生活会通报会市委督导组东实集团指导组领导及相关组员到会指导公司领导班子成员和党员代表约人参加会议
2014-07-25 14:31,#粤来粤好#,好点子
2014-07-25 14:27,#地铁欢乐多#,追忆童年带着微博去旅行带着微博去旅行
2014-07-25 14:18,#甲午战争120周年#,微相册微相册甲午战争周年甲午年的那些屈辱瞬间年前的今天甲午大战爆发对于这场改变了国运的战争大清留下的影像少得可怜而日本随军摄影师则记录了战场内外的无数个瞬间西方画师也描绘了相当数量的画面从这些影像中我们能够看到清军的惨败大清官民的无知和茫然
2014-07-23 16:27,#中国好人榜#,真情在人间感动在人间
2014-07-23 16:26,#中国好人榜#,支持东莞支持中国好人榜
2014-07-23 16:24,#中国好人榜#,诚实守信会做人
2014-07-23 16:23,#中国好人榜#,孝老爱亲好榜样
2014-07-23 16:22,#中国好人榜#,敬业奉献勇创新建设祖国为人民
2014-07-23 16:18,#孝在异地#,百善孝为先心心
2014-07-10 08:45,东莞轨道交通携手打造轨道交通视讯媒体月日轨道交通号线首期工程视讯媒体资源合作项目签约仪式在东莞广播电视中心举行东莞广播电视台将与东莞市轨道交通有限公司携手打造轨道交通视讯媒体
2014-07-01 10:12,东莞轨道交通工程动态月日虎门火车站号站房结构主体封顶
2014-07-01 10:06,东莞轨道交通工程动态月日上午点伴随着最后一根围护桩的倒下标中间风井吊出井右线盾构区间顺利贯通也标志该标段正线盾构区间的全面贯通
2014-06-27 13:58,东莞轨道交通工程动态月日下午点伴随着震耳欲聋的欢呼声和掌声寮厦站珊美站盾构区间左线盾构机刀盘在寮厦站大里程端头缓缓破土而出进入寮厦站至此寮珊左线隧道实现贯通标志着该区间盾构隧道掘进取得突破性进展
2014-06-24 16:49,#阿布小贴士#,多吃水果太开心太开心
2014-06-24 16:47,夏至来到天热心躁保持平和少发脾气哦
2014-06-19 10:50,东莞轨道交通公司与东莞报业集团开展交流活动为增强与市主流媒体的合作开展工程建设对外宣传结合东莞日报社走基层活动和公司资源开发合作业务的需求月日上午东莞报业集团副社长曾平治一行走进号线蛤地站牵引变电所参观调研随后来司进行了座谈交流
2014-06-19 10:48,东莞轨道交通市物价局全体党员干部赴下桥站参观调研为深入开展党的群众路线教育实践活动月日上午市物价局全体党员在局长梁凤鸣副局长陈志超陈慕齐带领下赴号线下桥站参观调研公司总工程师胡文伟介绍了我司的基本情况市轨道交通线网规划建设规划及号线施工进度等情况
2014-06-19 10:45,东莞轨道交通公司动态月日上午公司开展了中高层管理者企业文化培训提升中高层管理者对企业文化及核心价值观的理解和认识鼓励大家以实际行动践行企业文化和核心价值观作好员工表率自觉地把企业文化建设开展起来推行下去让好的企业文化春风化雨生根发芽深入人心
2014-06-19 10:37,东莞轨道交通市住建局与我司联合主办标活动板房火灾消防应急演练由市住建局举办市安监站与轨道公司协办中铁二局承办的工地活动板房火灾消防应急演练于月日在标东城车辆段成功举行
2014-06-19 10:35,东莞轨道交通东莞新闻栏目聚焦号线铺轨进展自月日下桥站首铺以来号线铺轨工作进展一直成为市民关注的焦点月日下午东莞新闻栏目组记者来到下桥站铺轨基地实地探访铺轨工作情况采访详情在月日晚东莞新闻专题播出
2014-06-13 12:08,东莞轨道交通公司动态月日公司工会举办的第一期瑜伽培训班圆满结束名参训员工顺利结业自月日开班以来参训员工坚持训练磨练技巧基本掌握了身体心灵与精神和谐统一的方法增强了身体力量和肌体弹性达到了强身健体的目的也促进了员工交流和公司文化建设第二期培训班接受报名中鼓掌鼓掌
2014-06-13 12:03,东莞轨道交通公司动态今年是五四运动周年公司团总支通过开展青年文明号创建方案宣贯参观市展览馆道德讲堂表彰优秀团员团总支赠书五项活动引导广大团员青年坚定中国特色社会主义理想信念为轨道交通建设事业贡献青春力量
2014-06-13 11:59,东莞轨道交通公司动态月日日公司名各层级管理人员参加了管理才能发展培训授课老师以务实平易诙谐幽默的风格通过讲授演练讨论案例分析等多元化培训方式让学员全面系统地汲取管理上应具备的知识技巧在工作上充分发挥管理职能做好承上启下工作带动企业整体效能发挥
2014-06-13 11:55,东莞轨道交通公司动态月日下午贵州省发改委领导一行到号线线西平站现场实地参观考察听取了东莞轨道交通线网与周边城市轨道交通国铁珠三角城际轨道交通以及与贵广铁路的换乘及对接情况并预祝号线如期开通运营为东莞市城市建设和经济发展做出贡献
2014-06-13 11:50,东莞轨道交通公司动态为使广大青年团员深入认识东莞了解东莞的城市发展灿烂历史伟大成就和美好未来增强青年团员的归属感与使命感公司团总支于月日日组织公司全体青年团员参观了东莞市展览馆
2014-06-13 11:43,东莞轨道交通公司动态为庆祝公司成立周年月日下午公司工会组织的以团结奋进迎司庆继往开来攀高峰为主题的登山比赛在水濂山举行约名员工参加了活动选手们在比赛中充分展现了顽强拼搏团结互助奋发向上的精神风貌
2014-06-13 11:27,随着夏季的到来被蚊虫叮咬成为常事多学习科普知识更好地避免被蚊虫叮咬吧挤眼挤眼
2014-06-13 11:24,身体是革命的本钱爱生活爱工作首先要学会爱护自己的身体无论是经常喊眼睛好累还是喊腰好痛的亲们请注意时刻提醒自己呵护身心从小细节开始
2014-05-28 10:48,东莞轨道交通公司动态随着轨道交通工程建设的不断推进和运营筹备资源开发等工作逐步展开各项业务迅猛发展员工队伍日益壮大预计年号线开通运营时会员将达人年月日市总工会批复同意市轨道公司工会成立工会联合会归属市总工会管理
2014-05-28 10:46,东莞轨道交通公司动态市轨道公司团总支召开青年文明号创建方案宣贯会介绍了青年文明号含义公司青年文明号创建方案以及近期工作安排
2014-05-28 10:45,东莞轨道交通公司动态月日下午公司党支部组织召开教育实践活动第二环节布置会总结公司教育实践活动第一环节工作传达上级领导重要讲话精神并布置公司教育实践活动第二环节工作公司教育实践活动转入查摆问题开展批评环节
2014-04-30 16:12,东莞轨道交通工程动态月日东莞轨道交通号线第一个轨排在下桥站铺轨基地平稳吊装进入隧道标志着号线轨道铺设工作正式开始工程建设重点由土建施工逐步向机电设备安装转变工程建设进入了新的里程碑
2014-04-24 11:36,东莞轨道交通号线动态月日鸿福路站主体结构最后一块顶板砼浇筑完成标志着号线最大的换乘车站顺利封顶即将进入车站装修及机电设备安装阶段
2014-04-24 11:36,东莞轨道交通公司动态月日公司资源开发部正式成立下设商贸开发室及广告通信室负责我司轨道交通平面广告民用通信商业物业及视讯媒体等策划开发经营管理工作
2014-04-24 11:27,东莞轨道交通公司动态月日公司党支部书记总经理陈波以扎实开展党的群众路线教育实践活动推动东莞轨道交通事业又好又快发展为题为公司名党员上党课要求全体党员认真学习贯彻习近平总书记系列重要讲话精神深刻认识公司内外发展环境扎实开展教育实践活动又好又快推动东莞轨道交通事业发展
2014-04-24 11:24,东莞轨道交通公司动态公司教育实践活动自月日正式启动以来名党员个部门党小组严格按要求按步骤积极开展学习做到领导班子带头学深入现场体验学集中研讨交流学创新形式全员学注重发挥领导带头示范作用搞活学习形式提高学习质量巩固学习效果
2014-03-10 15:22,东莞轨道交通公司动态月日公司召开党的群众路线教育实践活动动员大会对公司开展教育实践活动进行全面动员和部署号召公司全体党员以高度的政治责任感良好的精神状态和扎实的工作作风严格程序把规定动作做到位突出特色把自选动作做精彩为推动东莞轨道交通事业发展作出新的更大贡献
2014-02-26 08:49,东莞轨道交通公司动态月日公司党支部组织党员和入党积极分子共约人观看党的群众路线教育专题片基石使大家在思想上受到触动精神上得到洗礼心灵上得到净化号召大家积极参与教育实践活动牢固树立党的群众观积极投身于公司发展和工程建设中为东莞轨道交通事业添砖加瓦
2014-02-13 11:27,东莞轨道交通公司动态月日市轨道公司领导率春节慰问小组深入线施工现场对土建施工监理等参建单位现场人员进行节日慰问鼓励大家以更加饱满的工作热情投入到年的施工生产中为实现线如期开通运营作出贡献
2014-01-27 08:59,东莞轨道交通公司动态骏马新春到佳节喜讯来月日在东莞市总工会召开的年度全市工会工作总结会上传来喜讯东莞市轨道交通有限公司工会被评为全国模范职工之家据悉全国共个单位获此荣誉其中东莞市有家单位列入
2014-01-16 15:23,东莞轨道交通公司动态银蛇劲舞辞旧岁骏马踏歌迎新春月日公司被东莞市精神文明建设委员会授予年度东莞市精神文明建设先进单位称号
2014-01-16 09:13,东莞轨道交通线动态元月日下午点随着盾构刀盘徐徐转动并探出头来盾构机刀盘在鸿福路站小里程端头墙终于破土而出进入盾构接收井标志着标旗峰公园站鸿福路站区间左线隧道顺利贯通至此旗鸿区间隧道实现双线贯通标主体工程全部完工
2014-01-16 09:12,东莞轨道交通线动态元月日晚上榴花公园站最后一块顶板顺利浇筑完成标志着线最硬车站主体结构施工完成
2013-12-27 12:33,东莞轨道交通线动态线车辆真面目
2013-12-26 12:43,东莞轨道交通线动态月日上午市轨道交通线首列车辆下线活动在南车南京浦镇车辆有限公司举行市政府副秘书长卢汉彪出席活动并和南车集团副总裁楼齐良共同按响汽笛标志着市轨道交通线首列车辆正式下线市轨道办实业集团轨道公司及南京浦镇公司等领导共同见证了首列车辆的下线
2013-12-25 14:03,东莞轨道交通工程动态月日随着盾构机硕大的刀盘缓缓从榴花公园站南端头左线洞门破土而出标志着长达公里的标榴花公园站下桥站区间左线隧道在经过天的掘进后终于顺利贯通
2013-12-24 15:43,东莞轨道交通上传了张照片到微相册网页链接网页链接
2013-12-24 15:21,东莞轨道交通上传了张照片到微相册网页链接网页链接
2013-12-24 15:16,东莞轨道交通上传了张照片到微相册网页链接网页链接
2013-12-24 15:16,东莞轨道交通上传了张照片到微相册网页链接网页链接
2013-12-24 15:15,东莞轨道交通上传了张照片到微相册网页链接网页链接
2013-12-24 15:14,东莞轨道交通上传了张照片到微相册网页链接网页链接
2013-12-24 15:10,东莞轨道交通上传了张照片到微相册网页链接网页链接
2013-12-24 14:51,东莞轨道交通工程动态日标西蛤区间右线盾构区间顺利贯通历时天比原计划提前天该区间全长米地质条件极为复杂洞身穿越上软下硬地层盾构机先后通过处大小不一的孤石群处基岩突起及余米砂层等不良地质最大孤石群沿隧道方向连续米分布最高强度达到
2013-12-20 13:59,东莞轨道交通公司动态月日市委宣讲团成员省委宣传部讲师团团长教授曾凡光来到市轨道公司宣讲党的十八届三中全会精神作了题为全面深化改革开放的行动纲领的报告公司总经理党支部书记陈波主持报告会公司副经理以上管理人员和党员代表约人聆听了报告
2013-12-13 15:40,东莞轨道交通公司动态月日下午线标旗峰公园站主体结构第七段顶板浇筑完成标志着旗峰公园站主体结构顺利封顶按计划完成了关键节点工期目标为后续出入口及风亭施工提供了便利条件
2013-12-06 11:49,#曼德拉逝世#,向这位带给世人温暖的慈祥老者致敬蜡烛蜡烛
2013-12-05 17:12,东莞轨道交通公司动态年月日下午公司企业文化建设咨询项目正式启动预计通过个半月的调研和梳理倾听广大员工的心声凝聚广大员工的智慧不断丰富企业文化内涵为适应新的业务发展需要奠定基础
2013-12-02 15:29,东莞轨道交通工程动态年月日早上点旗鸿区间右线盾构机顺利穿越两条直径米的供水管及簪花路地下通道标志着该区间右线隧道最后一个重要风险点被攻克
2013-12-02 09:40,东莞轨道交通工程动态月日展览中心站至珊展区间中间风井段右线盾构隧道顺利贯通标志着珊展区间盾构隧道取得阶段性的成果为后续展览中心站出入口及号风亭组的施工提供了场地保证
2013-11-28 15:38,东莞轨道交通公司动态月日以热爱人民军队共筑钢铁长城为主题的省南粤杯企业员工国防技能决赛在广州举行我司组队代表东莞市参加比赛展现了良好的精神面貌获得三等奖
2013-11-25 17:31,东莞轨道交通月日上午由东莞市轨道交通有限公司东莞阳光网联合主办的共筑东莞轨道梦共创东莞美好明天参观城市轨道交通线活动顺利举行名阳光网友一起走进线西平站建设工地亲身感受东莞地铁建设的点点滴滴此次零距离接触东莞地铁让网友们惊叹不已更让他们对东莞地铁未来发展充满了期待
2013-11-21 08:53,东莞轨道交通工程动态月日东莞轨道交通线标天宝站附属结构出入口最后一块顶板顺利浇筑完成成为线第一个封顶的出入口
2013-11-21 08:52,东莞轨道交通工程动态月日晚上点西蛤区间右线盾构机已经顺利穿越东莞大道新基河箱涵标志着该区间隧道最后一个地质风险被攻克
2013-11-20 10:24,东莞轨道交通公司动态月日公司党支部中心组集中学习了党的十八届三中全会精神学习省委市委关于学习贯彻党的十八届三中全会精神的部署和要求深刻领会全会对于全面深化改革的重大意义的论述充分把握全会的新思想新论断新观点新目标把思想和行动统一到中央关于深化改革的决策部署上来
2013-11-20 09:30,东莞轨道交通工程动态月日下午时分在建设者们胜利的欢呼声中标盾构机缓缓推出洞口标志着线标陈屋站至盾构吊出井右线盾构区间顺利贯通耶耶
2013-11-20 09:29,东莞轨道交通工程动态月日早上点正在施工的鸿西区间传来好消息左线盾构安全顺利穿越怡丰地下人行通道再次攻克风险点向贯通目标挺进月日时分伴随着阵阵轰鸣声鸿福路站西平站区间左线隧道的海瑞克盾构机破墙而出又一区间贯通了
2013-11-19 16:41,东莞轨道交通公司动态近日月日中国建筑业协会年建筑安全分会在安徽省合肥市召开由中铁一局承建的东莞轨道交通线标土建项目喜获年度全国级安全文明标准化工地称号
2013-11-18 17:55,东莞轨道交通工程动态月日东莞轨道交通线标天宝站耶耶出入口笑哈哈笑哈哈最后一块顶板顺利浇筑完成成为线首个封顶的出入口
2013-11-05 14:43,东莞轨道交通公司动态月日东莞轨道交通记者沙龙成立暨首次交流活动在线蛤地站举行市委宣传部副部长李翠青市轨道办中央省驻莞媒体市各媒体一行人参观了车站主体结构和盾构隧道并进行了深入交流传播好声音传递正能量记者沙龙助力工程建设推动轨道交通事业又好又快发展
2013-10-25 16:22,#东莞新闻#,关注慈善事业人人奉献爱心
2013-10-09 11:29,东莞轨道交通线抢抓黄金季加快建设进度备受关注的线总体进度正有序推进月日上午记者从市轨道交通公司了解到线蛤地到陈屋区间的一段盾构隧道实现了双线贯通转自东莞阳光网
2013-10-08 15:20,东莞轨道交通线铺架东莞彩虹十一长假期间很多人都在利用难得的假期休闲放松而线轨道交通建设的工作人员却依然坚守岗位奋战在工程建设的第一线目前线总体进度正按策划要求安全有序推进转自东莞阳光网
2013-10-08 11:37,#影响中国的东莞人#,转发微博
2013-09-29 16:08,东莞轨道交通公司动态为满足公司管理和业务发展需要结合组织架构调整和工作实际经公司研究决定成立运营分公司并自年月日起正式运作运营分公司下设车务部车辆部维修工程部技术安全部和综合部个部门
2013-09-27 09:52,#微提醒#,转发微博
2013-09-26 09:57,#微分享#,转发微博
2013-09-26 09:57,#东莞新闻#,转发微博
2013-09-25 16:29,东莞轨道交通工作调研月日下午市委书记市人大常委会主任徐建华深入线工地实地调研工程建设情况市委常委常务副市长梁国英市委常委市委秘书长王检养陪同调研在西平站徐建华听取了线网规划和工程情况汇报在蛤地站徐建华深入车站主体结构工程进行调研详细了解工程推进情况
2013-09-22 10:55,#最新消息#,莞香花开莞香花开最新消息欲了解天兔的最新消息可直接上东莞气象局的官方网站网页链接网页链接或登录这个专业的台风网站看天兔走势网页链接网页链接
2013-09-22 10:54,东莞轨道交通团队建设届运营订单班新员工正在军训天的军训生活将全面学习军人刻苦训练坚韧不拔的优良作风和崇高品德使新员工尽快完成从学生到员工的角色转变尽快融入东莞融入团队成长为一名合格的轨道交通员工
2013-09-08 21:27,转发微博
2013-08-31 13:10,东莞轨道交通工程进展线工程建设又传捷报茶山站于月日时顺利封顶目前全线已有个车站主体结构封顶
2013-08-29 10:15,转发微博
2013-08-28 13:50,东莞轨道交通公司动态道德讲堂讲述身边好人的道德故事在新员工培训班上公司专门开展了以爱岗敬业清正廉洁为主题的道德讲堂活动通过唱歌曲学模范诵经典等环节引导广大新员工养成廉洁高尚的道德情操
2013-08-26 16:28,#影响中国的东莞人#,转发微博
2013-08-23 10:26,东莞轨道交通工程进展线工程建设进展顺利目前已有个车站主体结构封顶东莞火车站下桥站天宝站东城站西平站蛤地站寮厦站和展览中心站个区间双线盾构隧道贯通东莞火车站茶山站区间下桥站天宝站区间天宝站东城站区间东城站旗峰公园站区间
2013-08-23 10:25,东莞轨道交通工程概况线首建工程东莞火车站虎门火车站段线路总长公里其中地下线长公里高架线长公里过渡段长公里起始于石龙镇西湖村经茶山东城莞城南城厚街止于虎门镇白沙村全线共设车站座其中高架车站座地下车站座
2013-08-23 10:24,东莞轨道交通资源开发月日东莞广播电视台与市轨道公司举行战略合作框架协议签订仪式市委宣传部副部长东莞广播电视台台长黄永贵与公司总经理陈波签订战略合作框架协议双方将利用各自优势和资源强强联合优势互补力争在年实现轨道交通视频媒体与号线同步开通
