2019-04-11 20:51,#南宁地铁排队日  让文明礼让与您同心同行#,南宁轨道交通南宁地铁排队日让文明礼让与您同心同行南宁地铁排队日让文明礼让与您同心同行南宁地铁排队日让文明礼让与您同心同行
2019-04-09 18:46,#2019年清明节和“壮族三月三”节假日期间南宁地铁线网客运量达320.13万人次#,南宁轨道交通年清明节和壮族三月三节假日期间南宁地铁线网客运量达万人次南宁地铁在清明节和壮族三月三节假日期间月日月日迎来了客流高峰期间南宁地铁线网总客运量达万人次日均客运量万人次其中号线总客运量万人日均客运量万人号线总展开全文
2019-03-19 17:30,#2019年“中国杯”国际足球锦标赛期间南宁地铁将延长1、2号线运营服务时间#,南宁轨道交通年中国杯国际足球锦标赛期间南宁地铁将延长号线运营服务时间年中国杯国际足球锦标赛将于月日月日在广西体育中心举行为更好的服务赛事满足广大球迷的出行需求在中国杯比赛日期间南宁地铁号线将延长运营服务时间具体如下一月日周四月展开全文
2019-02-27 11:48,文明出行安全出行
2019-02-27 01:13,咩也戳咩也戳回复发达南方树叶南方树叶窮途潦島島主窮途潦島島主邕州君邕州君咩也戳咩也戳南宁轨道交通南宁轨道交通南宁交通运输南宁交通运输南宁发布南宁发布南宁什么时候能在地铁推出类似的宣传片摊手摊手
2019-02-19 16:18,南宁轨道交通年味浓转淡鞭炮声渐悄元宵佳节万家团圆赏花灯猜灯谜吃汤圆作为春节年俗的末班车南宁地铁将伴随您准时抵达每一个幸福终点顺利开启新一轮美好征程祝您幸福美满团团圆圆
2019-02-13 09:37,#嘿兄弟！你的新年红包落在南宁地铁站啦！#,南宁轨道交通嘿兄弟你的新年红包落在南宁地铁站啦月日正值大年初七大家伙可能都赶着回城上班一路上匆匆忙忙不免忙中出了点小差错这不有位穿红衣服的男乘客就不小心在西乡塘地铁站站台落下了个大红包还好有我们拾金不昧的保洁阿姨梁阿姨在细心工作的时候发现了这个十分厚重的大红包展开全文
2019-02-11 16:29,#2019年春节假期南宁地铁线网总客运量达229.59万人次#,南宁轨道交通年春节假期南宁地铁线网总客运量达万人次年春节假期期间月日至月日南宁地铁线网总客运量万人次同比去年增加其中号线客运量万人次号线客运量万人次春节假期南宁地铁共开行列车列次其中号线共计开行列车列次号展开全文
2019-01-25 15:24,#南宁地铁多措并举助力春运市民便捷出行#,南宁轨道交通南宁地铁多措并举助力春运市民便捷出行年春运期间为全力做好春运地铁运营保障工作南宁地铁多措并举确保春运期间乘客安全快捷有序出行温暖春运平安出行南宁地铁多措并举助力春温暖春运平安出行南宁地铁多措并举助力春
2019-01-13 19:06,#公告：即日起“南宁轨道交通”官方App将暂停微信、支付宝方式进行余额充值#,南宁轨道交通公告即日起南宁轨道交通官方将暂停微信支付宝方式进行余额充值您好很抱歉通知您接有关部门紧急通知南宁轨道交通官方将于年月日起暂停通过微信支付宝方式进行余额充值届时官方余额充值将只保留银行卡充值途径对您造成的不便我们表示深深的歉意也请您谅解展开全文
2019-01-11 08:33,#《南宁速度》 | 南宁轨道交通集团首部微电影官宣啦！#,南宁轨道交通南宁速度南宁轨道交通集团首部微电影官宣啦南宁速度南宁轨道交通集团首部微电影南宁速度南宁轨道交通集团首部微电影
2019-01-02 11:30,#南宁地铁2019年元旦假期总客运量达249.56万人次，单日客运量93.30万人次，创历史新高！#,南宁轨道交通南宁地铁年元旦假期总客运量达万人次单日客运量万人次创历史新高年元旦假期年月日年月日南宁地铁线网客运量达万人次运营情况总体平稳有序月日南宁地铁线网客运量万人次创历史单日新高号线客运量万人次创号线客运量展开全文
2019-01-01 15:53,#南宁轨道交通集团祝市民朋友们元旦快乐！#,南宁轨道交通南宁轨道交通集团祝市民朋友们元旦快乐南宁轨道交通的秒拍视频南宁轨道交通的秒拍视频
2018-12-29 19:48,南宁轨道交通跨年夜南宁地铁运营服务时间延长至为满足广大乘客月日跨年夜的乘车需求进一步提高轨道交通的运营服务质量更好的满足乘客出行需求月日跨年夜南宁地铁号线延长运营服务时间小时调整后号线运营服务时间为其中号线行车间隔分钟展开全文
2018-12-29 08:34,#南宁地铁与乘客共庆生日！#,南宁轨道交通南宁地铁与乘客共庆生日南宁地铁与乘客共庆生日南宁地铁与乘客共庆生日
2018-12-29 08:32,#逐梦前行，我们正年轻 ——南宁轨道交通十周年总结大会在集团公司举行#,南宁轨道交通逐梦前行我们正年轻南宁轨道交通十周年总结大会在集团公司举行逐梦前行我们正年轻南宁轨道交通十周年逐梦前行我们正年轻南宁轨道交通十周年
2018-12-29 08:30,#南宁轨道交通“寻找最美地铁乘客”活动圆满收官#,南宁轨道交通南宁轨道交通寻找最美地铁乘客活动圆满收官南宁轨道交通寻找最美地铁乘客活动圆满收官南宁轨道交通寻找最美地铁乘客活动圆满收官
2018-12-11 16:21,#南宁轨道交通集团热烈庆祝广西壮族自治区成立六十周年！#,南宁轨道交通南宁轨道交通集团热烈庆祝广西壮族自治区成立六十周年南宁轨道交通的秒拍视频南宁轨道交通的秒拍视频
2018-12-08 18:40,#温馨提示：“地铁+BRT”方便快捷前往园博园#,南宁轨道交通温馨提示地铁方便快捷前往园博园南宁园博园将于月日正式对公众开放在此我们温馨提示广大市民朋友可选择便捷的地铁方式前往园博园参观乘车路线为搭乘地铁到号线金象站下车从口出站换乘号线路
2018-12-07 17:34,#壮乡地铁致敬自治区成立60周年——60大庆主题车站和专列亮相1号线民族广场站#,南宁轨道交通壮乡地铁致敬自治区成立周年大庆主题车站和专列亮相号线民族广场站在广西壮族自治区成立周年之际为充分展示改革开放年和自治区成立年来广西和南宁市经济社会发展取得的巨大成就月日南宁轨道交通集团专门设计制作的致敬大庆主题车站和专列在地铁号线首次亮相为展开全文
2018-12-07 17:14,南宁轨道交通南宁轨道交通南宁轨道交通南宁轨道交通南宁轨道交通南宁轨道交通大家一起来投票吧支持你心中地铁最美故事
2018-12-06 20:46,南宁轨道交通南宁轨道交通南宁轨道交通南宁轨道交通大家一起来投票吧支持你心中地铁最美故事
2018-12-05 14:51,南宁轨道交通南宁轨道交通大家一起来投票吧支持你心中地铁最美故事
2018-12-05 14:47,南宁轨道交通地铁新玩法二维码乘车上线啦地铁新玩法二维码乘车上线啦地铁新玩法二维码乘车上线啦
2018-12-04 17:14,大家一起来投票吧支持你心中地铁最美故事
2018-12-03 17:18,南宁轨道交通年月日日寻找最美地铁乘客活动正式进入投票阶段啦经过个月的搜寻最具代表性的位最美地铁乘客都在这里了经过大家的投票评选最终排名前的最美地铁乘客将有机会成为南宁地铁年度安全文明乘车形象大使为南宁地铁代言哦谁将是最终名最美地铁乘客由展开全文
2018-11-27 16:57,#调整运营时间 开辟“绿色通道”——南宁地铁助力第十三届南宁国际马拉松比赛#,南宁轨道交通调整运营时间开辟绿色通道南宁地铁助力第十三届南宁国际马拉松比赛第十三届南宁国际马拉松比赛暨第三十六届南宁解放日长跑活动将于年月日在南宁举行南宁地铁为更好服务于参赛人员及观看赛事的市民将于月日赛事当日做如下安排南宁轨道交展开全文
2018-10-31 12:59,#  11月1日起，南宁地铁运营服务时间延长至23：00#,广而告之
2018-10-30 19:23,#南宁国际旅游中心（一期工程）竣工#,南宁轨道交通南宁国际旅游中心一期工程竣工年月日南宁国际旅游中心一期工程竣工作为南宁市重要公共服务设施和民生工程南宁国际旅游中心将成为南宁市民游客出游的首要选择打造食住行游购娱一站式全方位服务平台南宁国际旅游中心一期工程共分层每层都有不同的服务功能一展开全文
2018-10-30 19:21,# 南宁市五象—壮锦立交二期工程正式开工#,南宁轨道交通南宁市五象壮锦立交二期工程正式开工年月日五象壮锦立交二期工程正式开工建设开工现场会在南宁市五象壮锦立交二期工程项目现场举行由南宁市人民政府副秘书长市重点办轨道办主任梁明志主持南宁轨道交通集团有限责任公司党委副书记总经理黄钟晖介绍了项目情况南宁市展开全文
2018-10-30 19:14,#  11月1日起，南宁地铁运营服务时间延长至23：00#,南宁轨道交通月日起南宁地铁运营服务时间延长至根据南宁地铁的客流变化情况为更好地满足乘客出行需求南宁地铁将调整号线运营服务时间具体调整情况如下自年月日起南宁地铁号线运营服务时间由目前的延长至调整后的运营服务时间为其展开全文
2018-10-15 16:14,双鱼望南宁地铁南湖站通道里人不多白墙绿边干净整洁南宁琅西南宁琅西
2018-10-12 17:05,#南宁轨道交通最长盾构区间双线贯通#,南宁轨道交通南宁轨道交通最长盾构区间双线贯通南宁轨道交通号线五象岭站玉象路站区间以下简称五玉区间左线于月日顺利贯通在参建各方的不懈努力下五玉区间右线盾构机信和五号于月日顺利出洞标志着南宁轨道交通已建和在建项目中最长盾构区间实现双线贯通为号线全线隧道贯通奠定了坚实的展开全文
2018-10-08 11:17,#2018年国庆假期南宁地铁线网客运总量达到517.46万人次，单日客运量创新高！#,南宁轨道交通年国庆假期南宁地铁线网客运总量达到万人次单日客运量创新高年国庆假期期间月日月日南宁地铁线网客运总量达到万人次月日国庆节当日南宁地铁线网客运量达到万人次创历史单日新高其中号线客运量万人次同比去年月日增长展开全文
2018-10-02 13:53,#90.85万人次！国庆假期首日南宁地铁线网单日客流再创新高#,南宁轨道交通万人次国庆假期首日南宁地铁线网单日客流再创新高月日南宁地铁线网客运量达到万人次创线网单日客流新高其中号线客运量达到万人次同比去年月日增长号线客运量万人次创号线单日客流新高为保障国庆假期地铁运营平稳有序南宁地铁展开全文
2018-10-01 11:16,#9月30日南宁地铁线网客运量突破85万，再创新高！#,南宁轨道交通月日南宁地铁线网客运量突破万再创新高月日南宁地铁号线总客运量达人次再创新高其中号线日客运量人次新高换乘量人次号线日客运量人次新高换乘量人次自年月日至年月日南宁地铁总客运量约展开全文
2018-09-29 17:40,南宁轨道交通年月日上午伴随着南宁轨道交通号线金凯路站盾构机铁龙号刀盘缓缓转动向前推进号线首台盾构机正式始发标志着号线工程正式进入盾构施工阶段
2018-09-29 17:33,南宁轨道交通广西日报广西日报南宁发布南宁发布广西日报广西日报人民日报人民日报央视新闻央视新闻南宁交通运输南宁交通运输南宁市民卡公司南宁市民卡公司广西交通台广西交通台中国东盟博览会中国东盟博览会广西电台私家车广西电台私家车南宁气象南宁气象交通台交通台中国文明网中国文明网文明广西文明广西文明南宁文明南宁最美地铁乘客中秋刚过深秋将至天气开始慢慢转凉但竟一点也不觉得冷因为总有一种温暖来自陌生人展开全文
2018-09-29 16:59,#   9月30日至10月7日南宁地铁1、2号线运营服务时间将延长至23：00#,南宁轨道交通月日至月日南宁地铁号线运营服务时间将延长至为更好的满足节假日期间广大乘客的出行需求保障十一国庆节假期乘客出行安全便利舒适假期前一工作日及国庆节假期间南宁地铁号线号线均延长运营服务时间分钟即年月日至月日号线延长运营服务时展开全文
2018-09-25 16:53,南宁轨道交通年中秋节期间月日日南宁地铁线网总运送乘客万人次日均客运量为万人次其中号线运送乘客万人次日均客运量为万人次号线运送乘客万人次日均客运量为万人次期间线网共开行列次列车正点率达运行图兑现率达中秋展开全文
2018-09-24 15:24,人民日报暖摩托车主挡住车流守护拄拐老人过马路心心月日广西贺州一位拄拐老人步履蹒跚欲通过马路行至一半时信号灯变了车辆纷纷前行老人不知所措一摩托车主突然穿过车流将车辆逼停等待老人通过贺州交警贺州交警他挺身而出的背影真帅人民日报的秒拍视频人民日报的秒拍视频
2018-09-19 18:19,#绿色出行 从身边做起 #,南宁轨道交通绿色出行从身边做起月日至日是公交出行宣传周本次宣传周主题为绿色出行从身边做起感谢大家长期以来对南宁地铁的关心和支持在此我们倡议广大市民乘客朋友尽量选乘公共交通工具绿色文明出行从你我做起从身边做起南宁地铁将一如既往竭诚为您服务
2018-09-19 18:17,南宁轨道交通最美地铁乘客我加入我承诺一起寻找地铁里最美的最美地铁乘客我加入我承诺一起寻找地最美地铁乘客我加入我承诺一起寻找地
2018-09-16 18:56,#南宁轨道交通集团运营分公司青年志愿者圆满完成“两会”志愿服务工作#,南宁轨道交通南宁轨道交通集团运营分公司青年志愿者圆满完成两会志愿服务工作南宁轨道交通集团运营分公司青年志愿者圆满完南宁轨道交通集团运营分公司青年志愿者圆满完
2018-09-16 18:56,#第15届中国-东盟博览会南宁地铁单日客流再创新高#,南宁轨道交通第届中国东盟博览会南宁地铁单日客流再创新高第届中国东盟博览会中国东盟商务与投资峰会以下简称两会期间年月日月日南宁地铁迎来客流小高峰两会期间总客运量为万人次日均客运量约万人次月日两会的公众开放日恰逢周末当天线网及号展开全文
2018-09-14 08:20,#2018东博会#,羞嗒嗒羞嗒嗒羞嗒嗒羞嗒嗒羞嗒嗒羞嗒嗒
2018-09-08 10:10,南宁轨道交通第届中国东盟博览会期间南宁地铁将提前制作预售票号线会展中心站口将限时专用月日东博会期间为让客商便捷地往来展馆缓解会期地铁人流量过多的问题南宁地铁将提前制作地铁预售票同时南宁地铁号线会展中心站口将临时专用具体事项通知如下一为缓解会期地铁人流量过多的展开全文
2018-09-07 17:39,#第15届中国—东盟博览会期间南宁地铁 1号线调整运营服务时间#,南宁轨道交通第届中国东盟博览会期间南宁地铁号线调整运营服务时间为更好服务第届中国东盟博览会满足广大乘客出行需要南宁地铁将对号线运营时间进行调整具体调整时间如下一月日南宁地铁号线首班车提前至开始运营调整后的运营服务时间为二月展开全文
2018-09-07 17:39,#南宁地铁开展迎“两会”系列服务保障工作#,南宁轨道交通南宁地铁开展迎两会系列服务保障工作南宁地铁开展迎两会系列服务保障工作南宁地铁开展迎两会系列服务保障工作
2018-08-21 11:00,#运营分公司举办“七夕寻缘，爱在南轨”联谊交友系列活动#,南宁轨道交通运营分公司举办七夕寻缘爱在南轨联谊交友系列活动运营分公司举办七夕寻缘爱在南轨联谊交友运营分公司举办七夕寻缘爱在南轨联谊交友
2018-08-21 10:59,#【最美地铁乘客】“地铁宝宝”现身朝阳站，献上锦旗感谢一个月前的“救命之恩”！#,南宁轨道交通最美地铁乘客地铁宝宝现身朝阳站献上锦旗感谢一个月前的救命之恩最美地铁乘客地铁宝宝现身朝阳站献上最美地铁乘客地铁宝宝现身朝阳站献上
2018-08-18 10:20,#有爱的一天，南宁地铁感动全城#,南宁轨道交通有爱的一天南宁地铁感动全城有爱一天今天的地铁感动全城有爱一天今天的地铁感动全城
2018-08-16 18:14,#“我与地铁共成长”摄影大赛获奖作品最佳人气奖投票#,南宁轨道交通我与地铁共成长摄影大赛获奖作品最佳人气奖投票网页链接网页链接
2018-08-16 18:13,#“我与地铁共成长”摄影大赛参赛作品评选结果#,南宁轨道交通我与地铁共成长摄影大赛参赛作品评选结果我与地铁共成长摄影大赛参赛作品评选结果我与地铁共成长摄影大赛参赛作品评选结果
2018-08-16 18:12,#关于网传南宁地铁3号线提前2个月开通试运营的声明#,南宁轨道交通关于网传南宁地铁号线提前个月开通试运营的声明近期关于网传南宁地铁号线提前个月开通试运营消息并不准确目前号线各项工作正在稳步推进中尚无提前开通试运营的计划仍以年年中试运营为目标请广大市民朋友不信谣不传谣一切有关号线试运营的信息以最终官方发布为准展开全文
2018-08-13 15:21,#南宁轨道交通集团工会组织开展2018年“送清凉”慰问活动#,南宁轨道交通南宁轨道交通集团工会组织开展年送清凉慰问活动南宁轨道交通集团工会组织开展年送清凉南宁轨道交通集团工会组织开展年送清凉
2018-08-13 15:20,#南宁轨道交通集团在广西第六届职工职业技能大赛决赛再创佳绩#,南宁轨道交通南宁轨道交通集团在广西第六届职工职业技能大赛决赛再创佳绩南宁轨道交通集团在广西第六届职工职业技能大南宁轨道交通集团在广西第六届职工职业技能大
2018-08-08 10:39,#维护出入口秩序 争做文明市民#,南宁轨道交通维护出入口秩序争做文明市民自南宁轨道交通号线号线开通以来极大方便了广大市民出行然而随之而来的地铁出入口电动车自行车乱停放等现象也日益加剧为维护地铁口秩序更好地保障市民出行针对地铁车站出入口电动车共享单车乱停乱放电摩揽客等违法违规现象南宁轨道交通展开全文
2018-08-07 15:12,转发微博
2018-08-07 11:43,#广西南宁 儿童走失事件高发 家长别大意#,南宁轨道交通广西南宁儿童走失事件高发家长别大意广西南宁儿童走失事件高发家长别大意广西南宁儿童走失事件高发家长别大意
2018-08-06 16:23,南宁地铁公安月日上午南宁地铁公安分局开展以不忘初心牢记使命为主题的讲述首府警察故事文化活动活动邀请南宁轨道集团运营分公司负责地铁安检的恒安卫士华信中安南宁分公司民警辅警公安家属代表到场观看现场通过诗朗诵快板小品吉他弹唱等形式集中表现地铁公安在维护地铁安全运营展开全文
2018-08-01 16:39,#热烈庆祝中国人年民解放军建军91周年#,南宁轨道交通热烈庆祝中国人年民解放军建军周年网页链接网页链接
2018-08-01 16:38,#【最美地铁乘客】揪心了，两个12岁的小姐姐带3岁妹妹乘地铁走丢，幸亏……#,南宁轨道交通最美地铁乘客揪心了两个岁的小姐姐带岁妹妹乘地铁走丢幸亏网页链接网页链接
2018-07-20 11:27,#用心出发 汇爱南轨#,南宁轨道交通用心出发汇爱南轨用心出发汇爱南轨用心出发汇爱南轨
2018-07-12 08:55,南宁轨道交通地铁正能量逃学威龙这部电影想必大家并不陌生今天在麻村地铁站工作人员就捡到一名约岁从某幼儿园逃学回家的小萌人月日上午分左右麻村站工作人员在站厅端看到一名约岁的男童独自在大厅内徘徊上前询问后得知他无家长陪同由于年纪太小也说不出家长姓名电话号码展开全文
2018-07-11 17:18,#“我与地铁共成长”摄影大赛作品征集#,南宁轨道交通我与地铁共成长摄影大赛作品征集我与地铁共成长摄影大赛作品征集我与地铁共成长摄影大赛作品征集
2018-07-11 17:16,#【寻找最美地铁乘客】 乘客地铁突发疾病，外国留学生出手相助#,南宁轨道交通寻找最美地铁乘客乘客地铁突发疾病外国留学生出手相助寻找最美地铁乘客乘客地铁突发疾病外寻找最美地铁乘客乘客地铁突发疾病外
2018-07-10 10:22,#地铁正能量 ——烈日下的红马甲 #,南宁轨道交通地铁正能量烈日下的红马甲月日时左右一名行动不便的老人在安吉客运站安保人员的陪同下乘坐下行列车到达秀厢站寻求车站工作人员的帮住工作人员接到求助后立即安排工作人员林格安保人员马建达到现场帮扶乘客尝试联系老人家属未果车站当即决定安排人护送老人回家并寻求地展开全文
2018-07-08 12:57,南宁轨道交通声明近日网传在中国发布小猪佩奇联名公交地铁卡在推送的文章中声称南宁市为能免费领取此卡的城市之一在此南宁地铁严正声明目前未与相关企业合作未制作销售上述卡片南宁地铁开展的相关活动均会通过南宁轨道交通官方微信公众号微博及南宁轨道交通进行发布请广大展开全文
2018-07-04 16:19,#“七一”唱响新时代·南宁地铁党旗红#,南宁轨道交通七一唱响新时代南宁地铁党旗红网页链接网页链接
2018-07-03 19:27,南宁轨道交通地铁正能量月日上午左右一名老人因找不到回家的路不断在在三十三中站厅徘徊安保和警务室人员发现后将其带回警务室休息并尝试与老人的亲属联系老人手带一个电话手表表示电话手表里有家人的电话但电话手表没电了值班民警詹继宗和老人沟通过程中得知老人是从口进站面对老展开全文
2018-07-03 19:26,南宁轨道交通正能量年月日南宁地铁首通两周年南宁地铁收到一封来自湖北恩施一位八十岁的老中医乘客发来的电子感谢信乘客在信中对地铁工作人员高尚的品质表示赞扬并衷心的感谢地铁工作人员让他的医学资料宝包失而复得据悉该名失主前几个星期来南宁参加全国中医大会不慎在动物园站遗失了自己展开全文
2018-07-02 09:37,南宁轨道交通近日南湖站迎来了一批特殊的乘客他们一行二十人来自广西各地前来南宁参加残疾人代表大会此次前来也是特地来乘坐南宁地铁感受南宁日新月异的变化车控室得知这个消息后立刻安排了几位车站工作人员前往站台接应这一批特殊的乘客热情的为他们讲解并一路陪同出站乘客们对南湖站表示感展开全文
2018-07-02 00:08,#致敬七一党的生日，不忘初心，永葆先进#,南宁轨道交通致敬七一党的生日不忘初心永葆先进我是党员我在南宁地铁致敬七一党的生日不忘初心永葆先进二致敬七一党的生日不忘初心永葆先进二
2018-07-02 00:07,#致敬七一党的生日，不忘初心，永葆先进#,南宁轨道交通致敬七一党的生日不忘初心永葆先进我是党员我在南宁地铁致敬七一党的生日不忘初心永葆先进一致敬七一党的生日不忘初心永葆先进一
2018-06-29 10:45,南宁轨道交通南宁地铁可先乘车后付费啦还有礼品领取呢南宁地铁可先乘车后付费啦还有礼品领取呢南宁地铁可先乘车后付费啦还有礼品领取呢
2018-06-28 21:55,南宁轨道交通年月日当清晨的第一缕晨光照在你闪亮的皮肤上我知道这个城市从此开始将会流传很多关于你的故事那天清晨人们欣喜着你的到来激动地站在你身边泪流满面为你骄傲为你自豪为你诞生在这个城市倍感荣耀他们纷纷掏出手机拍下你和他们的记忆就像看待一个新生的漂亮的宝宝展开全文
2018-06-22 17:49,南宁轨道交通南宁轨道交通集团有限责任公司运营分公司招聘公告南宁轨道交通集团有限责任公司运营分公司招聘南宁轨道交通集团有限责任公司运营分公司招聘
2018-06-22 17:48,"#中考考生""福利""来啦！可凭准考证免费搭乘南宁地铁#",南宁轨道交通中考考生福利来啦可凭准考证免费搭乘南宁地铁年中考即将来临为了给全市中考考生提供方便快捷的出行和优质服务在月日至日中考期间全市广大中考考生可凭准考证在南宁地铁号线免费搭乘地铁同时南宁地铁将在线网各站点增派工作人员协助引导考生优先进出站为全市中展开全文
2018-06-19 16:21,南宁轨道交通正能量年月日下午分大沙田站车控室接到火车站通知下行方向的列车上有一位行动不便的乘客将会在大沙田站下车车控室接到通知后立即通知站台岗接应分列车进站站台岗通知车控室这位行动不便的乘客已经到达车站现在已经在垂梯等候车控室随后安排了一名车站人员在站厅垂展开全文
2018-06-19 11:00,#  2018年“端午”假期 南宁地铁线网运营平稳有序 #,南宁轨道交通年端午假期南宁地铁线网运营平稳有序年端午假期期间月日至月日南宁地铁号线线网各设备运行稳定客流平稳有序线网总客运量为万人次日均客运量为万人次其中号线客运量约万人次日均客运量为万人次号线客运量约万人次展开全文
2018-06-15 17:15,南宁轨道交通端午佳节到浓情粽飘香五色新丝缠角粽金盘送生绡画扇盘双凤月日是中国的传统节日端午节端午节是怎样由来的端午节有哪些传统活动呢端午节的必备食物粽子有着怎样的身世粽子又应该如何制作呢月日上午南宁地铁的工作人员来到了南宁澳星幼儿园把这些知识教给幼展开全文
2018-06-12 22:32,#寻找“最美地铁乘客”征集令#,南宁轨道交通寻找最美地铁乘客征集令您在日常乘坐地铁时是否遇到过最美地铁乘客现在我们正式发出征集令共同寻找最美地铁乘客请记录下您遇到的感人瞬间发现地铁中的好人好事展开全文
2018-06-12 16:10,南宁轨道交通寻人启事你身边有没有这么美的人求介绍大家好前阵子南宁地铁组织开展了寻找最美地铁乘客活动旨在寻找发生在地铁里的好人好事和感人故事鼓励大家发现身边的美好展开全文
2018-06-12 09:26,南宁轨道交通地铁正能量月日一名女乘客在大沙田出站时表示自己需要补票但是未携带现金向票厅寻求帮助票厅了解情况后立即向车控室汇报车控室人员向乘客了解情况并给予乘客现金补超程的费用同时告知乘客以后乘车可以买直达目的地的车站不需要买到换乘站且身上要随时携带部分现金会比较方便乘展开全文
2018-06-12 09:24,南宁轨道交通地铁正能量月日一名女学生来到大沙田客服中心的窗前寻求帮助经询问得知原来她在学校的时候不小心把钱包弄丢了而且身上没有携带手机家住石埠距离较远不知道如何回家经向车控室汇报情况后值班站长急忙到现场了解情况随后带女学生去云购机自己掏腰包给她买了一张到石埠站的车票展开全文
2018-06-12 09:13,南宁轨道交通南宁轨道交通十周年系列活动我与地铁共成长摄影大赛优秀作品征集启事不知从何时起我们开始选择用镜头记录下最精彩的瞬间地铁与城市的发展息息相关地铁延伸到哪里生活的空间就延伸到哪里它每天周而复始承载无数的过客逐渐也成为城市文明中最有趣的灵魂记忆体每天这里都上演展开全文
2018-06-07 16:32,南宁轨道交通数年寒窗苦读今朝亮剑试锋一年一度的高考如期而至为了给学子提供一个良好的考试环境高考期间南宁轨道交通在建项目部分标段根据要求暂停施工为更好地服务广大考生南宁轨道交通集团主动承担起社会责任积极开展爱心助考公益活动助力高考学子取得优异成绩网页链接网页链接
2018-06-05 18:25,南宁轨道交通南宁地铁将于月日日两天开展爱心助考活动高考考生可出示高考准考证在号线全线各站点免费乘坐地铁南宁地铁还将在临近考点的个车站设置助考服务点为需要帮助的考生提供爱心文具袋赴考路线咨询医药箱等服务南宁地铁助力高考开辟免费绿色通道南宁地铁助力高考开辟免费绿色通道
2018-06-04 18:17,#南宁轨道交通十周年系列活动——“大手牵小手 地铁伴成长”六一亲子活动#,南宁轨道交通南宁轨道交通十周年系列活动大手牵小手地铁伴成长六一亲子活动网页链接网页链接
2018-06-01 11:02,南宁轨道交通我心中的地铁六一少儿美术展参赛作品展示一我心中的地铁六一少儿美术展参赛作品展示我心中的地铁六一少儿美术展参赛作品展示
2018-06-01 10:57,#我心中的地铁“六一”少儿美术展参赛作品收集情况及作品展出启事#,南宁轨道交通我心中的地铁六一少儿美术展参赛作品收集情况及作品展出启事我心中的地铁六一少儿美术展参赛作品收集情我心中的地铁六一少儿美术展参赛作品收集情
2018-06-01 10:56,#南宁市轨道交通2号线东延工程首座车站封顶#,南宁轨道交通南宁市轨道交通号线东延工程首座车站封顶年月日随着那福路站最后一块顶板的浇筑标志着号线东延线实现首座车站主体结构封顶这是号线东延土建工程施工整体推进的又一大重要节点
2018-05-31 16:12,南宁轨道交通地铁正能量月日一名女性乘客从新民路搭乘地铁到万象城站下车后身体感到不适现场求助于车站工作人员值班站长黄小英立即响应并携带医药箱到达现场细心照料并为其擦汗数次递送温糖水照顾她至身体好转联系家人告知详情并与其家人陪同乘客出站乘客致电服务热线表示感谢万象城站展开全文
2018-05-31 15:50,南宁轨道交通地铁正能量近日南宁地铁收到一封来自桂林乘客的感谢信乘客在信中对地铁员工给予衷心的感谢并对南宁地铁的工作给予高度的认可年月日乘客黄先生在南宁地铁火车站准备乘坐号线前往火车东站购票后发现自己的手拉车轮子坏了火车站地铁站的一名保安发现后找绳子帮忙把黄先生的手拉展开全文
2018-05-30 10:08,南宁轨道交通近日南宁地铁会展中心站开展了欢庆六一平安前行儿童乘车安全教育活动青秀区艾德维儿幼儿园多位小朋友在老师和地铁工作人员的带领下来到会展中心站学习地铁安全小知识
2018-05-25 13:00,#地铁乐分享#,郑州地铁地铁乐分享公安教普通人如何面对持刀歹徒这才是正确的求生方式真的太实用了一定要学会加油加油转发扩散人民日报十堰网警巡查执法的秒拍视频十堰网警巡查执法的秒拍视频
2018-05-21 18:01,南宁轨道交通搭一班春天的地铁驶向爱情圆满的彼端这是新时代爱情的浪漫回忆在这样一个特殊的日子南宁轨道交通把爱情搬上了列车把感动洒满了绿城第二届南宁地铁公益汉式集体婚礼完成了爱情的古今穿越点燃了绿城南宁的爱情之火
2018-05-18 17:56,南宁轨道交通南宁轨道交通集团喜获年南宁市职工职业技能大赛集体与个人多个奖项月日上午南宁市总工会举办了年南宁市职工职业技能大赛启动仪式暨年南宁市职工职业技能大赛获奖单位和个人颁奖仪式南宁轨道交通集团荣获集体奖项个个人奖项个年南宁轨道集团工会在市总工会大力帮助和支展开全文
2018-05-18 17:55,南宁轨道交通南宁轨道交通集团喜获年南宁市职工职业技能大赛集体与个人多个奖项月日上午南宁市总工会举办了年南宁市职工职业技能大赛启动仪式暨年南宁市职工职业技能大赛获奖单位和个人颁奖仪式南宁轨道交通集团荣获集体奖项个个人奖项个年南宁轨道集团工会在市总工会大力帮助和支展开全文
2018-05-18 17:49,#南宁地铁5号线金凯路站首块底板顺利浇筑完成<br/>#,南宁轨道交通南宁地铁号线金凯路站首块底板顺利浇筑完成月日南宁地铁号线金凯路站主体结构首块底板顺利浇筑完成这也是号线自开工建设以来全线首块浇筑的底板标志着全线已逐步进入车站主体结构施工阶段金凯路站是南宁地铁号线自南向北建设的第座车站为地下两层单柱双跨矩形结构型式地势起展开全文
2018-05-18 17:48,#南宁地铁4号线体育中心东站-良庆大桥南站右线顺利贯通#,南宁轨道交通南宁地铁号线体育中心东站良庆大桥南站右线顺利贯通近日南宁地铁号线又传捷报体育中心东站良庆大桥南站右线盾构隧道顺利贯通号线体育中心东站良庆大桥南站右线区间总长区间线间距隧道顶部埋深约采用土压平衡盾构法施工隧道净空尺寸为线路主要展开全文
2018-05-18 17:46,#南宁地铁开展全国助残日活动#,南宁轨道交通南宁地铁开展全国助残日活动月日是第次全国助残日中国残联将此次助残日主题定为全面建成小康社会残疾人一个也不能少南宁地铁作为公共交通的重要组成部分一直以来重视残疾人的出行需求为进一步提升南宁地铁运营服务水平了解残疾人群体对于运营服务提升的相关意见和建议同时展开全文
2018-05-14 16:13,南宁轨道交通地铁正能量年月日下午分南宁地铁大沙田站一名女乘客背着一名婴儿手里拖着一个行李箱焦急在站厅行走青年文明号岗工作人员便上前询问乘客是否需要帮助经乘客描述她刚得知自己的母亲生病住院着急去柳州看望母亲因出门太着急手机未充电也没有携带现金去往柳州的车票还未展开全文
2018-05-09 17:52,#关爱“准妈咪”出行 南宁地铁即将推出专属徽章#,南宁轨道交通关爱准妈咪出行南宁地铁即将推出专属徽章南宁地铁将于年月日母亲节当日在朝阳广场站开展关爱孕妈同心同行活动启动仪式活动后将推出准妈咪徽章保障孕妈安全出行届时有需要的孕妈可由本人前往任一车站客服中心领取每人限领一枚孕妈领取徽章后可在搭乘地铁时佩戴车展开全文
2018-05-08 17:41,南宁轨道交通小朋友们赶紧拿起你们的画笔来描绘你们心中的南宁地铁吧
2018-05-06 13:21,#南宁轨道交通十周年系列活动——青春健步行 幸福地铁人#,南宁轨道交通南宁轨道交通十周年系列活动青春健步行幸福地铁人为纪念五四运动周年丰富集团公司青年干部职工文化生活展现朝气蓬勃健康向上的精神风貌月日南宁轨道交通集团公司在南湖公园顺利举行以青春健步行幸福地铁人为主题的年环南湖绿色健步走活动集团公司领导班子成员以及展开全文
2018-05-04 17:23,#“情定铁建工地 爱在轨道交通”青年集体婚礼#,南宁轨道交通情定铁建工地爱在轨道交通青年集体婚礼年月日上午正值五四青年节由南宁轨道交通集团有限责任公司建设分公司中铁建北部湾建设投资有限公司中铁二十四局集团轨道交通公司联合承办的大型集体婚礼在南宁轨道交通号线秀峰路铺轨基地隆重举行参加此次集体婚礼的共有来展开全文
2018-05-04 17:18,#“青春建功新时代 南宁青年争先锋”主题团日活动成功举办#,南宁轨道交通青春建功新时代南宁青年争先锋主题团日活动成功举办五四青年节月日由共青团南宁市委主办共青团南宁轨道交通集团有限责任公司委员会承办的纪念五四运动周年暨青春建功新时代南宁青年争先锋主题团日活动在南宁地铁一号线南宁青年地铁专列内举行共青团广西区委书记李楚共展开全文
2018-05-04 17:08,南宁轨道交通今天五四青年节让我们向青春致敬幸福都是奋斗出来的奋斗的青春最美丽
2018-05-03 17:56,#南宁轨道交通十周年系列活动——<br/>第二届南宁地铁520公益集体汉式婚礼开始报名啦#,南宁轨道交通南宁轨道交通十周年系列活动第二届南宁地铁公益集体汉式婚礼开始报名啦活动主办南宁轨道交通集团活动时间年月日上午活动地点南宁地铁号线会展中心站南宁孔庙活动规模面向全社会征集对新人展开全文
2018-04-30 11:39,#778113人次！ 4月29日南宁地铁线网客运量创历史新高#,南宁轨道交通人次月日南宁地铁线网客运量创历史新高月日年五一小长假第一天南宁地铁线网总客运量达人次其中号线人次号线人次创南宁地铁单日线网客运量历史新高当日受小长假影响客流主要以长途出行为主号线广西大学站火车东站展开全文
2018-04-28 09:48,#2018年“五一”假期南宁地铁1、2号线运营时间将延长运营至23：00#,南宁轨道交通年五一假期南宁地铁号线运营时间将延长运营至为更好的满足节假日期间广大乘客的出行需求保障五一小长假乘客出行安全便利舒适南宁地铁号线号线延长运营时间分钟运营服务时间由调整为同时五一假期号线增加列备用车号线增展开全文
2018-04-27 17:44,#最新运营信息#,南宁轨道交通最新运营信息目前南宁地铁号线已于左右恢复正常运营
2018-04-27 17:28,#通 告#,南宁轨道交通通告月日时分南宁地铁号线次列车因故障在佛子岭站上行往火车东站方向清客退出服务造成万象城至火车东站列车有不同程度延误南宁地铁立即启动相关应急预案组织后续列车在百花岭上行清客折返往石埠方向投入载客已购票卡的市民乘客如遇本次列车故障晚点事件影展开全文
2018-04-24 15:30,南宁轨道交通地铁正能量月日南宁地铁号线石柱岭地铁站突然收到乘客一家人送来的一面热心帮助情暖民心锦旗经当班人员了解原来是月日车站工作人员的一个暖心救助引起的当天下午石柱岭站台有一个两岁左右的小男孩发高烧晕倒毫无意识有大人陪同站台岗报车控室后车控室立即拨打急展开全文
2018-04-24 11:41,#就你最美！南宁轨道交通十周年专属LOGO确定！#,南宁轨道交通就你最美南宁轨道交通十周年专属确定选择是纠结的但结果是美好的南宁轨道交通十周年专属在经过了一个星期的纠结后终于迎来了最美好的时刻经过集团全体员工的热情参与一千三百多张选票的甄选三组候选设计方案分别得到了粉丝的大力支持截至月日方案得票率为展开全文
2018-04-23 11:45,#2018年“壮族三月三”节假日期间南宁地铁线网客运量达345.50万人次#,南宁轨道交通年壮族三月三节假日期间南宁地铁线网客运量达万人次南宁地铁在壮族三月三节假日期间迎来了客流高峰三月三假期南宁地铁线网总客运量达万人次日均客运量万人次其中号线总客运量万人日均客运量万人同比年三月三增长号线展开全文
2018-04-16 14:49,#南宁地铁3号线全线“洞通”#,南宁轨道交通南宁地铁号线全线洞通近日号线金湖广场站埌西站区间右线施工的盾构机刀盘缓缓破壁而出至此号线个单线区间隧道已全部贯通累计掘进里程公里标志着南宁市轨道交通号线全线隧道洞通为试运营奠定了基础
2018-04-16 11:04,#南宁地铁助力“三月三”小长假  确保运营安全有序#,南宁轨道交通南宁地铁助力三月三小长假确保运营安全有序三月三小长假即将到来为全力做好小长假期间南宁地铁运营保障工作进一步优化乘客出行体验南宁地铁多措并举保障小长假期间乘客安全快捷有序出行客运组织方面一是合理安排员工排班保证人员在岗情况和数量二是展开全文
2018-04-15 16:02,#关爱幼儿出行，领略地铁魅力——地铁安全小知识宣传受欢迎#,南宁轨道交通关爱幼儿出行领略地铁魅力地铁安全小知识宣传受欢迎月日上午南宁地铁会展中心站开展了关爱幼儿出行领略地铁魅力儿童乘车安全教育活动青秀区艾德维儿幼儿园位小朋友在老师和地铁工作人员的带领下来到本站学习地铁安全小知识
2018-04-12 22:14,芥菜搭乘扶梯能自觉站右留左很不错哦给这些乘客点个赞南宁朝阳广场地铁站南宁朝阳广场地铁站芥菜的秒拍视频芥菜的秒拍视频
2018-04-12 17:35,南宁轨道交通南宁轨道交通十周年等你来选马上拿起你的手机扫码投出你关键的一票
2018-04-12 15:22,#心中的十年，大声说出来！#,南宁轨道交通心中的十年大声说出来小铁是我的同事十年前刚到轨道公司的时候他浑身散发着青春的活力十米之外都能感受到他的热度十年来我们一起熬夜加班一起坚守岗位也一起获得表彰十年的风风雨雨让我们摆脱稚嫩走向沉稳十年的携手同行让我们相识相知同甘共苦十年的共同努力展开全文
2018-04-10 16:36,#寻找南宁地铁最美乘客系列——曾帅，你在哪里?#,南宁轨道交通寻找南宁地铁最美乘客系列曾帅你在哪里近日南宁地铁号线鲁班路站警务室迎来两位拾金不昧最美地铁乘客月日下午时分左右两名上身穿白色恤的男乘客在南宁地铁号线鲁班路站捡到一只钱包交由警方帮招领据南宁市公安局地铁分局的民警介绍钱包里有近元现金等展开全文
2018-04-04 11:28,#全城搜寻，寻找最美地铁乘客！——女子无征兆晕倒  两小伙热心救助#,南宁轨道交通全城搜寻寻找最美地铁乘客女子无征兆晕倒两小伙热心救助年月日在南宁地铁号线会展中心站市民李先生的妻子在毫无征兆情况下突然晕倒不省人事路过的两名小伙子毫不犹豫协助车站工作人员一同将晕倒的女士背出地铁站送医救治李先生妻子的病情得到了及时控制而两位小伙展开全文
2018-04-03 17:17,南宁轨道交通寻找最美地铁乘客定格邕城温暖瞬间年月日南宁地铁号线顺利开通试运营随着南宁地铁迈入换乘时代地铁作为市民出行的重要交通工具每天发生着很多好人好事和感人故事为倡导文明友爱的出行环境传播社会正能量年月日南宁轨道交通寻找最美地铁乘客活动启动仪式在号线展开全文
2018-04-02 17:49,#南宁站，走进“中国很赞”南宁地铁专列#,南宁轨道交通南宁站走进中国很赞南宁地铁专列中国很赞系列活动由人民日报新媒体发起后引起全国人民的积极参与除了充满着青春活力的中国很赞手指舞引起大家纷纷挑战外广州成都等城市地铁还陆续推出主题专列今天人民日报新媒体联手南宁轨道交通集团推出属于南宁地铁的中国很展开全文
2018-03-29 11:29,#2018年3月30日起南宁地铁1号线缩短行车间隔时间#,南宁轨道交通年月日起南宁地铁号线缩短行车间隔时间根据号线的客流变化情况为进一步提高南宁地铁号线的运营服务质量更好的满足乘客的出行需求将调整南宁地铁号线的行车间隔具体调整如下自年月日起号线工作日早晚上下班高峰时段行车间隔展开全文
2018-03-26 16:40,#关爱儿童成长，勤恳热情服务#,南宁轨道交通关爱儿童成长勤恳热情服务昨日南宁地铁号线秀厢站火车站接待了一批由南宁市同心源社会工作服务中心志愿者们带领的来自万秀村周边小学的同学开展寻找城市资源地铁伴我成长活动活动伊始工作人员向同学们的到来表示热烈欢迎火车站值班站长黎凯就车站特点向展开全文
2018-03-23 17:44,南宁轨道交通请正确使用紧急按钮三非紧急情况下违规触发紧停按钮造成的严重危害您真的知道吗接下来我们带您认识紧急停车按钮一紧停按钮功能解释紧急停车按钮的一旦激活站台区域内行驶的列车全部或者部分在区域内时会紧急制动站台区域内已停展开全文
2018-03-23 17:41,南宁轨道交通请正确使用紧急按钮二紧急停车按钮是一个红色小盒子一般位于地铁车站站台每侧各设有个参照南宁市轨道城市轨道交通管理条例第三十三条第四十九条非紧急情况下按压此设备的由城市轨道交通运营单位进行劝阻和制止造成损失的依法承担民事责任构成违反治安管理行展开全文
2018-03-23 17:40,南宁轨道交通请正确使用紧急按钮一年一季度南宁地铁已累计发生起乘客违规触发紧停按钮事件年月日号线金象站紧急停车按钮被一名成年男乘客在非紧急情况下按压年月日号线西津站紧急停车按钮被一名小学生在非紧急情况下按压年月日号线安吉客运站西津站紧急停车按展开全文
2018-03-22 11:01,南宁轨道交通近日南宁地铁号线白沙壮锦立交站围护桩完成最后一车混凝土浇筑这是自当日上午完成亭洪西路站围护结构后取得的又一重大突破也是南宁轨道交通号线最先实现主体基坑围护桩封闭的两个站点从此号线正式由围护结构施工转向土方开挖和结构施工吹响了全面施工的号角
2018-03-20 17:47,南宁轨道交通年中国杯国际足球锦标赛将于月日月日在广西体育中心举行为更好的服务赛事满足广大球迷的出行需求南宁地铁号线在比赛日月日日日分别延长运营服务时间小时和小时分钟年中国杯国际足球锦标赛将于月日月日在广西体育中心举行为更好的服务赛事展开全文
2018-03-16 11:23,南宁轨道交通为搭建车站与市民良好的沟通平台强化市民监督力度及时了解广大市民的服务需求南宁地铁将定于月日周日在万象城站站厅靠近出入口开展年第一季度站长接待日活动欢迎广大市民前来参加活动现场我们将为您讲解南宁地铁号线换乘知识以及搭乘地铁时的安全出行文展开全文
2018-03-09 13:25,#“三·八”节特辑#,南宁轨道交通三八节特辑三八节特辑投身运营事业绽放美丽之花
2018-03-09 11:59,#“三·八”节特辑#,南宁轨道交通三八节特辑巾帼心向党人美花娇庆佳节
2018-03-08 13:54,#“三·八”节特辑#,南宁轨道交通三八节特辑投身运营事业绽放美丽之花
2018-03-08 13:32,#“三·八”节特辑#,南宁轨道交通三八节特辑建设巾帼展芳华
2018-03-06 11:26,#地铁正能量#,南宁轨道交通地铁正能量月日南宁地铁号线鹏飞路站收到乘客送来的一面做好事不留名发扬雷锋精神的锦旗原来是月日乘客在鹏飞路站乘坐电扶梯时脚踩踏空手也没扶稳扶手带致使整个人往后仰就在这千钧一发之际工作人员及时出现扶住了这位乘客避免了乘客摔倒受伤乘客万分感激展开全文
2018-03-02 19:26,#元宵节猜灯谜#,南宁轨道交通元宵节猜灯谜大家都吃完晚饭了吧那么地铁元宵灯谜等你挑战吃瓜吃瓜吃瓜吃瓜吃瓜吃瓜
2018-03-02 17:28,南宁轨道交通学雷锋进敬老院欢度元宵佳节元宵佳节会展中心站青年文明号与屯里站派出所青年文明号携手走进重阳老年公寓进行慰问活动与老人们同包元宵共度佳节三月是学雷锋活动月青年文明号充分发挥传播文明弘扬新风的先锋作用团结广大群众积极参与到敬老助老志愿活动展开全文
2018-03-02 17:11,南宁轨道交通石柱岭地铁站迎来小小志愿者年月日早上石柱岭地铁站迎来了一群可爱的小朋友他们便是石柱岭小学二年级的孩子他们带着对南宁地铁工作的好奇来到了石柱岭地铁站近距离感受了解地铁工作人员一天的工作内容石柱岭站站长与值班站长带领小小志愿者们参观车站值班站长向小展开全文
2018-03-02 11:31,南宁轨道交通南宁地铁恭祝广大市民和乘客朋友元宵节快乐
2018-03-01 12:47,南宁轨道交通广西大学站燃气泄漏事件的公告年月日点分中燃燃气公司在广西大学站北侧百汇华庭小区停车场入口东处进行燃气割接施工准备过程中由于挖掘机作业时触碰燃气管道阀门造成燃气泄漏具体情况如下一现场应急处置及抢险过程事件发生后燃气迁改单位现场管理人展开全文
2018-02-28 16:53,南宁轨道交通运营动态南宁地铁号线广西大学站口已正常投入服务
2018-02-28 16:40,南宁轨道交通公告经燃气公司检测确认南宁地铁号线广西大学站具备运营条件已于今天月日点分恢复正常运营出入口暂不开放为此给各位乘客带来的不便敬请谅解南宁轨道交通集团运营分公司年月日
2018-02-28 15:55,南宁轨道交通公告今天月日下午点分左右广西大学站出入口车站立柱处发现疑似有燃气泄漏导致车站站厅及设备区内均有浓重的燃气味随后相关部门抢修人员到达现场目前正在抓紧处理当中为保障乘客和市民安全广西大学站临时关闭号线全线各次列车在广西大学站上下行不停站通展开全文
2018-02-27 17:27,#地铁正能量#,南宁轨道交通地铁正能量月日南宁地铁二号线苏卢站收到民警送来的一面群众的好站长民警的好帮手的锦旗原来是在月日大年初四苏卢站站长在上班停车时发现一名偷电动车电瓶小偷随后他立即拨打车控室电话通知本站工作人员联合苏卢站警务人员安保人员前往车站口对小偷进行抓捕经过三展开全文
2018-02-27 11:14,#地铁正能量#,南宁轨道交通地铁正能量月日南宁地铁号线百花岭站收到乘客送来的一面恪尽职守拾金不昧的锦旗原来是月日乘客百花岭站乘车因为一时疏忽在候车时把钱包遗留在站台座椅上内含若干现金及银行卡身份证驾驶证等重要证件车站工作人员在巡视时发现并与乘客取得了联系在他返回车站与工作人员确认展开全文
2018-02-26 15:20,成都地铁透明闸机告诉你原来是这样验票的机动派机动派的秒拍视频机动派的秒拍视频
2018-02-24 10:46,南宁轨道交通近日南宁地铁收到了来自两位乘客的感谢信这是新年的一份特殊礼物乘客在信中对地铁一线员工给予了衷心感谢和高度认可自南宁地铁运营以来客运一线员工每天接待数以万计的乘客在为社会传递正能量的同时也彰显了每一位地铁员工肩负的道义与责任后续南宁地铁将继续秉持展开全文
2018-02-22 13:25,南宁轨道交通年春节假期期间月日至月日南宁地铁线网总客运量为万人次其中号线及客运量约万人次号线客运量约万人次春节假期共开行列车列次其中号线共计开行列车列次号线共计开行列车列次客流方面月日初六客流较高线网运送展开全文
2018-02-16 23:18,#南宁地铁#,南宁地铁君南宁地铁来自南宁轨道交通南宁轨道交通的新春祝福值此新春佳节来临之际南宁轨道交通集团有限责任公司向广大市民乘客朋友地铁建设者以及全体员工致以良好祝愿和真挚问候在新的一年里我们将不忘初心砥砺前行继续为大家提供舒适便捷的运营服务恭祝大家身体健康阖家幸福给您拜年啦
2018-02-16 23:56,南宁轨道交通感谢你们的坚守给力给力给力给力给力给力
2018-02-16 00:18,南宁轨道交通新年新气象汪年旺旺旺
2018-02-14 23:39,#地铁夜话#,南宁轨道交通地铁夜话夜深了此刻你最想对身边的这个人说
2018-02-14 21:35,南宁轨道交通今天我们也穿情侣装喵喵喵喵二哈二哈
2018-02-14 17:28,南宁轨道交通值此新春佳节来临之际南宁轨道交通集团有限责任公司向广大市民乘客朋友地铁建设者以及全体员工致以良好祝愿和真挚问候在新的一年里我们将不忘初心砥砺前行继续为大家提供舒适便捷的运营服务恭祝大家身体健康阖家幸福给您拜年啦
2018-02-14 10:38,南宁轨道交通梦想路上你我同行南宁轨道交通的秒拍视频南宁轨道交通的秒拍视频
2018-02-14 01:57,#南宁晚安#,南宁轨道交通南宁晚安每一位为这座城市还在亮灯的你晚安
2018-02-13 17:43,南宁轨道交通你要的敬业福来扫吧喵喵喵喵二哈二哈
2018-02-13 16:32,成都地铁温馨提示明天是情人节
2018-02-13 16:37,#汪年快乐#,年更近啦好喜欢好喜欢好喜欢好喜欢好喜欢好喜欢
2018-02-13 14:53,#温馨提示#,温馨提示春运期间客流高峰希望乘客朋友留意愿大家出行平安中国赞中国赞中国赞中国赞中国赞中国赞
2018-02-13 13:43,#地铁正能量#,南宁轨道交通地铁正能量年月日下午分左右明秀路站接朝阳广场站通知有一穿深蓝色外套手上拿着白色袋子里面装着娃娃的小女孩乘车途中与家人走散值班站长立即部署安排人员利用列车进站停车秒寻找最终找到该小女孩车站工作人员随即联系到其家人并细心照料该家人第一时间拨打服务热展开全文
2018-02-09 11:37,南宁轨道交通我们南宁地铁的吉祥物投票就要截止啦大家抓紧时间投出你宝贵的一票吧心心
2018-02-09 10:30,南宁轨道交通南宁地铁号线长东区间顺利下穿湘桂高铁近日南宁轨道号线长堽路站东葛路站区间左右线分别成功正下穿柳南南广高铁突破了长东区间掘进的重大难关下穿铁路风险巨大长东区间为号线唯一下穿铁路的区间也是最惊险的盾构掘进区间之一此区间正下穿柳南南广铁路在建东西向快速路工展开全文
2018-02-09 10:29,南宁轨道交通南宁地铁号线青市区间双线贯通继南宁地铁号线青秀山站市博物馆站区间左线顺利贯通后号线又传捷报月日时青市区间右线盾构机顺利掘进至青秀山站洞门标志着该区间过江隧道双线胜利完成贯通南宁轨道交通号线个单线区间隧道已贯通个目前完成总区间隧道长度公里的首台新展开全文
2018-02-08 17:29,我们南宁地铁的吉祥物投票就要截止啦大家抓紧时间投出你宝贵的一票吧心心
2018-02-08 10:49,南宁轨道交通为及时了解广大旅客春运出行服务需求进一步改善春运服务保障交通运输部发展改革委委托第三方机构启动邀您共同话春运出行服务体验调查活动并于月日正式上线运行目前全国已有个省份个城市近个交通运输相关部门企事业单位的官方网站微信公众号微博链接推广了网址展开全文
2018-02-07 17:42,看到昨天那么多市民朋友踊跃参与在朝阳广场站的送春联活动希望我们南宁地铁吉祥物的投票大家也多多支持吧
2018-02-07 17:29,#创可视化党建品牌，打造活力和谐客运——南宁轨道交通集团开展“温暖春运，平安出行”志愿服务活动#,南宁轨道交通创可视化党建品牌打造活力和谐客运南宁轨道交通集团开展温暖春运平安出行志愿服务活动在年春运来临之际为切实做好车站春运服务工作想乘客之所想帮乘客之所需让广大人民群众能够顺利返乡平安回家与家人团聚进一步践行全心全意为人民服务的宗旨月日南展开全文
2018-02-07 17:24,南宁轨道交通南宁地铁助力春运确保运营安全有序随着南宁地铁号线年月日开通试运营今年是南宁地铁迈入换乘时代首次迎来春运大潮为全力做好春运地铁运营保障工作南宁地铁多措并举确保春运期间乘客安全快捷有序出行客运组织方面一是行车组织为满足广大乘客的出行展开全文
2018-02-07 17:16,#迎新春 贺新年 地铁员工送春联——南宁地铁开展员工送春联活动<br/>#,南宁轨道交通迎新春贺新年地铁员工送春联南宁地铁开展员工送春联活动月日在春节即将来临之际南宁轨道交通集团运营分公司组织开展了迎新春贺新年地铁员工送春联活动当天上午来自南宁地铁的员工在南宁地铁号线换乘站朝阳广场站大厅免费为市民书写春联把新春的祝福用春联的传展开全文
2018-02-06 17:40,南宁地铁吉祥物由您来决定赶紧为您心目中的它来投票吧
2018-02-05 11:42,南宁轨道交通地铁正能量近日南宁地铁号线秀厢站收到乘客送来的一面情系寒冬心系乘客的锦旗当天工作人员发现一名扭伤脚无法动弹的乘客孤身一人坐在楼梯间时当班值班站长李昕芸上前询问乘客是否需要帮助得知乘客无法走路值站李昕芸立即让站务员背乘客先到警务室休息并采取救援措施乘客心展开全文
2018-02-05 10:24,南宁地铁吉祥物由您来决定赶紧为您心目中的它来投票吧
2018-02-02 11:41,为您心中所爱投票吧
2018-02-01 17:05,春运来啦祝大家平安开心回家过大年哦不要忘记为您心目中的南宁地铁吉祥物投上您宝贵的一票哦谢谢大家耶耶耶耶耶耶
2018-01-31 15:07,南宁轨道交通南宁地铁吉祥物投票你最钟意哪一款网页链接网页链接随着号线的开通试运营南宁地铁进入线网运营的阶段社会关注度不断提高为拉近地铁与市民乘客之间的距离增加亲和力提高运营服务水平进一步提升南宁地铁品牌形象和文化内涵我公司于年月日发布了征集公告展开全文
2018-01-31 11:46,南宁轨道交通南宁轨道交通号线将缩短行车间隔春运部分时段全线网将延长运营服务时间为更大满足乘客上下班高峰期间的出行需求做好年春运工作进一步提高南宁轨道交通运营服务质量现将南宁轨道交通号线行车间隔运营时间做如下调整从年月日起南宁轨道交通号线工作日展开全文
2018-01-30 09:44,南宁轨道交通南宁轨道交通集团打造可视化党建工作将党建工作化虚为实近日南宁轨道交通集团在地铁号线南湖站举行可视化党建工作启动仪式可视化党建工作示范基地揭牌仪式同期举行市委组织部副部长韦家斌市国资委党委副书记江国波轨道交通集团党委副书记总经理黄钟晖党委副书记黄英展开全文
2018-01-24 16:06,南宁轨道交通用心服务诚心为您月日点钟左右武鸣区两江镇夕阳旅游团名成员乘坐轨道交通换乘公交车到南宁万达茂旅游在火车站站台换乘时领队有名老人未及时下车站台岗热情主动去询问情况一边安抚乘客一边汇报车控室最终在工作人员的帮助下旅游团领队在朝阳广场站与走失团员汇合展开全文
2018-01-19 18:21,# 运营分公司青年志愿者为山区孩子送温暖#,南宁轨道交通运营分公司青年志愿者为山区孩子送温暖近日南宁地铁青年志愿者一行人携手社会爱心公益组织来到河池市都安县隆福乡渔洞小学为该山村小学的名住宿生每人送去一个爱心棉被件套温暖大礼包让山区孩子在这个冬天不再寒冷都安县隆福乡渔洞小学位于隆福乡西北部服务全村范围展开全文
2018-01-12 16:59,南宁轨道交通关于网传南宁地铁隧道视频媒体独家代理系虚假信息的声明
2018-01-09 17:23,#年关将至小心财物#,南宁轨道交通地铁正能量年关将至小心财物元旦刚过凤岭站口后的草坪就出现了一辆被人偷了电瓶的小电驴此后多天仍然不见失主来取回凤岭站员工联系凤岭警务室寻求帮助警务室通过多种渠道总算在今天联系到了失主从失主处才知道这辆电驴命运多舛两度易主现在总算通过多方努力回到主人展开全文
2018-01-05 19:46,南宁轨道交通南宁地铁总客运量突破亿人次自南宁地铁号线全线开通试运营至年月日南宁地铁共运送乘客万人次总客运量突破亿人次其中南宁地铁共开行列车万列次正点率达到日均客流量为万人次期间南宁地铁经历数次大客流考验其中号线年月日客运展开全文
2018-01-05 16:49,#南宁地铁建设一线员工“佩戴党徽，亮明身份” #,南宁轨道交通南宁地铁建设一线员工佩戴党徽亮明身份新年伊始为了深入学习贯彻党的十九大精神促进党建工作可视化切实增强党员的责任意识自律意识和表率意识更加自觉地接受群众监督树立党员良好形象凝聚先锋力量更好地推动轨道交通项目建设南宁轨道交通集团有限责任公司建设分公展开全文
2018-01-05 09:14,南宁轨道交通地铁正能量月日晚点左右南宁地铁二号线江南客运站有位女乘客在自动售票机前买票当班值班站长巡站时发现该名女乘客神色慌张且动作怪异便上前询问是否需要帮助该名乘客表示自己独自从广东那边做大巴车刚到南宁在江南客运站汽车站下车联系不上她这边的对接人需要帮助在交谈期间展开全文
2018-01-04 16:25,#新线直击--南宁地铁4号线第8座车站完成主体封顶#,南宁轨道交通新线直击南宁地铁号线第座车站完成主体封顶年月日随着最后一方混凝土浇筑完成长达米的通源路站主体结构正式封顶这是南宁地铁号线完成主体结构封顶的第座车站通源路站位于那洪大道与规划通源路交叉口呈东西走向为号线一期工程自西向东第座车站岛展开全文
2018-01-04 16:23,南宁轨道交通近期南宁轨道交通号线秀灵主所至安吉客运站环网电缆敷设顺利完成正式拉开了运营分公司维修中心介入号线供电系统工程施工的序幕号线秀灵主所至安吉客运站环网电缆全长约千米设计安装于号线秀灵主所至安吉客运站轨行区电缆支架上此次作业运营分公司主要配合完成作业手续展开全文
2018-01-02 15:31,南宁轨道交通美女帅哥在这里心心南宁轨道交通的秒拍视频南宁轨道交通的秒拍视频
2018-01-02 10:24,南宁轨道交通邕城喜迎地铁换乘时代元旦小长假客运量突破两百万人次南宁地铁号线年月日开通试运营南宁市从此迈入换乘时代在新线开通第三天南宁地铁喜迎元旦小长假线网总客运量突破两百万人次其中月日总客运量为人次月日总客运量为人次年月日总客运量为人次展开全文
2018-01-02 09:03,#乘客丢失行李箱 热心站务来帮忙#,南宁轨道交通乘客丢失行李箱热心站务来帮忙当前正值元旦假期及号线开通初始南宁地铁迎来客流高峰月日下午金湖广场站乘客李女士因为客流较大在上车时不慎把行李遗留在站台车站工作人员及时为她保管了遗失物品并在她返回车站与工作人员联系后将物品返回李女士表示十分感谢金湖广场站工作人员热展开全文
2018-01-02 08:59,南宁轨道交通今天是年的第一个工作日祝大家新的一年里工作顺利幸福开心多多专注和支持我们南宁轨道交通的秒拍视频南宁轨道交通的秒拍视频
2017-12-31 19:58,南宁轨道交通我们的十年南宁轨道交通有限责任公司登记注册号线东段开通试运营展开全文
2017-12-31 08:57,#南宁地铁1、2号线运营平稳有序#,南宁轨道交通南宁地铁号线运营平稳有序月日上午时南宁地铁号线全线玉洞站西津站座车站正式向广大市民开放前来体验的乘客络绎不绝地铁号线的开通让南宁轨道交通十字骨架正式成型开始进入换乘时代开通当日号线列车运行各项指标良好各项工作平稳有序列车正点率展开全文
2017-12-28 19:15,南宁轨道交通公告元旦节期间南宁地铁将延长运营服务时间根据节假日客流特点预计年元旦节期间购物娱乐短途旅游乘客比较多商圈火车站周边及换乘车站客流大幅度增长为此南宁地铁将延长地铁线网含号线运营服务时间年月日至年月日期间南宁轨道交通号线运营服务时展开全文
2017-12-28 19:12,南宁轨道交通年月日时南宁轨道交通号线开通车现场会在大沙田站举行号线开通试运营标志着我市轨道交通已形成十字型线网骨架南宁市从此迈入地铁换乘时代随着号线通车南宁市将进一步完善集轨道交通公交出租汽车自行车等多种交通方式相互补充的立体化综合交通体系对推动南宁市城市展开全文
2017-12-27 20:07,南宁轨道交通公告南宁地铁号线计划于月日上午时正式对外开通试运营
2017-12-23 23:03,南宁轨道交通逐梦前行我们正年轻致即将启幕的南宁轨道交通周年
2017-12-21 09:29,南宁轨道交通市民如何才能在朝阳广场站和火车站两个换乘点进行快速的换乘呢下面小编为大家献上南宁地铁换乘宣传片可以让您更加清晰了解号线换乘方式哦欢迎转发大范围扩散南宁轨道交通的秒拍视频南宁轨道交通的秒拍视频
2017-12-21 09:24,南宁轨道交通南宁轨道交通号线开通试运营纪念邮册即将发行敬请期待
2017-12-21 09:23,南宁轨道交通南宁轨道交通号线开通纪念票册将于日正式发售
2017-12-18 22:17,#寒冷秋冬，我给你温暖#,南宁轨道交通寒冷秋冬我给你温暖近日一股寒流席卷南宁真正的冬天也终于来了但是我们地铁工作人员如火的热情没有受到丝毫影响年月日下午一名女乘客在埌东客运站站台身体不适车站工作人员发现乘客状态异常便上前询问乘客表示自己有些低血糖感觉浑身无力站台人员立即报车控室车站工展开全文
2017-12-14 09:25,#南宁轨道交通2号线建设历程回顾#,南宁轨道交通南宁轨道交通号线建设历程回顾鼓声今韵铜鼓文化贯穿南宁轨道交通号线全线
2017-12-14 09:21,#南宁轨道交通2号线建设历程回顾#,南宁轨道交通南宁轨道交通号线建设历程回顾破解三大难关南宁轨道交通号线建设披荆斩棘
2017-12-14 09:10,#  南宁轨道交通2号线建设历程回顾#,南宁轨道交通南宁轨道交通号线建设历程回顾南宁轨道交通号线线路全长约公里南起良庆区玉洞北至西乡塘区西津均为地下线设置车站座平均车站间距约为综合基地处主变电站座与线网共用控制中心座总投资亿元南宁市轨道交通号线作为城市轨道交通线网十字展开全文
2017-12-09 13:39,#首届全国城市轨道交通文化博览会在深圳举行——南宁地铁品牌亮相博览会#,南宁轨道交通首届全国城市轨道交通文化博览会在深圳举行南宁地铁品牌亮相博览会为适应城轨交通文化建设的客观形势和现实需求繁荣城规交通文化市场提升城轨交通文化软实力满足城轨交通广大从业者和城市大众的特殊文化需求中国城市轨道交通协会联合深圳市人民政府以城轨交通与城市精神为主题展开全文
2017-12-07 11:50,#南宁轨道交通2号线（玉洞站-西津站）顺利通过试运营基本条件评审#,南宁轨道交通南宁轨道交通号线玉洞站西津站顺利通过试运营基本条件评审年月日至日由自治区交通运输厅南宁市人民政府联合主办南宁市交通运输局上海市交通运输行业协会承办的南宁轨道交通号线玉洞站西津站试运营基本条件评审会在南宁召开经过四天评审南宁轨道交通号线顺展开全文
2017-12-07 11:39,南宁轨道交通第一届中国城市轨道交通文化博览会镜头里的城轨主题摄影大赛第一届中国城市轨道交通文化博览会将于年月日在中国深圳举行博览会当天南宁轨道交通集团将向轨道交通企业员工及社会各界人士征集作品以参加博览会当天镜头里的城轨主题摄影大赛拍摄主题年展开全文
2017-12-04 11:38,#南宁#,亲再忙出门也要记得吃东西哦害羞害羞
2017-12-04 11:01,谢谢您的点赞为乘客提供优质服务是我们的职责微笑微笑
2017-12-03 15:45,#南宁地铁1号线调整行车间隔#,南宁轨道交通南宁地铁号线调整行车间隔
2017-11-27 17:54,#南宁轨道交通吉祥物征集延期公告#,南宁轨道交通南宁轨道交通吉祥物征集延期公告南宁轨道交通吉祥物征集活动自年月日启动以来收到了良好的社会反响收到了众多参赛作品经主办方研究为了给参赛者留出更多的时间完善设计决定将报名截止时间延期至年月日并按以下办法处理相关工作一已经提交作品的参赛者展开全文
2017-11-26 23:34,#集团公司在2017年国有企业“交投杯”运动会比赛中喜获佳绩#,南宁轨道交通集团公司在年国有企业交投杯运动会比赛中喜获佳绩月下旬由南宁市人民政府国有资产监督管理委员会南宁市总工会主办南宁交通投资集团有限责任公司承办的年市属国有企业交投杯运动会在广西体育中心综合训练馆隆重举行我集团公司组队参加了气排球羽毛球两项赛事展开全文
2017-11-23 21:56,#十九大主题列车邕城首发 十九大精神“流动”传承#,南宁轨道交通十九大主题列车邕城首发十九大精神流动传承
2017-11-21 09:10,#天寒人暖#,南宁轨道交通天寒人暖人心暖不怕天气寒月日分左右一老奶奶拖着小拖车在石埠站站台扶梯口附近徘徊车控室值班人员看见了立即安排附近的保洁阿姨为老人提供帮助帮老人拿行李并搀扶老人乘坐自动扶梯到出入口天寒地冻我们小小的举措能给乘客带来温暖乘客的一句谢谢是对我们工作的肯定与展开全文
2017-11-14 09:30,#小善即为，存善而为#,南宁轨道交通小善即为存善而为月日上午乘客钟先生来到白苍岭站车控室反映在站台丢失一部老式的按键手机当班值站热情接待了钟先生并留下了联系方式回复钟先生待我们找到手机后会第一时间打电话联系他日车站找到遗失手机并打电话联系钟先生钟先生重获手机喜上眉梢特地写信感谢展开全文
2017-11-13 08:40,# 南宁轨道交通集团党员干部进一步学习贯彻党的十九大精神感言#,南宁轨道交通南宁轨道交通集团党员干部进一步学习贯彻党的十九大精神感言
2017-11-13 08:32,#南宁轨道交通集团迅速掀起学习十九大精神热潮#,南宁轨道交通南宁轨道交通集团迅速掀起学习十九大精神热潮
2017-11-08 11:33,#爱心接力，快乐出行#,南宁轨道交通爱心接力快乐出行月月下午有两位视力残疾的乘客需要搭乘地铁出行火车站爱心青年志愿者第一时间给予帮助获得了周边乘客一致称赞据了解两位乘客需要搭乘地铁到南宁火车东站乘坐高铁回深圳火车站工作人员立即通知火车东站有两位重点乘客需要帮助接到通知后火车东站马上安排工作人员展开全文
2017-11-03 17:34,#南宁轨道交通集团举办党员书法大赛作品展#,南宁轨道交通南宁轨道交通集团举办党员书法大赛作品展硬笔书法作品展示
2017-11-03 17:31,#南宁轨道交通集团举办党员书法大赛作品展#,南宁轨道交通南宁轨道交通集团举办党员书法大赛作品展软笔书法作品展示
2017-11-03 10:15,#南宁轨道交通集团全体党员观看十九大开幕盛况的感言#,南宁轨道交通南宁轨道交通集团全体党员观看十九大开幕盛况的感言
2017-10-31 08:40,#南宁轨道交通集团面向社会公开征集吉祥物设计作品#,南宁轨道交通南宁轨道交通集团面向社会公开征集吉祥物设计作品您心中的南宁轨道交通吉祥物长什么样为了迎接号线年底开通试运营拉近南宁轨道交通与市民的距离提升公司的品牌形象和人文价值南宁轨道交通集团有限公司即日起面向社会公开征集南宁轨道交通吉祥物设计作品此次征集活动面向展开全文
2017-10-29 21:37,#平凡的人，金子般的心#,南宁轨道交通平凡的人金子般的心真是太感谢你们了我以为对丢失的手机已经不报希望了没想到能失而复得真的很感谢李女士一边接过阿姨拾获的手机一边连道感谢感谢车站的工作人员的拾金不昧精神原来在月日上午时许李女士乘坐南宁地铁在广西大学站出站时丢失了一部魅族手机李女士描述展开全文
2017-10-28 21:36,#手机落轨 及时捡回#,南宁轨道交通手机落轨及时捡回月日中午一名乘客在百花岭站搭乘地铁时不小心将手机掉入轨行区内乘客十分着急寻找站台工作人员帮忙拾回手机随后车站工作人员利用行车间隔的几分钟迅速下线路拾取乘客的手机乘客拿到了失而复得的手机对我们及时的帮助竖起了大拇指并表示感谢在此温馨提示各位乘展开全文
2017-10-27 11:09,#暖心接力#,南宁轨道交通暖心接力月日傍晚时分一位视力残疾乘客独自搭乘列车出行火车东站工作人员发现后第一时间上前给予帮助经了解该乘客要去埌东汽车站搭乘汽车去崇左宁明需要搭乘地铁到埌东客运站下车火车东站工作人员立即通知埌东客运站有乘客需要帮助接到通知后埌东客运站立即安排工作人员提前在站展开全文
2017-10-19 16:13,#您需要，我来帮#,南宁轨道交通您需要我来帮今天上午民族广场站售票员在客服中心外拾到手机一部车站随即播放广播寻找失主分钟后有乘客来电咨询工作人员请乘客到车站确认中午时分乘客到站确认为本人遗失手机乘客对车站拾金不昧的精神和热情主动的服务表示称赞温馨提示请各位乘客日常出行时保管好自己的展开全文
2017-10-17 18:38,#十九大#,南宁轨道交通十九大
2017-10-16 19:42,#关于网传南宁地铁2号线新增“白话”广播词的再次声明#,南宁轨道交通关于网传南宁地铁号线新增白话广播词的再次声明近期在网络上宣传报道关于南宁地铁号线新增白话广播词报站的信息为此我公司再次声明如下南宁地铁自开通试运营以来受到广大市民乘客极大关注尤其是广播词播报语言成为热议的焦点话题今年以来我公司陆续收到了展开全文
2017-10-09 11:12,#国庆中秋假期南宁地铁客运量再创新高  总客运量达254.75万人次#,南宁轨道交通国庆中秋假期南宁地铁客运量再创新高总客运量达万人次南宁地铁号线自去年月日全线开通试运营以来受到广大市民广泛关注年国庆中秋假期客运量打破了今年月日的万的单日最高客运总量月日南宁地铁号线总客运量再创新高达到万人次统计数据显展开全文
2017-10-07 23:05,#回程路上，“拾”出安心#,南宁轨道交通回程路上拾出安心国庆中秋假期倒计时有不少朋友已经踏上了回程的路月日一位大学生提着她的行李从家乡回到学校在到达埌东客运站时因为拉着行李不小心将伞跌落在站台与列车之间的缝隙遇到此情况乘客马上将此信息告诉车站工作人员然后我们值班站长利用间隔的几分钟内迅速到达站展开全文
2017-10-05 10:13,#中秋出行，“包”您放心#,南宁轨道交通中秋出行包您放心年月日晚时分一名乘客在车次为的下行列车上发现一个无人看管的提包便将此提包带下车交给了金湖广场站的工作人员车站工作人员随即将此包带到警务室协同警务人员尝试与失主获取联系并在热线联络群发布此消息通过查看包内证件失主非本地人且包内展开全文
2017-10-05 09:59,#假期出行不要“方”，地铁助您快速达#,南宁轨道交通假期出行不要方地铁助您快速达在这中秋佳节之季阖家团圆之时有不少朋友选择外出赏月看花灯享受这难得假期月日晚东盟商务区站迎来了一家老小他们带着自己的老母亲正准备去赏月可就在出站的时候碰到了难题正在一筹莫展之时我们的站务员发现了这一家子他二话不说就帮展开全文
2017-10-03 22:54,#归家心切，温暖随行#,南宁轨道交通归家心切温暖随行年月日中午时分南宁地铁南湖站站台岗拾到一钱包内含现金若干银行卡多张车站工作人员随即播放广播寻找失主十分钟过后有乘客到站询问经核对信息一致后确认为失主乘客对车站的拾金不昧的精神热情主动服务表示称赞温馨提示正值国庆中秋假期归家途中展开全文
2017-10-03 15:46,#外出游玩  要按时一日三餐哦#,南宁轨道交通外出游玩要按时一日三餐哦昨天南宁地铁会展中心站有一位女乘客因低血糖在站台晕倒收到通知后工作人员立即携带药箱赶到现场查看并处理现场看到有一位女性乘客坐在凳子上面色发白经询问该乘客由于未来得及吃早餐导致的低血糖晕倒经工作人员的照顾乘客身体逐渐恢复已在工作人员的展开全文
2017-10-02 12:11,#国庆中秋齐相逢  南宁地铁长假首日客流创新高#,南宁轨道交通国庆中秋齐相逢南宁地铁长假首日客流创新高南宁地铁号线在今年国庆节与中秋节天长假首日客流突破历史记录再创新高单日总客运量达到万人次其中客运量排名前三位的车站分别是朝阳广场站万人次日广西大学站万人次日埌东客运站万人次日为满足广大乘客出行需展开全文
2017-09-25 11:29,#南宁地铁2号线空载试运行 目前进入第二阶段工作#,南宁轨道交通南宁地铁号线空载试运行目前进入第二阶段工作随着号线综合联调工作稳步向前推进号线已于年月日完成三权移交并正式进入为期三个月的不载客试运行阶段这标志着号线将迎来试运营倒计时空载试运行是指在地铁工程初验合格并完成系统联调后的非载客运行列车在轨道展开全文
2017-09-23 02:32,爱奇艺娱乐独家薛之谦父亲否认李雨桐七个月引产昨晚薛之谦父亲接受了爱奇艺娱乐独家采访回应了关于李雨桐怀孕七个月引产一事薛父表示大概在月号听到薛子谦说小李李雨桐怀孕有一个月了之后月号薛之谦薛父李雨桐以及李雨桐继母四人协商决定采取人工流产方式终止妊娠此外展开全文
2017-09-20 16:37,#优选公共交通 绿色文明出行#,南宁轨道交通优选公共交通绿色文明出行年月日是南宁市公共交通出行宣传活动周在此我们感谢长期以来大家对南宁地铁的关心和支持我们倡议广大市民乘客朋友尽量选乘公共交通工具绿色文明出行南宁地铁将一如既往竭诚为您服务
2017-09-16 11:02,#南宁地铁1号线迎来客流小高峰#,南宁轨道交通南宁地铁号线迎来客流小高峰南宁地铁号线在第届中国东盟博览会中国东盟商务与投资峰会以下简称两会期间年月日月日迎来了客流小高峰期间总客运量约万人次日均客运量约万人次日客运量最大为人次月日中国东盟博览会公众开放日展开全文
2017-09-08 11:48,#第14届中国—东盟博览会开幕期间南宁地铁1号线将调整运营服务时间<br/>#,南宁轨道交通第届中国东盟博览会开幕期间南宁地铁号线将调整运营服务时间
2017-09-08 08:57,#南宁轨道交通5号线一期工程正式开工建设#,南宁轨道交通南宁轨道交通号线一期工程正式开工建设月日号线一期工程正式开工建设号线一期工程线路南起那洪北至金桥客运站从南至北穿越了江南组团城西组团和城北组团打破了邕江对城市南北片区的阻隔从而拉大城市骨架成为未来邕江两岸组团交流的重要通道
2017-09-04 08:00,新浪音乐华晨宇华晨宇今日曝光一组专门为演唱会拍摄的十足的时尚大片喧嚣的红色系诠释出他充满张力的内心世界据悉华晨宇火星演唱会主题为我的世界我来浮夸将于月日日在北京五棵松体育馆两场连唱鼓掌鼓掌
2017-09-01 09:05,#2.5万张地铁乘车票免费送#,南宁轨道交通万张地铁乘车票免费送各大高校也将陆续迎来开学季为了迎接广大新生保障高校学子安全乘车南宁地铁方面向大一新生们送出了万张免费地铁乘车票
2017-08-11 17:02,南宁轨道交通南宁市职工职业技能大赛组委会主办南宁轨道交通集团有限责任公司承办的南宁市职工职业技能大赛接触网比武决赛在南宁轨道交通集团运营分公司屯里车辆段举行
2017-08-01 10:36,#值此八一建军节向中国人民解放军致以崇高敬意！#,南宁轨道交通值此八一建军节向中国人民解放军致以崇高敬意大漠列阵黄沙百战穿金甲塞上点兵大风起兮云飞扬八一前夕内蒙古大草原深处的朱日和训练基地中国人民解放军以一场气势磅礴威武雄壮的沙场阅兵庆祝自己的岁生日带着建军年的历史荣耀带着百战之师的时代担当以征尘未洗连展开全文
2017-08-01 10:33,南宁轨道交通国家交通运输部政务微信功能很强大哦推荐大家及时关注
2017-07-23 20:45,#君武学堂#,广西大学君武学堂一个简单的记忆方法可以让你从容面对一切考试我们习惯于用线型构建我们的笔记内容然而线型结构的文字虽便于记录却难于阅读所以是时候更新一下做笔记的方式了上秒拍视频秒拍视频下秒拍视频秒拍视频
2017-07-24 15:18,南宁轨道交通号线也进入铺轨阶段了
2017-07-24 14:39,希望弟弟尽快康复
2017-07-15 12:27,熊本熊表情包我感觉转发这张图近期一定会有意想不到的惊喜
2017-07-20 15:34,南宁轨道交通月日南宁地铁号线首台盾构机成功始发标志着项目正式进入盾构施工阶段后续盾构区间将按计划陆续开工
2017-07-19 18:09,南宁轨道交通南宁地铁号线联调正在进行时距正式开通试运营指日可待
2017-07-19 17:31,南宁轨道交通昨天和今天都有乘客在地铁大意丢手机一部是我们在站台椅子上捡到一部是其他乘客在厕所捡到交给我们随后我们都分别联系上了失主天气炎热不要光顾着赶路留意随身物品有没有带齐哦陆世立黄启豪
2017-07-17 17:32,#长湖路封闭#,南宁轨道交通长湖路封闭长湖路即将全封闭施工机动车请绕行哦详细请看图紫红色那截就是封闭路段红色线是可绕行的建议路段文杨希立图许晓波
2017-07-17 09:24,南宁轨道交通最近的一个晚高峰有位乘客在列车上晕倒到达最近的金湖广场站后得到了我们工作人员和车上乘客的合力救护经过初步处理乘客意识有所恢复后表示自己已有身孕当时双手发麻身体发冷呼吸困难随后的医生到达现场为该乘客救治目前该乘客身体状况已基本恢复并对金湖广场站相关工作人员表展开全文
2017-07-11 18:59,南宁轨道交通今天中午市民林女士搭乘地铁到达朝阳广场站下车后发现随身的挎包不见了她马上与车站工作人员联系说明情况朝阳广场站工作人员听完描述后初步判断挎包遗失在列车上朝阳广场站立即通知火车东站站清客时特别留意该车次的挎包及时拾获了挎包至此林女士终于松了一口气原来展开全文
2017-07-07 19:57,#南宁本地新闻#,由南宁市纪委南宁轨道交通集团有限责任公司共同打造的南宁首个地铁廉政文化主题车站南湖绿城清风站通过对壮乡廉政文化与审美艺术的结合弘扬八桂廉政文化讴歌时代主旋律欢迎大家来参观哦
2017-07-06 18:35,南宁轨道交通南宁轨道交通帮广西大学站打广告给不给点广告费呢思考思考思考思考
2017-07-01 23:39,南宁轨道交通南宁地铁号线首通一周年之际我们的党员带领小朋友们参观博物馆和地铁站度过了党的生日
2017-06-30 23:04,#南宁轨道交通2号线成功完成“热滑”试验#,南宁轨道交通南宁轨道交通号线成功完成热滑试验月日日经过为时两天的低中高速运行测试南宁轨道交通号线全线热滑试验顺利完成号线是联系南宁市南北方向城区的轨道交通主干线正线单线长接触网全长全部为地下段刚下悬挂安装方式为落实好展开全文
2017-06-29 21:29,#南宁地铁1号线#,南宁地铁号线年月日刚试运营那天就跑去南湖坐地铁一年过去了变化很大出行很方便有了地铁真好祝南宁地铁越来越好赞赞南宁轨道交通南宁轨道交通
2017-06-29 19:15,南宁轨道交通南宁地铁号线首通一周年啦我们在改变我们要坚守我们是港湾我们与您共成长您安全抵达目的地的微笑就是黑暗隧道中最亮的光明秒拍视频秒拍视频
2017-06-29 17:54,南宁轨道交通连续两日我们都在广西大学站厅捡到乘客忘记带的物品月日下午保安在站厅巡视时拾到了一个快递包裹幸好包裹未拆封且上面写有收件人刘女士和她的电话保安立即将丢失的包裹交给了西大车控室值班站长进行确认工作人员按照包裹上的电话打过去联系到了失主刘女士确认相关信息后将包裹物归原展开全文
2017-06-29 00:35,南宁轨道交通南宁地铁号线首通一周年
2017-06-28 23:53,南宁轨道交通关于网传南宁轨道交通号线提前半年完工的严正声明近期网上传闻南宁地铁号线工期将于年底开通在此南宁轨道交通集团有限责任公司就号线的工期安排严正声明南宁轨道交通号线是南宁市南西北方向的交通骨干线线路全长约公里设置车站座项目于年月份开工展开全文
2017-06-27 17:33,#南宁地铁延长运营时间#,南宁轨道交通南宁地铁延长运营时间公号为更好地满足广大市民和乘客的需求南宁地铁从年月日起全天运营时间延长半小时即由调整为工作日高峰时段期间行车间隔维持分秒工作日的其余时段行车间隔由分钟缩短为分钟
2017-06-09 16:23,#冒用优待卡，缺德又违法#,南宁轨道交通冒用优待卡缺德又违法随着南宁轨道交通号线客流量日益增多乘客不文明违章乘车情况也逐渐凸显上个月票务稽查人员联合车站工作人员利用一周工作日时间连续开展了违规使用优惠票卡的专项整治共查处违规使用优惠票卡事件起其中冒用拥军优待卡起冒用长寿优待卡起冒用尊爱优待卡展开全文
2017-06-09 16:21,南宁轨道交通年月日日两天高考期间南宁地铁开展了爱心助考活动通过在号线设置高考考生快速绿色通道南宁地铁高考助考服务点提供爱心助考文具袋爱心助考考点指引卡爱心医药箱为有需要的考生进行免费服务得到了广大市民和高考学子的一致好评据统计高考两天时展开全文
2017-06-08 18:02,南宁轨道交通高考第二天赶考的人流高峰过后动物园站的站务员韦付虎在巡站时发现自动售票机前有一台金色的华为手机估计是乘客买完车票后忘记拿走的于是将捡到的手机交到车控室由于手机设置了密码工作人员没有办法通过通讯录寻找失主只好每隔几分钟就看一次希望有电话打进来经过耐心等待手机终展开全文
2017-06-06 17:43,#南宁地铁助力高考考生们追梦#,南宁轨道交通南宁地铁助力高考考生们追梦我们将于月日日高考两天期间开展爱心助考活动活动一高考期间考生可凭准考证免费乘坐地铁号线全线各站点在进出闸机边门处设置高考考生快速绿色通道告示牌车站安排专人于在边门处值守对于临近开考忘带准考证的小迷展开全文
2017-06-02 11:31,#南宁新闻#,凡是参加高考的考生均可凭高考准考证免费搭乘地铁号线
2017-05-31 16:25,南宁轨道交通年端午节假日期间月日月日总客运量约万人次日均客运量约万人次日客运量最大为人次月日节假日期间图定开行列车列次实际开行列车列次列车运行图兑现率正点率安全运行万车公里日均客运量排名前三的车站分别是朝阳广场站展开全文
2017-05-29 23:07,您的满意我们的动力要看好贵重物品哦
2017-05-29 10:06,祝大家端午儿童双节快乐
2017-05-27 17:35,黄加祖交通安全是一个永恒的话题下面这些动图不是为了吓唬你只是想让你多警惕一些端午节到了不管是返乡还是外出游玩在路上的朋友都慢点开杜绝意外平安到达
2017-05-27 08:41,南宁轨道交通年端午期间号线运营时间将延长至为进一步提升南宁轨道交通号线运营服务质量更好地满足乘客节假日期间的出行需求南宁轨道交通号线年端午期间的行车调整如下年端午期间年月日至月日运营时间延长半小时由调整为行车间隔为分钟展开全文
2017-05-26 18:28,#南宁轨道交通2号线东延工程开工#,南宁轨道交通南宁轨道交通号线东延工程开工年月日南宁轨道交通号线东延工程开工仪式在东风路站项目现场举行号线东延工程是轨道交通号线一期工程玉洞西津的延续两个工程共同形成了贯通南宁市南北向的骨干线建成后将有助于加强与五象新区的联系工程全长共设座车站号线东展开全文
2017-05-24 16:00,南宁轨道交通日前我们南宁地铁号线南职院站迎来了这样一位特别的乘客他下车之后迟疑的脚步引起了车站人员的注意工作人员上前了解才知道这位独自搭乘地铁的乘客是一位盲人朋友他当天需要换乘公交车到美丽南方去参加一个绘画活动而站外还下着倾盆大雨地面又在修路对于这位特别的乘展开全文
2017-05-20 21:01,#南宁地铁公益集体婚礼#,南宁轨道交通南宁地铁公益集体婚礼由南宁轨道交通集团运营分公司主办的开往幸福的列车南宁地铁公益集体婚礼于月日这一天在南宁地铁号线正式开启对新人乘坐满载幸福的幸福号专列一同开启了他们的幸福旅程全城征集新人每一对都有故事集体婚礼开展前主办展开全文
2017-05-17 21:51,#南宁地铁#,南宁轨道交通南宁地铁随着南宁剧场站朝阳广场站左线最后一节钢轨铺设完成南宁地铁号线全线于月日提前天实现了短轨通这一重大节点目标的完成为后续各设备单位施工机电安装地铁车辆调试等环节创造了施工条件也为接下来的全线热滑试运行和年底实现号线全线开通运营奠定了坚实的基础展开全文
2017-05-03 16:18,#乘客突发疾病，南宁地铁和医护人员合力救护#,南宁轨道交通乘客突发疾病南宁地铁和医护人员合力救护民族广场石埠方向司机请不要关门车上有乘客晕倒请稍等日前有乘客在民族广场站突然昏迷不醒站台岗同事立即报车控室并与保安及车上的热心乘客共同将晕倒乘客抬到站台站台工作人员随后用屏风对现场进行隔离备好医药箱协助救护并拨打展开全文
2017-05-02 11:05,#南宁地铁客流五一迎来小高峰#,南宁轨道交通南宁地铁客流五一迎来小高峰南宁地铁号线在年五一节假日期间月日月日迎来了客流小高峰期间总客运量约万人次日均客运量约万人次日客运量最大为人次月日假期第二天节假日期间图定开行开行列车列次实际开行列车列次列车运行图兑现率展开全文
2017-04-30 23:18,南宁轨道交通月日分南宁地铁号线因列车发生故障造成部分列车出现不同程度晚点南宁轨道交通集团运营分公司立即启动应急预案在确保运营安全的情况下及时组织故障列车退出服务安排备用列车上线投入运营并对全线列车进行调整截止分全线列车恢复正常运营给各位市民乘客朋友带来的不展开全文
2017-04-27 23:27,#南宁轨道交通1号线将调整行车间隔时间，五一假期运营时间延长半小时#,南宁轨道交通南宁轨道交通号线将调整行车间隔时间五一假期运营时间延长半小时为进一步提升南宁轨道交通号线运营服务质量更好地满足乘客的出行需求南宁轨道交通号线将调整列车行车间隔时间及在五一假期期间延长运营时间具体调整如下一自年月日起工作日至行车间隔由分展开全文
2017-04-15 09:55,南宁轨道交通截止点分南宁地铁号线自动售检票设备故障已经排除恢复正常使用在设备故障期间使用市民卡乘车未能通过闸机刷卡出站的乘客可在下次乘车时携带市民卡前往客服中心进行处理给各位市民乘客朋友带来的不便敬请谅解我们将认真总结反思继续努力为大家带来安全便捷舒适的服务
2017-04-15 08:59,南宁轨道交通亲爱的市民乘客朋友今日起南宁地铁号线因自动售检票系统设备故障部分车站自动售票机闸机无法正常使用现车站工作人员已紧急通过人工售票专用通道进出等方式组织乘客进出车站请乘客朋友们注意收听车站广播耐心听从车站工作人员指引有序进出站同时请展开全文
2017-04-08 16:32,#一万六千元遗落车厢，十七分钟“完璧归赵”#,南宁轨道交通一万六千元遗落车厢十七分钟完璧归赵月日点分石埠站站务员肖俊良农金瑞清客时在第三节车厢的座位上捡到一个黑色背包马上将捡到背包一事上报车控室随后值班站长和行车值班员清点时统计出背包内有手机钥匙证件等物品还有一万六千元现金恰在此时乘展开全文
2017-04-07 15:37,#共庆百日与你同行#,南宁地铁很棒
2017-04-07 11:47,#共庆百日与你同行#,南宁轨道交通共庆百日与你同行南宁地铁全线开通试运营一百天大片来袭灵感来自朱自清背影地铁运营建设者的背影也很动人秒拍视频秒拍视频
2017-04-05 10:35,南宁轨道交通南宁轨道交通号线在三月三清明节假日期间月日月日总客运量约万人次日均客运量约万人次日客运量最大为人次月日假期第一天节假日期间图定开行列次实际开行列次列车运行图兑现率正点率安全运行约万车公里三展开全文
2017-03-15 17:59,#南宁地铁1号线工作日晚高峰缩短行车间隔#,南宁轨道交通南宁地铁号线工作日晚高峰缩短行车间隔根据市委市政府工作部署为缓解南宁轨道交通号线工作日高峰时段拥挤更好地保障市民便捷有序出行根据轨道交通号线不同时段的客流特点经市交通运输局业务会研究同意南宁轨道交通号线将从年月日星期一起工作日的晚高峰时段至展开全文
2017-03-08 15:46,#南宁新闻#,广西日报南宁新闻南宁地铁调度指挥中心的巾帼英雄李小春李小春内蒙古人在南宁市地铁号线尚未开通运营便驻扎进了南宁市地铁控制中心成为第一批主任调度员中唯一的女主调三八妇女节当天我们走进南宁市地铁控制中心一起了解李小春的日常工作南宁地铁调度指挥中心的巾帼英雄李小春南宁地铁调度指挥中心的巾帼英雄李小春
2017-03-09 09:11,#南宁新闻#,第一批主任调度员中唯一的女主调
2017-03-02 16:12,#正确使用电扶梯指南#,福州地铁运营分公司福州地铁运营分公司地铁微提醒乘电扶梯时一是站稳扶好不玩闹二是要握紧扶手身体不要倚靠围板三是携带大件行李或依靠拐杖轮椅等辅助器械行走的乘客及使用手推车婴儿车的乘客特别是行动不便的老人请尽量乘坐垂直电梯如有需要也可与车站工作人员联系
2017-03-02 15:28,#正确使用电扶梯指南#,南宁轨道交通正确使用电扶梯指南自南宁地铁开通以来遍布所有站点的电扶梯给大家带来便利性的同时也发生了因不会乘坐电扶梯而导致的一些意外情况南宁轨道交通集团运营分公司客运中心特制作了一段视频短片来帮助大家更安全地使用电扶梯希望减少类似情况的发生秒拍视频秒拍视频
2017-02-20 13:06,人民日报当有人滚下扶梯请花秒钟看看这个女孩的做法日广西南宁一位七旬老奶奶在乘扶梯摔倒滚下扶梯一女孩冷静迅速上前按下了紧急停止按钮电梯停止老奶奶无大碍在此提醒注意扶梯首端外侧底端或顶端内侧的红色紧急停止按钮危险时请果断按下网页链接网页链接梨视频梨视频
2017-02-06 10:24,南宁轨道交通爱心不分国界暖在南宁地铁近日在火车东站开往石埠站方向的列车上有一位外籍乘客晕倒广西大学站值班站长接到消息后立即赶往现场查看在站台发现一名男性乘客坐在凳子上呕吐面色发白车站工作人员立即上前询问并递上纸巾还准备了急救医药箱经了解这名乘客是广西大学退休外教老师展开全文
2017-02-03 09:44,南宁轨道交通春节假期七天年月日至月日南宁地铁号线试运营整体情况良好各项工作平稳有序图定开行列实际开行列车列列车运行图兑现率正点率春节假期七天共运送乘客人次日均客运量人次其中月日客运量人次月日客运量人次月日客运展开全文
2017-01-23 11:41,南宁轨道交通捡回乘客奖牌收获心中金牌月日下午在新民路站的站厅里一位小朋友着急地向工作人员询问阿姨我的背包落在车上了可以帮我找一下吗原来他刚下车的时候忘记拿背包了背包里有他参加全国青少年跳水比赛第二名的奖牌所以他特别着急收到小朋友的求助后工作人员立展开全文
2017-01-18 12:48,南宁轨道交通拾金不昧迎春运南宁地铁展风采月日晚上运营结束的时候民族广场站的工作人员在站厅例行巡视发现地面上有一个深蓝色钱包里面有一些重要的证件另有现金若干随后工作人员通过钱包里一张名片上的信息联系到了失主李先生经核对身份无误后工作人员告知李先生他的钱包会按照规定加封展开全文
2017-01-13 10:19,南宁轨道交通春运高峰期南宁地铁号线运营时间将延长至年月日月日月日月日为春运高峰期时段为满足广大乘客朋友的出行需求提升南宁地铁运营服务质量南宁地铁号线将在春运高峰期延长试运营时间具体调整时间如下年月日月日月日月日南宁地铁号线展开全文
2017-01-13 10:17,南宁轨道交通迎新春贺新年地铁党员送春联在春节即将来临之际年月日上午南宁轨道交通集团运营分公司将开展迎新春贺新年地铁党员送春联活动来自南宁地铁的党员职工将在号线南湖站站厅内免费为市民送出现场书写的春联让飘溢着墨香的大红对联贴在老百姓的大门上让传统的新春佳展开全文
2017-01-11 15:23,南宁轨道交通风雨出行贴心依旧今天阴雨绵绵湿冷的空气遍布了整个南宁大家都行色匆匆地在风雨中赶路而此时的东盟商务区站却发生了一件让人愿意驻足的暖心事一位热心的乘客将一个粉色的文件袋交给了我们的工作人员说是有人落下的工作人员在检验物品信息的时候发现里面有一些孕检的材料以及一张身展开全文
2017-01-10 19:59,南宁轨道交通让我们为您遮风挡雨吧下雨天便民雨伞为您遮风挡雨下雨天爱的雨伞为您送上温暖希望南宁地铁的便民雨伞可以为您的出行遮风避雨温暖您的回家路南宁地铁温馨提示各位乘客年月日起首批便民雨具包括便民雨伞把和一次性雨衣件已经陆续投放到号线个车站您要是展开全文
2017-01-10 19:45,南宁轨道交通便民雨衣小心意真诚服务大热情一场突如其来的降雨给很多刚下地铁准备出站的乘客来了个措手不及就在这样的大雨中却出现了很温馨的一幕在民族大学站的出入口正当乘客们躲在车站飞顶底下面对着这番雨景愁眉苦脸时车站工作人员拿着便民雨衣出现在乘客面前车站的工作人员热情地询问乘展开全文
2017-01-10 11:25,南宁轨道交通搭乘电梯的正确姿势应该是这样的秒拍视频秒拍视频
2017-01-03 14:40,南宁轨道交通南宁地铁号线元旦假期三天总客运量约万人次日均客运量约万人次元旦假期三天年月日至年月日试运营整体情况良好各项工作平稳有序图定开行列实际开行列车列共加开客运列车列列车运行图兑现率元旦假期三天总客运量人次日均客运量展开全文
2017-01-02 18:00,南宁轨道交通举手之劳温暖地铁元旦小长假期间众多南宁市民专程来到地铁各站感受地铁出行带来的方便和舒适在人来人往的情况下掉东西的事情也偶有发生年的最后一天南职院地铁站一名乘客捡到了一台手机并交给了站内的工作人员地铁工作人员尝试联系失主正在这时失主拨打了本机号码接通电展开全文
2017-01-02 17:07,
2017-01-02 17:00,南宁轨道交通月日南宁地铁号线客运量再次突破万南宁地铁号线自年月日开通试运营以来客流量连创新高南宁地铁各专业工作人员协同配合为每一位乘客提供安全舒适的服务年月日元旦假期第二天南宁地铁号线试运营整体情况良好各项工作平稳有序共开行列车列运展开全文
2017-01-02 15:51,南宁轨道交通便民爱心伞撑起冬日暖昨天下午西乡塘客运站车控室接到白苍岭车站来电称有两位步履蹒跚的老人从白苍岭上车即将到西乡塘客运站下车需要安排工作人员去站台接应他们给两位老人提供帮助工作人员接到两位老人后一路将老人送到出入口当上到地面后却发现已经开始下起了中雨两位展开全文
2017-01-01 17:28,南宁轨道交通南宁地铁号线月日客运量突破万为积极应对年元旦假期大客流有效保障乘客出行南宁地铁从行车组织客运组织运营安全管理等方面着手多管齐下全方位保障运营工作顺利进行月日单日南宁地铁号线总客运量人共开行列地铁列车运行图正点率展开全文
2017-01-01 17:02,南宁轨道交通长假出行时小孩请顾好昨天下午新民路站迎来了客流高峰就在这迎来送往的人群中发生了一件很暖心的事时新民路车控室里一阵急促的电话铃声响起当班值班员被告知有两名小朋友在地铁站与家长失去了联络而且小朋友们已经独自上了列车当班值班员立即通知站台工作人员根据展开全文
2017-01-01 14:49,南宁轨道交通进站出站有方法乘客出行需留意元旦小长假期间因客流较大为使乘客安全快捷进出站地铁工作人员提示您请站在黄线外有序排队右手持票刷卡进出站南宁地铁祝您旅途愉快一路好心情
2017-01-01 11:51,南宁轨道交通南宁地铁号线商业街盛大开业年月日由南宁轨道交通集团与太阳衫公司强强合作共同打造的广西大学站朝阳广场站柠檬町万象城站三大主题地铁商业街区同步盛装开业当天在广西大学站举行了首届大学生潮文化演绎启动仪式南宁轨道集团领导太阳杉公司新闻媒体展开全文
2017-01-01 11:27,南宁轨道交通您的满意就是我们最大的动力呀又是你呀我想问一下昨天下午家住在南铁二街的王大爷和李大爷兴致勃勃地来到白苍岭站询问办理老人卡的相关程序两位大爷一眼就认出了站务员欧春娟据了解两位大爷前几天已经来过车站当时接待的正好是欧春娟她热心细致的解答给两位老人留下了深刻展开全文
2017-01-01 10:39,南宁轨道交通出门在外请看好自己的随身物品放假啦大家都出门玩一不小心可能会忘记自己的随身物品这不昨天在凤岭地铁站一位男乘客就掉了钱包还好有两位美丽又热心的女乘客捡到以后交给了我们东盟站的工作人员就在我们着急寻找失主的时候这位男乘客又回到车站寻找他遗失的钱包工作人员与乘展开全文
2016-12-31 16:49,南宁轨道交通优质服务从不间断努力站好年的最后一班岗昨天晚上埌东站有两位盲人向工作人员求助说要出地铁站后搭乘路公交车前往大沙田了解到这个情况车站工作人员立即把他们一路护送上公交车并跟公交车司机说明情况要公交车司机提醒他们到站下车听到两位乘客的道谢我们也觉得心里暖暖的展开全文
2016-12-31 16:14,南宁轨道交通气球有危险出行需注意平时我们在公园动物园里购买的卡通气球大多是氢气球是不允许被带入地铁乘车的哦因为在人潮涌动的地铁站和封闭的车厢中容易产生摩擦甚至会挤破气球当氢气球使用不慎时就可能会引起爆炸非常危险而且万一气球飘到隧道里面会影响行车安全因此为了大家的展开全文
2016-12-31 15:36,南宁轨道交通乘客赶回领失物站务暖心似家人昨天一位乘客向麻村站的工作人员请求帮助托工作人员照看一位岁的老人这到底是怎么回事呢经了解原来老人一家是从南京来到南宁她的儿子趁着南宁地铁的开通于是带着她去逛逛南宁的动物园然后再乘坐地铁回到麻村站返程时刚到麻村站她儿子突然展开全文
2016-12-31 15:12,南宁轨道交通月日单日号线末班车时间调整为亲爱的乘客朋友今天是年最后一天预计首府南宁将迎来客流高峰为了缓解年跨年夜可能带来的客运压力给市民带来更好的乘车体验年月日单日南宁地铁号线两端站点末班车时间由临时调整为试运营时间延长小时展开全文
2016-12-31 13:06,南宁轨道交通关爱老人人人有责这是万象站的一位乘客私信发给小编的一幕他要点赞万象城站的客运工作人员和保洁人员的感人服务
2016-12-31 10:35,南宁轨道交通小小饮料瓶大大文明心今天的车厢内有个想嘘嘘的小朋友于是上映了这样机智的一幕南宁地铁君感谢这有爱的一家子为保持车厢内卫生文明环境做出的努力南宁地铁公安南宁地铁公安
2016-12-30 19:14,南宁轨道交通简易爱心座椅给有需要的你南宁地铁号线全线开通试运营以来办理市民卡的乘客越来越多了万象城站站厅内的市民卡中心经常大排长龙很多老人家都要站立很长时间才能排上看到这样的情况万象城站的工作人员立马行动起来在万象城站出口市民卡办理点的旁边临时搭建了一个简易的爱心座椅展开全文
2016-12-30 17:10,南宁轨道交通我们在鲁班伴您出行今天上午鲁班站站台工作人员发现一名年轻女乘客面色苍白捂着肚子在站台停留了很久都没上车站台岗立即报告当班值站前往站台了解情况得知这位乘客是独自一人出行身体不太舒服于是边安抚乘客边将她扶到站长室休息还为她泡好了一杯温热的红糖水休息片刻后这展开全文
2016-12-30 15:36,南宁轨道交通萌老人石埠买菜帅小伙暖心迎送昨天下午石埠站工作人员在石埠站出口看见一位老奶奶提着几袋新鲜蔬菜慢慢地走进车站每走几步就停下歇息片刻车站工作人员急忙跑过去接过老奶奶手中装满蔬菜的袋子奶奶您家住在哪里我送您上车原来老奶奶家住白苍岭附近今天特意来到展开全文
2016-12-30 10:38,南宁轨道交通这位家长其实还有其他方式解决囧境开通当日有网友拍下了这样的一幕有位家长让孩子在车厢内嘘嘘长长的小溪在车厢内延伸向远方虽然人有三急但是地铁君温馨提醒其实我们还有其他方法可以解决这种囧境南宁地铁号线每个站点的候车站台上都有卫生间如果您遇上三急只展开全文
2016-12-30 09:07,南宁轨道交通地铁接力传递暖心服务月日傍晚一名热心乘客向会展中心站车控室反映他在地铁车厢里捡到了一个白色的购物袋希望通过车站工作人员联系上失主经多方查询得知有乘客正好在向火车站车控室求助寻找她的购物袋于是车站工作人员仔细核对失物特征后便告知火车站同事让其通知乘客到会展开全文
2016-12-29 10:52,南宁轨道交通月日南宁地铁号线全线试运营数据南宁地铁号线全线石埠站火车东站于年月日正式开通试运营试运营整体情况良好各项工作平稳有序列车运行的各项指标良好运行图正点率运行图兑现率月日上午时号线西段座车站正式向广大市民售票开放开通当日展开全文
2016-12-28 17:15,唐禹哲铁粉听说今天西段地铁开通了太阳太阳太阳太阳趁着休息来动物园玩下车的时候发现动物园地铁站巨可爱巨漂亮好温馨哦给动物园点赞准备出站的时候发现动物园的工作人员好有爱哦而且很有礼貌主动帮乘客推轮椅协助乘客上车看到这一幕好暖心哦满满的都是爱给动物园站的工作人员个赞展开全文
2016-12-28 00:17,南宁轨道交通南宁地铁带你玩转动物世界为倡导南宁市民保护野生动物共建和谐家园安全乘车文明出行南宁轨道交通集团运营分公司联合南宁市动物园共同打造了主题为庆开通贺新年促和谐的动物园主题车站下一步南宁轨道交通集团运营分公司还将联合南宁动物园开展打造动物园主展开全文
2016-12-27 23:01,南宁轨道交通南宁地铁号线全线试运营首末班时间为至年月日南宁地铁号线全线正式开通试运营试运营时间公布如下一号线西段正式对外开放时间为年月日上午二开通后号线全线试运营首末班时间为上午至晚上发车间隔分钟
2016-12-21 08:24,南宁轨道交通行者无疆暖心相伴如果一个人经常被感动那么他的心就会被温暖无论走到哪里无论是否只身前行感动常有温暖就常伴昨天埌东客运站有一位外国老人在出闸机口附近徘徊犹豫似乎遇上了什么困扰车站工作人员看到后立即为其提供帮助经过简单交流了解到该乘客来自美国目前展开全文
2016-12-20 17:02,南宁轨道交通小小的物品满满正能量月日上午乘客何女士在会展中心站站台心急如焚地找到工作人员寻求帮助经了解原来何女士在会展中心站下车时手指上的戒指一滑从地铁车门与屏蔽门的缝隙中掉入了轨行区但由于当时还在运营时间工作人员没有办法到轨行区帮何女士寻找所以当班的值班站长便向何展开全文
2016-12-13 09:49,#丢书大作战#,南宁轨道交通丢书大作战南宁地铁号线将于年底全线开通试运营为庆祝号线全线开通倡导市民友爱互助分享阅读培养市民良好的出行和读书习惯从年月日至年月日南宁地铁联合乐达传媒和相关媒体举行庆开通爱南宁享阅读南宁图书漂流活动活动期间将在地铁号线里丢出至少展开全文
2016-12-12 09:38,#丢书大作战#,活动正在直播精彩不容错过
2016-12-09 09:18,#2016东博会#,合合君事是好事但猴子不正经约我约我东博会查看图片
2016-12-08 16:10,威武威武威武威武威武威武有了西乡塘站地铁派出所的保驾护航南宁地铁号线西段治安妥妥的
2016-12-08 15:32,南宁轨道交通大妈您这样做可不文明南京地铁号线上一位老太太在地铁里抽烟年轻小伙掐掉她手中香烟老太声称自己是老年人抽烟怎么了小伙提醒说不可以倚老卖老引发争执地铁车站和地铁车厢内都是禁止吸烟的为了大家的安全和健康无论您的年纪如何千万别这样做人民日报的秒拍视频人民日报的秒拍视频
2016-12-07 09:48,南宁轨道交通我的名字是南宁地铁君害羞害羞地铁君也要变身二次元盼望有人对我说不管你在世界的哪个地方你一定会来见我污污
2016-12-05 17:52,南宁轨道交通发布了头条文章南宁轨道交通集团有限责任公司运营分公司年第三批社会招聘公告南宁轨道交通集团有限责任公司运营分公司南宁轨道交通集团有限责任公司运营分公司
2016-12-05 17:01,南宁轨道交通乘客丢失零钱包站务得后速归还月号下午万象城站一名乘客在站台捡到一个零钱包该乘客立即将钱包交予工作人员并说明情况希望通过车站能尽快找到这个钱包的失主几次广播寻人无果后工作人员从钱包里找到一张市民卡于是拿着这张市民卡到万象城站市民卡服务点查到了该乘客相关信息并打展开全文
2016-12-01 08:57,南宁轨道交通南宁地铁号线西段暨全线顺利通过试运营基本条件评审年月至日南宁地铁号线西段石埠站至南湖站暨全线试运营基本条件评审工作顺利开展南宁地铁号线西段工程通过评审具备了与东段贯通全线试运营基本条件南宁地铁号线西段暨全线顺利通过试运营基本南宁地铁号线西段暨全线顺利通过试运营基本
2016-11-29 17:15,南宁轨道交通电扶梯使用的安全提醒公共场所的电扶梯有时候成了一些孩子的大玩具但使用电扶梯时家长们一定要教导孩子安全文明乘坐电扶梯请不要让孩子单独乘扶梯年龄小的儿童可抱在怀中一旦发生紧急情况应当立即按下紧急停梯按钮并联系附近的工作人员中国消防的秒拍视频中国消防的秒拍视频
2016-11-29 16:39,南宁轨道交通安全小常识当在地铁车厢内发现紧急情况需要向工作人员告知你所在的位置时可以通过报告车厢的编码迅速定位如图中代表这是号线第列车第节车厢而车门的编号就在每一扇车门的左上方
2016-11-29 15:13,南宁轨道交通拾金不昧好乘客热心满满地铁人昨天下午会展中心站一名乘客在站台座椅上捡到一个钱包这位乘客立即找到车站工作人员说明情况并把钱包交给了工作人员希望通过车站尽快找到失主不久后失主返回会展中心站寻找钱包车站工作人员核对相关信息无误后将钱包归还了失主拿到失而复得的钱包展开全文
2016-11-25 10:36,南宁轨道交通温暖寻亲路地铁热心助今天上午在东盟商务区站厅内有一位老人很着急地向工作人员求助经了解原来这位老人和她的儿子原本约在地铁站里会合但是她忘了是哪一站身上又没有带手机无法联系到自己的儿子还好这位老人能背得出她儿子的手机号码于是工作人员立刻拿出自己的手机帮她打通展开全文
2016-11-23 10:10,南宁轨道交通险丢失车站热心帮寻回天气降温但人心依旧温暖今早点左右一乘客在百花岭地铁站遗失贵重手机最终在车站人员帮助下顺利找回经了解一女乘客早上接送女儿到百花岭地铁站乘车时不幸将遗失在车站出入口外被路过的一位热心乘客拾取这名热心乘客并没有将手机占为展开全文
2016-11-22 18:17,南宁轨道交通语言交流无难题南宁地铁助外宾月下午南湖站来了一位外国乘客因为语言沟通问题这位乘客遇到了出行难题经了解该乘客来自土耳其想乘坐地铁到火车站再转乘火车南湖站工作人员了解到这些基本信息后用英文向其解释道因为目前地铁号线全线尚未开通因而暂时无法乘坐地铁到达展开全文
2016-11-22 10:20,南宁轨道交通地铁连线传递爱心昨天下午埌东客运站车控室接到了火车东站的电话说有一位行动不太方便的男性乘客从火车东站乘地铁到埌东客运站下车要到埌东汽车站转乘大巴去昆明工作人员接到电话后立刻到站台等候该名乘客想及时给他提供帮助接到该乘客时发现他的一条腿受伤了走起路来非常吃力展开全文
2016-11-21 10:40,南宁轨道交通乘客登门送锦旗失物寻获诚感激月日下午两位乘客带着感谢信和锦旗来到了南湖站将其赠与了南湖站的全体工作人员原来号下午南湖站站务员在进行列车清客时在车厢内拾到了一个乘客遗落的电脑包包内有苹果笔记本电脑一台以及十分重要的文件车站当即播放了失物招领广播但当时并未找到展开全文
2016-11-21 08:44,南宁轨道交通热心地铁人温暖出行人月日东盟商务区站有一位老奶奶向工作人员求助经了解她只身一人出行要去埌东客运站乘大巴前往崇左刚好手机没电无法与家人取得联系本站工作人员立刻安抚老人引导到站内会议室休息并为她的手机充电最终联系到家人还帮助她查询了去崇左的班车车次手机展开全文
2016-11-18 15:41,南宁轨道交通文明出行你我共同成长今天上午百花岭站迎来了一群小乘客他们是维伯国际幼儿园的小朋友们为了能更好的学习文明乘车老师特地组织小朋友们到地铁体验他们一进到地铁站我们车站工作人员热情的为小朋友们介绍如何购票进站给小朋友讲解了乘车须知有部分小乘客在刷票进站时飞快的跑展开全文
2016-11-16 06:50,粉丝粉丝民大站口已经立柱地铁的声音正在靠近南宁轨道交通南宁轨道交通上木彡禾口也上木彡禾口也绿城地铁小播绿城地铁小播西乡塘塘主西乡塘塘主咩也戳咩也戳
2016-11-13 12:48,南宁轨道交通南宁地铁员工快闪倡导安全文明出行月日上午南宁地铁号线万象城站开展了一场倡导安全文明出行的快闪活动来自南宁地铁号线全线各站点的名地铁员工身着工服以一曲融入了日常客运服务礼仪规范动作的精彩快闪舞蹈展示了地铁员工积极向上的风貌赢得了在场乘客的阵阵掌声展开全文
2016-11-11 16:30,南宁轨道交通快乐出行南宁地铁伴随你成长今天上午金湖广场站迎来了一群可爱的小乘客们他们是快乐小孩幼儿园的小朋友们小朋友们对车站充满了好奇一进到地铁站就兴奋地左瞧瞧右看看车站人员热情地接待了他们给他们介绍了车站情况及安全乘车的相关知识小朋友们学习的过程中非常开心脸上洋溢着展开全文
2016-11-10 08:26,南宁轨道交通以优质服务为生活提速万象城站工作人员发现站厅的云购票机后面有一辆乘客遗落的婴儿车后面还斜挂一把雨伞因未发现周围有人来找寻工作人员立即报告车控室并将婴儿车推入车控室按照规定进行保管同时做好失物登记过了没多久一位女士来到万象城站寻找自己遗失的婴儿车信息核对无误后展开全文
2016-11-09 17:10,南宁轨道交通安全出行从小学习今天百花岭站迎来了一群可爱的小乘客他们是来自汇佳幼儿园的位小朋友老师们为了能让小朋友们学习到更多安全乘坐地铁的知识特意带着小朋友们来到百花岭地铁站体验地铁出行车站工作人员热情接待了这群小乘客给他们讲解购票的流程接受安检的流程安全乘坐扶梯展开全文
2016-11-09 15:45,南宁轨道交通沟通遇难题真情暖你我今早埌东客运站工作人员在站厅巡视时发现一名柱着拐杖的老人正靠着墙壁休息工作人员立即上前询问看老人是否需要帮助经了解老人只会说南宁当地方言听不懂普通话刚好埌东站的站务员蒙琳丹也是南宁本地人会说白话通过她和老人的沟通了解到了老人的需求原展开全文
2016-11-08 16:10,南宁轨道交通地铁卡拼成的艺术品变废为宝的艺术家真腻害虽然南宁地铁不使用这种地铁卡还是要倡议大家减少垃圾产生坚持绿色环保的秒拍视频的秒拍视频
2016-11-03 18:58,南宁轨道交通童谣地铁通到我的家感谢桂雅路小学可爱的孩子们为南宁地铁创作的童谣小编被萌化了秒拍视频秒拍视频
2016-10-25 17:53,南宁轨道交通是谁遗落了手机月日下午随着莫女士来到南湖站领取了其父亲的手机一段手机寻主之路也终告一段落原来月日早上南湖站的工作人员进行清客时在列车上发现了乘客遗落的一部白色手机经过一番寻找后未能找到失主当班工作人员只好通过手机通讯录一个一个进行核对功夫不负有展开全文
2016-10-25 16:47,南宁轨道交通月日起延长东盟商务区站凤岭站地铁站厅人行通道开放至为了方便民族大道地铁号线周边居民出行自年月日起南宁地铁号线东盟商务区站凤岭站两个地铁站的出入口站厅人行通道在运营结束后延长开放至
2016-10-25 09:06,南宁轨道交通工作人员火眼金睛年轻小伙失而复得月日下午一名年轻小伙子来到金湖广场站乘坐地铁在站台候车时不小心将自己的手机落在了站台的候车椅上就匆忙乘上了往火车东站方向的地铁列车待列车驶出车站后细心的站务人员及时发现了遗落在候车椅上的手机立即向车站车控室报告情况并尝试在现展开全文
2016-10-25 08:35,南宁轨道交通一家老小首乘地铁车站员工用心服务月日上午一名女士带着一家老小来到凤岭站乘坐地铁由于要同时照顾坐着轮椅的老人和身边的小朋友这位女士显得有点忙不过来看到这个情况凤岭站当班的工作人员赶紧上前帮忙不仅为乘客详细演示了购票流程一路还帮推着这位坐着轮椅的老人去乘坐无障展开全文
2016-10-21 10:27,猴姆猴姆独家大大的强势回归新单超清大首播毫无疑问这单势必要在英国单曲榜夺冠上周日在英国偶像上表演就足以惊艳全场了并瞬间空降即时榜冠军目前仍遥遥领先就是棒依然霸气又俏皮色色抓狂抓狂鼓掌鼓掌亲亲亲亲猴姆的秒拍视频猴姆的秒拍视频
2016-10-20 08:45,南宁轨道交通真诚服务方便乘客月日上午一名男性乘客带着多岁的老母亲来到埌东客运站准备乘地铁去南湖这时老人提出想去洗手间可是他儿子不方便陪同进去埌东站的工作人员了解该情况后马上陪同这位坐着轮椅的老人进入无障碍卫生间随后又帮乘客将老人一直送到往南湖方向的站台乘车老人和展开全文
2016-10-19 11:23,南宁轨道交通我们的一天地铁客运工作手记
2016-10-19 10:18,南宁轨道交通一名男子抱了半件啤酒进去了地铁南湖站在过安检的时候被工作人员拦了下来因为啤酒瓶未经完好包装又属于易碎品如果不小心在地铁车厢内打碎会对其他乘客的乘坐造成影响男子当时说那就不坐了随即离开了安检口没走几步果然打碎了一瓶啤酒没想到男子没走多远就在地铁过道里坐了展开全文
2016-10-18 20:30,福州地铁迷福州地铁迷也就是雷欧也就是雷欧科代表漫游保福寺桥北科代表漫游保福寺桥北岑晟晟晟岑晟晟晟傻傻的十月傻傻的十月南宁高楼迷南宁高楼迷南宁轨道交通南宁轨道交通
2016-10-17 17:17,南宁轨道交通服务无国界南宁地铁始终真诚为每一位乘客服务今天下午金湖广场站迎来了位外国友人他们在自动售票机前买票时遇到了一点困难金湖广场站的工作人员发现这个情况后立刻上前帮忙详细地为他们演示了整个购票流程在成功买到票后这位外国乘客对我们的工作人员表示了感谢在以后的工作中展开全文
2016-10-14 15:41,南宁轨道交通今天中午万象城站工作人员在站厅巡视时拾获一张桂盛市民卡立刻上报车控室利用广播寻找失主几番寻找无果后站内工作人员将市民卡按照规定进行保存下午点一名乘客来到站里寻找丢失的市民卡经车站工作人员与乘客共同核对失物信息无误后将市民卡归还该乘客乘客对工作人员表示感展开全文
2016-10-14 11:39,必须点赞
2016-10-13 18:00,南宁轨道交通有困难就找站务人员帮忙这句耳熟能详的话在我们地铁站内绝对不是一句空话只要乘客遇到困难了即便不主动求助只要我们看到了也一定会及时提供帮助月日中午在火车东站的站厅我们的工作人员就遇到了一位老人她背上背着一个小男孩手上还拖着一大包行李匆匆忙忙走到客服中心寻展开全文
2016-10-10 11:05,#网络安全宣传#,南宁轨道交通网络安全宣传网络安全西游篇
2016-10-10 08:55,南宁轨道交通昨天下午有一位老人在家属的陪同下从火车东站乘地铁来到万象城站乘车由于老人年岁较大行动起来不太方便需要我们的帮助万象城站的工作人员得知消息后立刻召集多位工作人员一起到站台将老人搀扶下车随后陪同老人上到站厅一路上扶的扶背的背大家将老人顺利护送到出口出站过程中展开全文
2016-10-10 08:28,南宁轨道交通今天是南宁地铁号线东段末班车时间调整至且行车间隔调整为分钟的第一天秒拍视频秒拍视频
2016-10-09 18:06,你们的满意是对我们最大的鼓舞重阳节快乐
2016-10-09 15:15,南宁轨道交通低头族下扶梯高跟鞋卡进踏板里一女性乘客在西安地铁站搭乘扶梯时因专注于手上的手机纤细的高跟鞋跟恰巧卡入电扶梯与地面盖板的缝隙中所幸未造成意外发生往后广大女性乘客脚踏高跟鞋搭乘扶梯时切勿踩踏黄线路过有缝隙的路面或装置请您注意脚下安全秒拍视频秒拍视频
2016-10-08 17:28,#转发扩散#,转发扩散公民举报暴力恐怖犯罪活动线索最高奖励万元根据群众举报涉恐涉暴线索奖励办法的规定举报反恐相关线索途径有拨打报警电话通过信件向公安机关举报到公安机关或向执勤民警当面举报
2016-10-08 15:20,#出行在外 保重身体#,南宁轨道交通出行在外保重身体昨天下午会展中心站工作人员接到保安报告在站厅中部的电梯旁有一名女性乘客身体不舒服工作人员接到消息后立刻到现场查看经了解这位乘客由于肚子疼已经无力行走工作人员马上安排人员带上热水和牛奶片赶到现场在乘客喝完热水后又把她带到车站警务室休息一直到该乘展开全文
2016-10-06 17:21,國慶南寧地鐵號綫東段運轉带着微博去旅行带着微博去旅行微笑微笑南宁轨道交通南宁轨道交通
2016-09-30 19:03,南宁轨道交通通告南宁地铁号线将开展第三阶段的试运行同时为提高号线东段南湖站火车东站的运营服务质量从年月日起至号线全线开通试运营时止行车时间和行车间隔将调整如下一号线东段南湖站火车东站行车间隔由分钟调整为分钟二号线东段南湖站火车东站首末班车时间展开全文
2016-09-29 16:42,南宁轨道交通地铁号线即将于年底全线开通试运营为了帮助车站周边居民了解号线概况和乘坐地铁的相关知识昨天月日上午广西大学站组织车站员工走进万力社区开展了一次优选地铁文明出行的宣传活动活动现场地铁工作人员与万力社区的居民朋友们分享了安全文明乘车知识发放了市民乘车展开全文
2016-09-29 08:42,前人之鉴后人之师
2016-09-27 18:37,南宁轨道交通今天月日上午南湖站内迎来了一位特别的客人百岁老人王大爷原来在重阳节即将到来之际王大爷的家人为了满足老人有生之年要坐一次南宁地铁的心愿特意带平日里足不出户的王大爷来到了离家最近的南湖地铁站准备让老人感受一下南宁地铁得知消息的南湖地铁站工作人员早早地就展开全文
2016-09-27 18:31,南宁轨道交通月日下午埌东站站厅迎来了四名外籍乘客他们背着行囊正在站厅里张望着显得有些茫然这一幕被正在巡视站厅的工作人员郭艺看到于是他立即上前询问郭艺用一口流利的英语与这几位外国友人交谈后了解到原来他们是从法国来到中国旅游的大学生下一站是要去越南但苦于语言不通不知如何展开全文
2016-09-26 08:53,南宁轨道交通月日下午一位老人在万象城站出口徘徊当班值班员细心地发现了这一幕立即告知当班值班站长值站得知后上前询问老人情况经了解老人就住在万象城站出口附近的德瑞花园小区下午出门买完菜后乘坐地铁回家但因为中过风致使右脚行动不便老人独自一人不敢乘坐电扶梯值班站长立刻搀扶老展开全文
2016-09-23 17:03,南宁轨道交通今天上午点左右万象城站工作人员通过监控发现在口出入口有一位坐轮椅的老人在家属的陪同下准备进站于是立即通知票亭岗的工作人员到现场询问情况经了解这几位乘客要搭乘地铁前往凤岭站由于坐轮椅的乘客下楼梯不方便于是当班的值班站长立即安排两名工作人员抬起这位坐轮椅的老人从楼展开全文
2016-09-23 15:28,南宁轨道交通好人好事年月日埌东站工作人员在进行日常巡视时发现一张广西师范学院校园卡马上报车控室并在附近尝试寻找失主无果站长发现这一情况根据校园卡的卡面信息经一番周折后终于与当事人取得联系今天年月日校园卡失主到达埌东客运站认领失物值班站长经展开全文
2016-09-22 15:10,来涨姿势
2016-09-22 15:07,南宁有一种两人互动游戏不知道大家懂不懂
2016-09-21 18:00,#世界无车日#,南宁轨道交通世界无车日明天就是世界无车日让我们管住车迈开腿换种方式一起绿色出行世界无车日最早是由法国发起的其宗旨是增强人们的环保意识了解汽车对城市环境造成的危害鼓励人们在市区使用公共交通工具骑车或步行此后这一活动迅速扩展到全球世界无车日活动最早展开全文
2016-09-21 16:42,这么胖还是收进口袋里再过闸吧喵喵喵喵
2016-09-21 08:46,南宁轨道交通优选公交绿色出行年月日为年公交出行宣传周大家尽量多乘坐公交绿色环保出行南宁地铁将以安全快捷高效绿色的服务恭候您绿城南宁靠我们一起来呵护绿色出行小贴士乘客持普通南宁市民卡乘坐地铁每次可以享受折优惠乘坐公共汽车后在分钟内换乘轨道交通的可享受票展开全文
2016-09-19 15:17,南宁轨道交通年月日两会期间会展中心站安全准点地输送乘客超四万人次让我们一起回顾南宁地铁首次服务两会的美妙瞬间秒拍视频秒拍视频
2016-09-19 10:39,还好南宁地铁站台层都有卫生间大家不需要做不文明的事情
2016-09-19 08:59,#万花筒#,虽然咱们地铁站内禁止携带宠物但是看到这么多可爱的喵星人的美图还是好欢乐
2016-09-19 08:30,这些东西很令地铁受伤除了孔明灯外气球塑胶袋动物等进入飞越轨行区时都可能会影响地铁的正常运营
2016-09-18 17:53,#勿忘九一八#,勿忘国耻振兴中华
2016-09-15 21:47,南宁轨道交通南宁地铁祝您中秋节快乐大家在吃什么月饼呢
2016-09-14 18:00,南宁轨道交通月日南宁地铁号线东段首末班车时间恢复为第届中国东盟博览会于年月日圆满闭幕南宁地铁将恢复试运营时间东博会结束后即年月日开始南宁地铁号线东段南湖站至火车东站首末班车时间恢复为请乘坐地铁的乘客注意车站告示南宁轨道交通展开全文
2016-09-14 10:01,"#""MV新锐榜“：2016南宁国际民歌节_南宁歌谣#",南宁变化那么大不禁感叹啊偶们的地铁友情出演哦酷酷
2016-09-14 08:15,#第13届东博会#,没来过广西的朋友请看这里
2016-09-13 19:57,南宁轨道交通应我市邀请我市国际友好城市意大利克雷马市文化经济发展处处长萨尔提尼莫蕾娜女士率代表团一行人于年月日访问我市参加中国东盟博览会系列活动为增进两市交往和友谊加强对外交流代表团一行于月日下午到我集团公司参观和座谈并相互介绍情况寻求合作机会座谈会结束后意大展开全文
2016-09-13 16:00,#早报君今日推荐#,明天就是东博会公众开放日搭地铁去逛买吃
2016-09-13 12:00,#2016东博会#,南宁轨道交通东博会南宁地铁为第届中国东盟博览会提供了一系列特色服务不仅为国内外宾客展现了南宁地铁的快速发展同时还展示了南宁地铁南宁造的合作成果南宁地铁列车的制造厂商中车株洲电力机车公司参展本届东盟博览会将南宁制造推向东盟此外中车株机还携南宁地铁发行的第届中国展开全文
2016-09-13 09:11,#2016东博会#,美女地铁辅警教你如何乘坐地铁逛展会真棒
2016-09-12 22:33,#2016东博会#,南宁轨道交通东博会今天上午在车站工作人员的指引下前来参加第届东博会的缅甸第一副总统吴敏瑞亲身体验了一把南宁地铁出行列车上随行的缅甸代表团贵宾们还玩起了自拍南宁地铁安全准点舒适快捷的运营服务给缅甸友人留下了深刻的印象吴敏瑞一行还参观了车控室和调度指挥中心
2016-09-12 10:57,南宁轨道交通第届中国东盟博览会期间南宁地铁首个微笑服务咨询台在会展中心站提供中英泰柬等语言的咨询服务现场帮助外宾提供酒店查询搭乘建议等服务获得了外国来宾的一致赞扬有外国友人对他们提供的帮助非常满意欲赠送礼品表示谢意工作人员礼貌微笑婉拒礼品
2016-09-09 09:41,#2016东博会#,南宁轨道交通东博会第届中国东盟博览会纪念票销售在即尽管今天是星期五当点开售时间一到在销售纪念票车站的客服中心前已经有市民在排队等候购买纪念票一位刚买到纪念票的阿姨说她每年都会和家人或朋友去逛东博会看看每年有什么新鲜的事物今年有地铁直通会展中心站出行更方便了展开全文
2016-09-08 20:07,#2016东博会#,南宁轨道交通东博会东博会举办期间南宁地铁将延长运营时间第届中国东盟博览会即将于月日拉开帷幕为更好的服务中外乘客及广大市民东博会举办期间南宁地铁将延长南宁地铁号线东段南湖站至火车东站运营时间具体调整时间如下年月日东博会开幕当天南宁地铁号线东段南展开全文
2016-09-08 08:15,#2016东博会#,东博会南宁地铁之友
2016-09-06 15:58,南宁轨道交通今天时分左右接火车东站站台岗刘绍雁报告在上行列车清客时捡到一部苹果手机和一部充电宝车站及时播放广播寻找失主并在车站失物登记本上做好了登记将乘客的物品做好妥善保管分钟后乘客回到本站车控室前认领经值班站长行车值班员乘客共同核对无误后将物品归还给了这位乘客展开全文
2016-09-06 15:28,南宁轨道交通开心一刻地铁公安接到这样的报案会有什么反应笑本宝宝了南宁地铁公安南宁地铁公安网页链接网页链接
2016-09-06 11:43,#2016东博会#,东博会赶紧去守候主题列车出现参与抽奖活动吧
2016-09-05 20:22,#南宁市民卡#,从今往后可以在地铁站喂饱你的市民卡咯
2016-09-05 15:33,#2016东博会#,南宁轨道交通东博会今天第届中国东盟博览会纪念票正式发布月日正式起售本次纪念票限量发售套元套每套可搭乘地铁次发行地点火车东站埌东客运站东盟商务区站万象城站会展中心站南湖站站厅层客服中心第届中国东盟博览会纪念票以新丝路新动力为主题展开全文
2016-09-05 08:38,#2016东博会#,东博会在大南宁生活的你怎么能错过首个主题车站小编也要去现场刷个图体现下国际范儿偷乐偷乐
2016-09-05 08:27,#2016东博会#,东博会想要尝鲜新丝路新动力东博会主题列车的朋友今天就可以去车站坐等啦
2016-09-05 08:17,#2016东博会#,东博会南宁地铁首列主题列车发车啦
2016-09-04 23:13,#晚安，广西#,新浪广西晚安广西舒淇和冯德伦宣布婚讯想到了她主演剩者为王里的这两段台词祝福要永远快乐幸福心心网页链接网页链接
2016-09-03 12:32,南宁轨道交通今天上午时分左右一位岁左右的乘客称月日在火车东站口丢失一袋物品内含衣服充电器雨伞经核实月日火车东站车站工作人员潘访华已拾获并在车站失物登记本上做好了登记将乘客的物品做好妥善保管点分乘客到该站车控室认领周末了大包小包的朋友下车前记得检查随身展开全文
2016-09-01 15:20,#广西联播快讯#,随着号线首个区间的顺利贯通标志着南宁地铁号线工作重心正逐步向盾构区间施工转移鼓掌鼓掌
2016-08-27 14:35,天涯浪子起步中的南宁地铁稍稍比广州地铁人性化一点发红包啦发红包啦不会憋着你南宁长塘镇南宁长塘镇
2016-09-01 08:12,#地铁公安#,感谢地铁公安给力打造安全地铁环境赞赞
2016-08-31 08:24,#南宁新闻#,围观围观围观围观围观围观围观围观
2016-08-30 16:04,南宁轨道交通月日时左右一位乘客在火车东站过安检时不慎将手机遗失在车站火车东站的工作人员张杰发现后及时报告车控室工作人员通过手机通讯录联系上乘客家属时左右该乘客到火车东站认领手机经值班站长行车值班员乘客共同核对无误后将手机归还乘客拿到失而复得的手机乘客高兴地对工作展开全文
2016-08-30 08:53,南宁轨道交通今天上班的路上你打瞌睡了吗歪果仁创奇招安稳打瞌睡
2016-08-29 17:20,#地铁丢钱包#,法律知识要了解哦南宁特警南宁特警提醒拾金不昧是美德捡拾到他人物品可报警求助警方寻找失主切勿起贪念刑法第条规定捡拾到数额较大的遗失物拒不归还的涉嫌侵占罪可处两年以下有期徒刑拘役或者罚金数额巨大或者有其他严重情节的可处两年以上年以下有期徒刑并处罚金
2016-08-29 10:55,南宁轨道交通亲们再急也不要去冲门
2016-08-29 09:18,希望大人能为孩子做出良好的示范及时联系地铁警方纠正自己的行为大家在站内拾到物品或丢失物品可联系地铁站内工作人员登记招领或寻求帮助还可拨打服务热线
2016-08-28 22:33,#温馨提示#,泸沽湖畔的背包人温馨提示乘坐轨道交通出行为了您和他人的安全请自觉配合接受安检有人抱怨南宁地铁安检过严须不知这是为了你我安全出行的必要性且看南宁地铁的工作人员他们身穿工作服佩戴工作证也能犹如普通乘客一样只要进入安检区域都能自觉接受安检但愿此举能够对乘客起到表率作用南宁轨道交通南宁轨道交通
2016-08-26 11:25,南宁轨道交通分享图片
2016-08-24 20:34,南国早报返乡欲体验南宁地铁却因携带管制刀具被拘日月日一男子从广州返乡体验南宁地铁却因随身携带三把长度从厘米至厘米不等的刀具被南宁警方处以行政拘留天的处罚据了解这三把刀具是他在广州捡废品时捡的南宁地铁公安提醒南宁地铁实行严格的安检制度每个进站口都设置安检展开全文
2016-08-24 20:28,新形象被发现了呢偷乐偷乐
2016-08-24 18:13,南宁轨道交通为保障南宁地铁号线全线今年年底顺利开通试运营南宁轨道交通集团全力以赴紧锣密鼓的加快施工调试步伐近日随着南宁地铁号线西段三权移交的完成号线正式进入空载试运行阶段这标志着号线将迎来全线试运营倒计时此次空载试运行历时三个月
2016-08-24 13:38,#平安地铁#,为了大家的安全禁止携带管制刀具进站
2016-08-23 19:21,南宁轨道交通近日会展中心站有了新变化行走在通道中仿佛徜徉在海上丝绸之路在炎炎夏日有没有感受到一阵阵清凉的海风明天的明天还会有新的惊喜吗拭目以待吧
2016-08-23 16:56,南宁轨道交通答案揭晓没错这是地铁的洗车房地铁下班后每日一次人工清洗每周一次自动洗车机清洗
2016-08-23 09:03,南宁轨道交通猜猜这是哪儿
2016-08-22 22:03,#南宁地铁#,泸沽湖畔的背包人南宁地铁南宁轨道交通官方微信有奖参与活动开始啦奖品丰厚哦据说是开通当天市民排队等候多时才买到的首发纪念册爱摄影发现美的伙伴赶紧参与吧当然还有随机参与奖你我都能参与都有机会拿奖重要的是让我们一起发现和传播绿城地铁之美
2016-08-21 16:41,#南宁地铁#,鼓掌鼓掌鼓掌鼓掌鼓掌鼓掌鼓掌鼓掌鼓掌鼓掌鼓掌鼓掌
2016-08-21 15:55,南宁轨道交通我们的列车是如何实现折返的呢
2016-08-19 18:27,南宁轨道交通今天下午南宁市革命老区建设促进会的位离退休干部前往南宁地铁号线参观体验对南宁地铁的发展建设给予了充分肯定
2016-08-18 19:08,答案揭晓啦这只萌货叫合合呵呵
2016-08-18 17:31,#2016东博会#,中国东盟博览会东博会合合君私服出巡地铁站小伙伴们来呀来追我呀人气高的烦恼就让本君默默承受吧注意图图图和图是文明乘坐地铁的错误示范志愿者志愿者南宁特警南宁特警广西日报广西日报中国东盟中心中国东盟中心南宁轨道交通南宁轨道交通
2016-08-18 10:56,南宁轨道交通从今天起由于南宁地铁运营原因造成列车延误给您的出行带来不便可到已经开通运营的各个车站客服中心领取一份致歉信并且受影响的购票乘客可在次日起日内到客服中心办理退票
2016-08-18 08:29,南宁轨道交通感谢大家对南宁轨道交通官方微博的关注和关心南宁地铁在客服中心窗口设置了乘客留言簿欢迎大家在留言簿上留下宝贵的建议和意见同时也可以通过微博热线电话等途径提出我们将虚心接受市民和乘客的建议或意见不断改正方式方法努力提供更加优质的服务
2016-08-17 21:35,#中国男人100年发型变化#,新浪广西原来杀马特是年流行起来的笑笑我们都经历了些什么卧槽简直碉堡了造型师小邱告诉你中国男人年发型变化原来杀马特是年流行起来的看久了还有点帅是怎么回事主描眼线的手法堪称一流一看就知道是贵族哈哈哈笑笑张江张江的秒拍视频张江的秒拍视频
2016-08-17 21:02,#2016东博会#,今天有个萌货来坐地铁它叫合合是谁家的宝宝不着急未来在我们的车站和列车上都会看到它的身影亲亲亲亲
2016-08-17 20:32,南宁轨道交通今天会展中心站来了一位萌萌的客人哈哈哈哈
2016-08-17 12:03,南宁轨道交通南宁轨道交通官方微博开通啦关注南宁轨道交通南宁轨道交通为您提供官方资讯带你深入了解南宁地铁今天为大家呈现凌晨整装待发的南宁地铁列车
2016-08-17 11:25,#粉丝服务平台#,南宁轨道交通我刚刚开通了粉丝服务平台马上关注我即可通过私信获取我的独家资讯和服务已经关注我的粉丝请发送私信给我激活您的专属特权一起感受一下吧
