2019-03-25 10:09,搭捷运到台北找温尚翊我一定要尽快安排上的因为我周五又有小飞象了
2019-03-25 07:33,搭捷运到台北找温尚翊每天醒来想想要见鹅子了妈妈就激动搭捷运到台北找温尚翊的微博视频搭捷运到台北找温尚翊的微博视频
2019-03-24 00:18,搭捷运到台北找温尚翊晚了半个小时来二刷惊队不说看着惊队的我努力的安利杭州杭州
2019-03-22 16:21,搭捷运到台北找温尚翊金钟仁妈妈可以
2019-03-21 22:35,搭捷运到台北找温尚翊倒计时
2019-03-17 01:26,最近这瓜吃的要重新爱上郑容和了回坑第一步站刷视频刷到现在并不简单并不简单我以前真的好傻逼一女的查看图片
2019-03-16 13:56,#原来是美男#,回复真回忆杀以及一天到晚就你吃瓜最积极并不简单并不简单搭捷运到台北找温尚翊搭捷运到台北找温尚翊
2019-03-14 23:34,他第一次冲上云霄的笑容我已经很久没见到了漫威影业漫威影业真的您什么时候死
2019-03-14 10:58,搭捷运到台北找温尚翊追到退团解约丑闻满天飞也不是没遇到过和前队友粉撕到鱼死网破也不是没有过只是没想到二代团要以这种方式退场我记得你们每个团登顶时风光无限我也埋怨你们亲手把我的幻想戳破那个地方还是会去到底是什么心态我也说不清或许只是单纯怀念一下故人吧
2019-03-13 23:42,搭捷运到台北找温尚翊我想要锤子要锤子你要个锤子你要卑微闭麦喝了这杯咖啡然后
2019-03-12 14:13,搭捷运到台北找温尚翊你怎么杰个样子呢王八蛋呢
2019-03-12 02:10,搭捷运到台北找温尚翊吃瓜吃到自己墙头身上但我还是愿意再相信你一次死泡菜圈我早晚脱得干干净净以及钟仁妮是我最后的倔强又是一个不眠夜叹气
2019-03-11 18:31,#人生無限公司台中最終場#,可以听透露了悲伤悲伤
2019-03-10 23:44,搭捷运到台北找温尚翊改论文期间能干多少事呢比如剪掉这盆永生花的塑料包装盒而这盆花已经买了快一年了
2019-03-09 17:06,搭捷运到台北找温尚翊悲伤悲伤
2019-03-05 13:20,搭捷运到台北找温尚翊今日午间爆笑哈哈哈哈哈哈哈哈哈哈哈哈哈哈哈哈
2019-03-04 22:48,我来了太开心太开心
2019-03-03 18:59,搭捷运到台北找温尚翊我好像得病了老友记又看到了第五季想起来之前说看到第四遍我就去结婚现在六七遍都有了吧笑早上醒来看见外边好亮心想糟了要迟到一看手机了心里盘算着到底怎么去正准备下床发现今天原来周日啊虚惊一场人好像都需要归属感或是占有感想起来你对我说拿着给我发的图去发朋友圈过分展开全文
2019-03-02 18:44,誰忘了要給你溫柔
2019-02-27 18:00,搭捷运到台北找温尚翊只求最后一幕大合唱搭捷运到台北找温尚翊的微博视频搭捷运到台北找温尚翊的微博视频
2019-02-26 01:15,搭捷运到台北找温尚翊我好坏啊对不起对不起对不起真的对不起
2019-02-24 17:10,搭捷运到台北找温尚翊祝你圣诞快乐祝你永远爱吃炸鸡祝你勇敢迈出第一步
2019-02-23 01:51,搭捷运到台北找温尚翊
2019-02-22 08:43,搭捷运到台北找温尚翊再一次为自己没及时买票而后悔
2019-02-17 04:14,搭捷运到台北找温尚翊如图所示
2019-02-16 17:45,搭捷运到台北找温尚翊
2019-02-16 01:24,搭捷运到台北找温尚翊别找我成吗
2019-02-15 01:22,搭捷运到台北找温尚翊爱牙叔
2019-02-14 14:38,搭捷运到台北找温尚翊特别的日子被爸爸拥抱在心口嘻
2019-02-14 13:36,情人节快乐以后都要小甜饼每天都是小甜饼太开心太开心
2019-01-07 15:52,搭捷运到台北找温尚翊五月天巡回结束第二天我在干什么感慨牛都开始卖香港的票了牛都比我努力我有什么理由不努力要搞到林俊杰杭州的票
2019-01-07 07:20,希望第代大型巡回时我还不满岁太开心太开心
2019-01-05 23:42,姐妹来了不能让你们感到孤独和陈信宏同一天生日的阿雀和陈信宏同一天生日的阿雀下面的四条哈哈哈是我们怂包三姐妹快看這裡有只番茄快看這裡有只番茄这不是我们的沙雕哈哈哈群吗哈哈哈哈哈在首页看到了本群聊天记录我喜歡你啊你聾了嘛我喜歡你啊你聾了嘛啾啾甜宏的铁鬓角啾啾甜宏的铁鬓角怒骂怒骂怒骂怒骂怒骂怒骂
2019-01-04 10:26,搭捷运到台北找温尚翊我的西安之行太开心太开心
2019-01-01 15:46,太开心太开心太开心太开心诚实
2018-12-29 22:26,搭捷运到台北找温尚翊亲亲亲亲亲亲亲亲
2018-12-29 10:26,搭捷运到台北找温尚翊希望年也能顺利找盛晓雯去睡觉
2018-12-29 07:06,完成一件还有一件搭捷运到台北找温尚翊搭捷运到台北找温尚翊今天两件大事
2018-12-28 09:46,倒计时
2018-12-28 06:06,今天两件大事
2018-12-26 14:32,搭捷运到台北找温尚翊一天跑银行八百次我看建行那个哥今天看见我倍加亲切姐姐您今天转还是呀我今天来开户二哈二哈真是能给我烦死
2018-12-25 09:59,搭捷运到台北找温尚翊原来世上真的有圣诞老人
2018-12-24 12:14,搭捷运到台北找温尚翊年只看了十本书噢好棒喔微笑微笑
2018-12-22 18:45,搭捷运到台北找温尚翊分享图片
2018-12-22 18:35,搭捷运到台北找温尚翊要做漫威一辈子无脑吹太开心太开心
2018-12-20 20:02,搭捷运到台北找温尚翊三鞠躬我爱小静静小静静就是个人美心善的小仙女唯静埋雪唯静埋雪
2018-12-20 09:51,搭捷运到台北找温尚翊我喜歡少年時期的陳信宏也喜歡中年時期的陳信宏我最喜歡陳信宏
2018-12-18 07:21,搭捷运到台北找温尚翊分享单曲我怎么哭了我怎么哭了网易云音乐网易云音乐
2018-12-14 18:39,搭捷运到台北找温尚翊米老鼠米老鼠
2018-12-13 23:44,搭捷运到台北找温尚翊我近两年最喜欢的一个系列的书拍成了电视剧我就好难过我甚至有点抗拒看这个电视剧我只想让这个系列属于我自己当我自己的月亮哎说起来也是大火书籍我怎么多事呢
2018-12-07 21:35,搭捷运到台北找温尚翊漫威影业漫威影业出来挨打王八蛋
2018-12-06 09:01,#五月天阿信1206生日快乐#,搭捷运到台北找温尚翊主理人生日折还不买吗买买买给孩子过生日五月天阿信生日快乐
2018-12-06 07:00,生日快樂阿信阿信搭捷运到台北找温尚翊搭捷运到台北找温尚翊没有写点什么东西的今年最近被许多事情烦的感觉糟糕透了的这年翻起前两年给你写的话矫情又有力量喜欢你感觉真好生日快乐依然我的北投少年阿信阿信查看图片
2018-12-02 00:31,#和42的日常#,搭捷运到台北找温尚翊和的日常姊妹今天也在线上追星
2018-11-28 18:31,搭捷运到台北找温尚翊你們就是五月天我們都是拱廊
2018-11-28 06:57,搭捷运到台北找温尚翊小温生日这天我像往常一样起的很早去上班此刻在地铁上打开真相是真听的快想泪流满面我只希望你能开心五月天怪獸五月天怪獸生日快乐
2018-11-23 16:50,搭捷运到台北找温尚翊午休时间全部拿来自拍我就是东丽最亮的崽
2018-11-18 18:12,搭捷运到台北找温尚翊
2018-09-30 19:50,搭捷运到台北找温尚翊分享图片
2018-09-28 15:38,搭捷运到台北找温尚翊
2018-09-28 11:57,搭捷运到台北找温尚翊天邊風光身邊的我都不在你眼中温柔温柔
2018-09-24 09:27,搭捷运到台北找温尚翊有你的将来有你的将来
2018-09-19 20:33,我都记着呢时间过的多快呀查看图片
2018-09-16 20:09,搭捷运到台北找温尚翊他们只是在河对岸看着你告诉你生活有无数可能性可我怀揣着不确定走的每一步让我感到疲惫
2018-09-14 23:51,我去你妈的
2018-09-11 21:07,搭捷运到台北找温尚翊我妈真的每天太让我欢乐了哈哈哈哈哈哈哈哈哈
2018-09-04 19:16,搭捷运到台北找温尚翊想起来我那天去买耳机我问小哥如果我想调大音量应该怎么办呢小哥说你可以直接和对话阿帮我调大跳大调小音量我说那如果我在地铁上人很多这样做会不会很智障小哥想了想有一点二哈二哈二哈二哈二哈二哈
2018-09-02 09:34,#和42的日常#,戳进话题贡献阅读和的日常
2018-09-01 19:07,搭捷运到台北找温尚翊今日份快落追星涌有了人言哥哥的画看到了怪老师的吉他想在哥的锁骨里游泳阿信阿信十分感谢小姐姐那么忙还接待我店里真的太棒啦污污番茄炒蛋加豌豆番茄炒蛋加豌豆
2018-08-25 04:02,搭捷运到台北找温尚翊半夜收拾屋子发现我还有个阿茫的小金人呢我都忘了这一茬了以及我还涌有怪兽哥的签名呢哈哈哈追星使我快乐明年五月我必须安排上以及复刻的和你要去哪里我必须涌有
2018-08-24 18:43,搭捷运到台北找温尚翊人生无限公司内地最终场要缺席了今天带着阿茫出来吃甜品看蚁人虽然这个并没有什么联系希望明年月月复刻都能安排上未来年请多多指教未来请一直多多指教阿信阿信五月天怪獸五月天怪獸
2018-08-21 18:02,搭捷运到台北找温尚翊所以这么多年来拥抱一直是我心里的从年的那一个人爱我到年的哪一个人爱我今天一起在倫敦的夜空下唱一首年的擁抱
2018-08-19 20:43,搭捷运到台北找温尚翊郑州士多啤梨餐厅熙地港店郑州士多啤梨餐厅熙地港店
2018-08-07 04:23,搭捷运到台北找温尚翊阿信阿信你才是神经病骂谁呢花钱买了个月包的大半夜翻墙看你们说乐色话看了一个多小时然后居然看的心情顺畅了点好那就这个样子我承认我是神经病搭捷运到台北找温尚翊的秒拍视频搭捷运到台北找温尚翊的秒拍视频
2018-08-03 19:13,搭捷运到台北找温尚翊那三月綻放了誓言在四月遺落了謊言而五月我依然眷戀
2018-07-31 20:26,搭捷运到台北找温尚翊我的今天的生命仿佛从这刻才开始不喝咖啡的我简直就是一个灵魂出窍
2018-07-30 22:16,搭捷运到台北找温尚翊姊妹们这个点吃了个早饭跟着姊妹们永远有你想不到
2018-07-30 04:00,搭捷运到台北找温尚翊这个点和姊妹聊天聊到了现在从床上聊到现在从闭灯聊到开灯从身边八卦聊到五月天又聊到姊妹还定了去迪士尼的闹钟然后我们俩取消了决定睡过去上海中海馨园上海中海馨园
2018-07-28 13:26,搭捷运到台北找温尚翊阿信阿信来吃个松饼还给你修了个桌子没关系我爱你这都没关系上海上海
2018-07-28 02:21,我还没出场馆就接收到了你发微博的提醒你说你是不是个大猪蹄子
2018-07-28 02:19,搭捷运到台北找温尚翊下次见面前我一定会更用力更温暖的活着人生无限公司第场打卡谢谢你给我了这么棒的回忆我终于又看清了你的脸你的表情你唱倔强时的样子没有透过荧幕用我的眼睛真切的感受到了我都会一一保存在心里下次我们还要更好的相见噢上海上海
2018-07-27 11:10,是花生馅儿的团团是花生馅儿的团团张皓宸的大长腿张皓宸的大长腿
2018-07-25 03:44,我要去见你了去见证这次巡演第场的奇迹去和你共享三个小时的星空我经常会翻到你这条年前的微博你不是我的全世界但你是我小小世界里最信任最喜欢最离不开的一部分海风吹来了太阳下山了我一直在等你呢
2018-07-07 00:03,#一生活一场五月天#,
2018-07-06 23:52,搭捷运到台北找温尚翊真的好过分阿这个人搭捷运到台北找温尚翊的微博视频搭捷运到台北找温尚翊的微博视频
2018-07-06 14:36,搭捷运到台北找温尚翊重庆重庆
2018-07-05 03:08,搭捷运到台北找温尚翊半夜看见北京上海快官宣了害怕的毫无睡意老天鹅阿我一定要去看第场我一定要去无限放大二哈二哈
2018-07-04 18:52,搭捷运到台北找温尚翊今日份可恶的你这是看不起我温捷运
2018-05-20 20:42,搭捷运到台北找温尚翊五月天牙关牙关牙关音乐音乐
2018-05-15 18:51,搭捷运到台北找温尚翊记与欢乐的一天
2018-05-14 13:55,搭捷运到台北找温尚翊最爱的人永远是少年
2018-05-13 15:55,也许我这一生始终在追逐那颗九号球却忘了是谁在爱我
2018-05-12 00:43,搭捷运到台北找温尚翊很好我刷题听歌听了我下次见你的新故事可能是更糟糕的身体更不够的睡眠以及更贵的化妆品阿信阿信二哈二哈八点考场见以及我终于可以看妇联啦污污
2018-05-10 22:04,搭捷运到台北找温尚翊这些年买过的墙头本命的专辑以及这些年买过的我都不相信我曾经为了支持陈信宏去买了的气球气球气球脑子里是装水了吗
2018-05-01 14:53,搭捷运到台北找温尚翊打卡交钱我爱陈信宏阿信阿信北京北京
2018-05-01 00:52,搭捷运到台北找温尚翊打卡我你你我天津天津奥林匹克中心天津天津奥林匹克中心
2018-04-30 03:43,搭捷运到台北找温尚翊洗了澡刷微博怎么也睡不着我又真情实感的追星了哎今天的歌单真的让我很奔溃对着我各个击爆最后唱完倔强在座位上擦了半天眼泪调整了半天情绪才收拾收拾回去前进的路一点也不好受努力的日子不好过那些烂在肚子里的话咀嚼烂了的奔溃压力在见到你的时候得到释放除了鸟巢合唱我听倔强从来没哭过展开全文
2018-04-30 03:33,心心
2018-04-30 01:26,搭捷运到台北找温尚翊我爱叔叔们明天继续
2018-04-26 09:46,搭捷运到台北找温尚翊作为一名合格的迷妹听到倔强立刻放下手中正在看的书端正的认真的听这首倔强
2018-04-21 01:08,搭捷运到台北找温尚翊我到底啥时候考试我到底什么时候能看妇联三我到底要在什么地方看妇联三我真滴气死了我到底能不能看妇联三我真滴很生气很生气我想看妇联三
2018-04-14 08:59,今天明天我滴和我查看图片
2018-04-10 23:03,嘻嘻查看图片
2018-04-10 10:46,搭捷运到台北找温尚翊一到抢票前就紧张这到底是什么烂习惯阿我摔
2018-04-09 23:15,希望我滴明天加油爱你爱你
2018-04-05 19:27,#五月天苏州演唱会#,搭捷运到台北找温尚翊出两张五月天苏州演唱会内场票原价出五月天苏州演唱会
2018-04-04 15:00,搭捷运到台北找温尚翊这位不愿透露姓名得大姐我们叫她孟冰我真的很冷漠我真的很冷漠希望这位冷漠大姐可以好好反思一下污污
2018-04-04 12:21,搭捷运到台北找温尚翊一件东西代购那拿专柜如果我因为急用去专柜买那我是不是个傻逼友情提醒我中间隔乐快两瓶粉底液的钱
2018-03-27 00:04,#林俊杰0327生日快乐#,前夫生日快乐心心
2018-03-26 11:40,阿我真的好想见你提纲写不出来真的好惆怅突然好想你这是我的温柔还你你的自由岁的少年感我的胖宏宏今天也是倒计时的一天查看图片
2018-03-26 11:30,嘤嘤嘤我真的好想见胖胖的大宏宏和一起嘻嘻嘻嘻是花生馅儿的团团是花生馅儿的团团结实大哭还有一个月就见面啦在天津等你
2018-03-24 01:54,想想四月又要去见你了我就好激动我会好好学习带着女朋友去见你我们俩会乖乖的买希望你快乐恋爱了要快乐不恋爱了也要快乐熬夜了要快乐不熬夜也要快乐每一次见你都很幸福真奇怪见了你这么多次第六次见你的时候又激动的好久之前开始倒数哎呀我真的好啰嗦可是我真的好开心阿信阿信
2018-03-16 18:03,搭捷运到台北找温尚翊心心天津天津伊势丹天津天津伊势丹
2018-03-09 00:36,嘿北投少年阿信阿信我们又快要见面啦晚安心心
2018-03-09 00:26,搭捷运到台北找温尚翊而我知道而我知道欢迎来到欢迎回到
2018-03-02 00:56,搭捷运到台北找温尚翊还是不忍心把老友记看完这是第五次鼓起勇气开始看第十季看到第十集和准备换房子的时候实在看不下去了把视频关了不希望结束想起之前看到的一个采访再重新开始看好了这样就的新室友
2018-02-24 12:28,搭捷运到台北找温尚翊超自觉的我本人污污
2018-02-20 12:10,搭捷运到台北找温尚翊在咖啡店吃火锅的会跳的本土与
2017-11-30 11:21,搭捷运到台北找温尚翊我们的小可爱丹姐太开心太开心
2017-11-28 00:05,#1128易烊千玺生日快乐#,不客气喵喵喵喵我的怪兽哥也生日快乐太开心太开心查看图片
2017-11-25 10:18,搭捷运到台北找温尚翊今年的读书这速度也是很让人捉急了希望接下来我能有本事读一下曾国潘家书要是实在读不懂就算了
2017-11-20 09:41,搭捷运到台北找温尚翊昨天高高兴兴从网红图书馆出来看见的大吓得头晕我真的是拜拜拜拜昨天是愉快的一天今天是要学习的一天摊手摊手
2017-11-17 18:45,搭捷运到台北找温尚翊生活处处有惊喜太开心太开心柴米油盐和杏红柴米油盐和杏红
2017-11-09 16:17,搭捷运到台北找温尚翊见完导师回来觉得但想了想这个进度条终于又能向前动一点了也是一件值得庆贺的事准备打开电脑看语法视频发现忘记下载了悄悄打开老友记觉得世界都亮了想永远生活在老友记里写论文考托业找时间去二刷锤基之恋加油加油太开心太开心
2017-11-09 15:57,搭捷运到台北找温尚翊
2017-11-03 22:49,搭捷运到台北找温尚翊新鲜事每次发三分好累
2017-11-03 13:40,真撑二哈二哈二哈二哈
2017-10-28 00:11,搭捷运到台北找温尚翊
2017-10-27 19:26,搭捷运到台北找温尚翊七八九我们私奔到月球
2017-10-24 16:16,搭捷运到台北找温尚翊那你睡吧
2017-10-22 22:55,搭捷运到台北找温尚翊分享视频天津天津欢乐谷天津天津欢乐谷搭捷运到台北找温尚翊的秒拍视频搭捷运到台北找温尚翊的秒拍视频
2017-10-10 12:25,搭捷运到台北找温尚翊我的快递什么时候才能到呢我的大棉袄阿
2017-10-02 19:17,搭捷运到台北找温尚翊论一个优秀的迷妹上海上海
2017-09-17 17:52,搭捷运到台北找温尚翊佳冀丸子打电话她问你怎么了我说我就是有点烦她说我还以为你是受欺负了还是咋了我说怎么可能谁敢招下我试试她说我想了想也是你应该不会受欺负我也是个需要关怀的女孩子好嘛二哈二哈
2017-09-10 23:57,搭捷运到台北找温尚翊人生真的是需要时机我真的是摊手摊手摊手摊手摊手摊手
2017-09-07 23:47,搭捷运到台北找温尚翊新生活让我身心疲惫感觉自己活得像一个老妇女二哈二哈天津天津
2017-09-01 00:04,搭捷运到台北找温尚翊太开心太开心搭捷运到台北找温尚翊的微博视频搭捷运到台北找温尚翊的微博视频
2017-07-20 00:21,五年前第一次见你心心查看图片
2017-07-04 01:27,左手右手我都去过我骄傲了吗我当然骄傲了笑而不语笑而不语还有北京天津武汉等我有钱了要去陈信宏每一个店里交水电费查看图片
2017-06-25 23:43,搭捷运到台北找温尚翊分享图片
2017-06-24 21:12,你说青春是挽不回的水很戳我的是什么是陈信宏听到是他的时候他转头看着团长说拿到了我好开心又好难过啊
2017-06-24 21:05,最佳作词人你好阿太开心太开心
2017-06-24 18:47,搭捷运到台北找温尚翊五年前最佳作词人结果出来那一刻替陈信宏委屈现在过去这么多年了这个奖我早就觉得没什么了陈信宏写的歌词在我心里的意义早就比这个奖要重要的多如果这个奖能让阿信开心的话我当然希望你能得如果阿信早就和我一样无所谓那就开心就好了啊你们对于歌迷的意义早就不是这些奖项能说的清的展开全文
2017-05-16 18:12,搭捷运到台北找温尚翊传说中的性冷淡总之很开心太开心太开心
2017-05-14 16:05,搭捷运到台北找温尚翊嘉嘉嘉嘉笑而不语笑而不语
2017-05-04 10:48,搭捷运到台北找温尚翊是捷运我本人啦资源共享的朋友是真朋友二哈二哈台湾花蓮火車站台湾花蓮火車站
2017-04-28 21:47,搭捷运到台北找温尚翊噢我的陈信宏一张大巴车上的小巨蛋台湾台北捷運北投站台湾台北捷運北投站
2017-04-27 17:43,搭捷运到台北找温尚翊最难过的是错过时期的陈信宏穿着度满满的少年感分享五月天的歌曲生存以上生活以下生存以上生活以下生存以上生活以下分享自虾米音乐虾米音乐
2017-04-23 10:09,搭捷运到台北找温尚翊勾勾手盖手印下次见心心
2017-02-04 23:35,搭捷运到台北找温尚翊时隔多年要开始抢票了明天好运馋嘴馋嘴
2017-02-02 14:23,搭捷运到台北找温尚翊我问领导我是喝咖啡还是喝雪顶咖啡领导说就你这傻逼胃大冬天和什么呢雪顶咖啡我还是喝了雪顶咖啡骷髅骷髅
2017-02-01 12:47,搭捷运到台北找温尚翊希望那些微信都已经把我拉黑的朋友就不要再偷我的蚂蚁森林了
2017-01-25 00:50,#池晟韩剧被告人#,搭捷运到台北找温尚翊很久没有因为一部剧激动成这个样子了特地发条微博纪念二哈二哈池晟韩剧被告人
2017-01-21 23:05,是时候转出来了
2017-01-10 17:31,搭捷运到台北找温尚翊分享五月天的歌曲温柔温柔温柔分享自虾米音乐虾米音乐
2017-01-04 15:30,#黄金渔场-radiostar#,你懂我哈哈哈哈哈哈哈嘉嘉嘉嘉搭捷运到台北找温尚翊搭捷运到台北找温尚翊
2017-01-02 22:26,行天宫后二楼前座那个小房间
2017-01-01 22:21,今晚在小巨蛋演唱會上五月天安可唱到憨人阿信感性對上萬歌迷說有一天他們老到不能再復刻任何演唱會時請歌迷在腦海裡想像曾有的回憶想像演唱會的一切感動那會是他們最後一場演唱會阿信請全場把燈關掉不僅粉絲手上的螢光棒不再閃亮場燈也關掉他說希望小巨蛋裡僅剩下他們的歌聲展开全文
2017-01-02 00:21,搭捷运到台北找温尚翊我也太能吃了吧
2016-12-31 20:26,搭捷运到台北找温尚翊上海陆家嘴上海陆家嘴
2016-12-28 17:09,我馋嘴馋嘴张皓宸的大长腿张皓宸的大长腿搭捷运到台北找温尚翊搭捷运到台北找温尚翊
2016-12-27 14:42,搭捷运到台北找温尚翊
2016-12-06 16:47,我焦躁不安但我努力克制不让自己看起来异样不点开手机听五月天让我自己远离你们我知道我可能一触碰到关于你们的东西就使自己心里建造的围墙坍塌可是手机短信还是提醒我你发了微博点开之后才发现原来这天我家老陈生日阿不负责任的忘了你的生日二哈二哈我和你头号迷妹一起祝你生快心心查看图片
2016-11-28 23:40,能让我特意点开微博的也只有你了结了婚以后语气果真透露着为人夫的幸福感二哈二哈生日快乐怪兽哥爱你爱你一起到更远的未来吧心心查看图片
2016-11-28 07:45,#五月天怪兽1128生日快乐#,生日快乐爱你爱你
2016-11-23 00:06,搭捷运到台北找温尚翊用光完美
2016-11-20 00:58,搭捷运到台北找温尚翊张皓宸的大长腿张皓宸的大长腿爱您心心
2016-11-17 14:11,搭捷运到台北找温尚翊我是不是你最爱的人哥晴宇妹妹晴宇妹妹
2016-11-16 16:03,哈哈哈哈哈哈哈哈哈哈二胖二胖哈哈哈哈哈哈哈哈哈哈哈哈哈什么鬼
2016-11-11 23:21,搭捷运到台北找温尚翊分享图片
2016-11-02 13:17,搭捷运到台北找温尚翊
2016-10-31 23:11,搭捷运到台北找温尚翊分享图片
2016-10-27 15:07,陳家小昕茹影隨行歌迷回家吧五月天不要歌迷回家吧五月天不要歌迷回家了沒有錢聽你們唱了五月天有歌迷難道要從退學辭職開始唱嗎展开全文
2016-10-22 21:05,搭捷运到台北找温尚翊分享图片
2016-10-19 00:20,搭捷运到台北找温尚翊我爱我西皮张皓宸的大长腿张皓宸的大长腿
2016-10-18 15:30,#五月天2016就是演唱会#,可愛可愛可愛可愛
2016-10-16 01:01,搭捷运到台北找温尚翊你不曾离开五月天
2016-09-28 12:52,的五月天自传宣传期影音资料汇总内容见图一下载链接网页链接网页链接中秋的时候发过一个简单整理的懒人包现在节目陆续放送完毕也是时候给这个夏天画上一个句点简单整理一下心情也马上要过去了时间好快
2016-10-14 00:44,#五月天#,转发微博
2016-10-13 22:10,相信音樂五月天自傳全專輯試聽每一幀畫面都可以當壁紙了吧互相膜拜互相膜拜互相膜拜
2016-09-30 20:18,#五月天#,搭捷运到台北找温尚翊五月天五月天上海演唱会求两张五月天上海的门票非原价勿扰
2016-09-11 16:43,发胶不错
2016-09-11 12:47,搭捷运到台北找温尚翊如果大家遇到这种朋友可以绝交了
2016-07-13 14:06,这个一定要转出来阿不然大爷们每过一段时间都被黑一次终于被点赞了姍姍姍姍回复思想火炬思想火炬的赞事实证明想要去认真看的人都会看到
2016-07-12 16:06,姍姍这是一件很无奈的事无论我们拿出多少证据无论陈信宏讲过多少遍中国台湾台湾省中国人老家泉州不蓝不独不绿无论这些话他说多少遍那些不想听不想看的人永远都会闭着眼睛乱说无论陈信宏怎么做无论我们怎么做到最后都会被说是追星无底线的脑残粉可你们看看我们每一个人的微博有展开全文
2016-07-10 23:08,搭捷运到台北找温尚翊
2016-07-05 21:30,静之天空静之天空五月天如果我們不曾相遇网页链接网页链接五月天如果我們不曾相遇歌詞版五月天如果我們不曾相遇五月天如果我們不曾相遇下載网页链接网页链接找附圖好累汗汗
2016-07-04 21:10,#秒拍#,五月天资讯台你沒看過的五月天起每週五晚上七點到九點歡樂台頻道畫質感人系列网页链接网页链接使用秒拍錄製
2016-06-28 14:20,搭捷运到台北找温尚翊我跟外卖小哥说我快递在门卫那你来的时候能不能帮我取一下然后他把电话挂了拜拜拜拜
2016-06-27 22:59,#五月天作品9号#,转发微博
2016-06-25 18:58,
2016-06-24 19:21,#作品9号#,好奇陈信宏这些年的心路变化关于感情永远是虐虐虐从歌到
2016-06-20 21:14,搭捷运到台北找温尚翊哎
2016-06-18 21:26,回复二胖二胖我决定把第一可爱的称号让给他我第二二胖二胖搭捷运到台北找温尚翊搭捷运到台北找温尚翊脑林和你的狗
2016-06-18 18:07,搭捷运到台北找温尚翊这个傻逼承包了我今天的笑点哈哈哈哈哈哈哈二胖二胖
2016-06-17 18:30,回复平常在首页能看见大半个娱乐圈搭捷运到台北找温尚翊搭捷运到台北找温尚翊
2016-06-15 11:42,音悦五月天饭团又是一年毕业季这首十万人的干杯让你回忆起与他们在一起时的点点滴滴心心秒拍视频秒拍视频
2016-06-14 21:09,搭捷运到台北找温尚翊分享图片
2016-06-12 20:48,搭捷运到台北找温尚翊分享图片厦门曾厝垵厦门曾厝垵
2016-06-12 17:04,搭捷运到台北找温尚翊脏脏的水厦门鼓浪屿海边厦门鼓浪屿海边秒拍视频秒拍视频
2016-06-05 13:53,一颗胡萝北阿信我就吃一口
2016-06-10 21:43,搭捷运到台北找温尚翊分享图片厦门厦门
2016-06-10 21:23,#张皓宸#,张皓宸张皓宸你不是吗
2016-06-07 18:02,你有毒
2016-06-07 13:29,搭捷运到台北找温尚翊散伙饭第顿
2016-06-05 18:22,搭捷运到台北找温尚翊我跟李丹说李丹我以后就见不到你了李丹说我也见不到你了嘚瑟啥啊你拜拜拜拜
2016-06-05 16:47,爱你爱你爱你爱你爱你爱你搭捷运到台北找温尚翊搭捷运到台北找温尚翊好棒
2016-06-05 14:14,真可爱
2016-06-02 16:28,陳暉暉暉回家了
2016-05-31 23:17,我就不提我的了拜拜拜拜拜拜拜拜
2016-05-31 13:52,回复图片评论评论配图搭捷运到台北找温尚翊搭捷运到台北找温尚翊泪泪泪泪
2016-05-31 03:25,#五月天派對動物#,老大团长日快乐
2016-05-29 21:43,回复你前夫也是有点萌笑笑搭捷运到台北找温尚翊搭捷运到台北找温尚翊
2016-05-26 12:45,搭捷运到台北找温尚翊分享图片
2016-05-26 02:53,你最帅爱你爱你
2016-05-25 01:10,毕竟大家都上了点年纪
2016-05-25 01:07,最近卖了不少萌拜拜拜拜
2016-05-23 21:41,哆啦夢花心哆啦夢花心哆啦夢花心哆啦夢花心哆啦夢花心哆啦夢花心
2016-05-23 18:18,搭捷运到台北找温尚翊害羞害羞
2016-05-11 14:08,转发微博
2016-05-06 00:13,我只是想看一下你们的脸能不能赏个脸别的我都不管
2016-04-30 23:44,看见这条短信的时候简直老泪枞横查看图片
2016-04-29 00:08,搭捷运到台北找温尚翊张皓宸的大长腿张皓宸的大长腿
2016-04-25 12:27,搭捷运到台北找温尚翊一定要显摆一下系列哆啦梦花心哆啦梦花心
2016-04-25 00:07,五月天吧嘿玛莎生日快乐瑪莎瑪莎玛莎的小事玛莎的小事
2016-04-20 13:39,搭捷运到台北找温尚翊你的第二人生
2016-04-18 19:43,
2016-04-18 20:52,
2016-04-18 18:12,暴击
2016-04-15 16:44,搭捷运到台北找温尚翊前几天李丹给我说我看见老友记演员重聚了阿你不是可喜欢他们我是的是的我一下就哭出来了李丹你咋天天那么爱哭阿拜拜拜拜拜拜拜拜拜拜拜拜拜拜拜拜
2016-04-15 14:51,搭捷运到台北找温尚翊看我好吗
2016-04-14 12:16,搭捷运到台北找温尚翊分享图片
2014-02-05 03:39,陳暉暉暉嗨大家好久不見新年快樂就是呢我現在在西班牙做交換回台灣後就畢業成為社會新鮮人至於大學生了沒也即將告一個段落所以說我再也不是大學生了沒的陳暉我知道很多人關注我支持我謝謝你們的陪伴也歡迎跟我一起踏入下一個階段要離開的人還是很謝謝妳們曾經陪伴我希望你們也一切順利愛你們
2016-04-10 17:33,搭捷运到台北找温尚翊漫步漫步
2016-04-09 15:50,搭捷运到台北找温尚翊港真我本人已经控制不住此人对我爱的表达了喵喵喵喵张皓宸的大长腿张皓宸的大长腿
2016-04-07 09:44,搭捷运到台北找温尚翊分享歌单许巍的歌是岁月酿的酒许巍的歌是岁月酿的酒网易云音乐网易云音乐
2016-04-05 20:41,搭捷运到台北找温尚翊分享单曲致自己致自己网易云音乐网易云音乐
2016-04-04 10:14,搭捷运到台北找温尚翊分享图片
2016-04-01 22:16,搭捷运到台北找温尚翊分享图片
2016-03-30 00:47,期許一個更好的明天
2016-03-29 22:54,哭
2016-03-29 15:29,马上就要见昆昆了保佑我的论文
2016-03-29 09:41,#五月天329成军日#,五月天成军日心心
2016-03-27 00:24,#林俊杰0327生日快乐#,搭捷运到台北找温尚翊在跟我的深夜交谈中猛然想起来我林今天生日掐指一算大概了祝我前夫生日快乐我接着买你专辑林俊杰林俊杰林俊杰生日快乐张皓宸的大长腿张皓宸的大长腿过来跟我一起祝前夫生日快乐喵喵喵喵
2016-03-26 18:10,搭捷运到台北找温尚翊分享图片
2016-03-24 20:49,#写给35岁的林俊杰#,林俊杰国际歌友会林俊杰国际歌友会写给岁的林俊杰林俊杰和自己对话音乐巅峰盛典即便人群都散尽剩我形单影只我依然愿意欣赏完所有节目不辜负排练的辛劳尊重最爱的音乐心怀一颗音乐人对音乐的炽热和敬畏音乐人林俊杰心心
2016-03-22 14:35,
2016-03-21 21:39,搭捷运到台北找温尚翊我苹果一个拥有四个微信号的天才喵喵喵喵张皓宸的大长腿张皓宸的大长腿
2016-03-19 20:51,#秒拍#,何其有幸参与过心心
2016-03-15 18:43,我团要站子干嘛阿撕逼吗
2016-03-11 22:44,我要新图
2016-03-08 14:30,#郑秀晶#,郑秀晶郑秀晶郑秀晶闭嘴爱吧终于看到预览了宝宝你的背影真好看泪流满面
2016-03-08 20:06,宝宝会唱全首喵喵喵喵
2016-03-07 16:24,搭捷运到台北找温尚翊回忆起来演唱会的蓝海觉得遥远又不切实际想起来五月天觉得模糊又亲切一直都照着自己的内心走也从来没觉得遗憾或者庆幸只是希望再回到那片蓝海里变得更勇敢
2016-02-14 14:57,王京京的脑残粉王京京的脑残粉我彬成绩棒棒的我钰科三一定过新的一年新的开始心心
2016-02-12 21:31,
2016-02-01 22:02,星星深经典名著改编新基督山伯爵基督山复仇记高清版其他国家电影哔哩哔哩弹幕视频网网页链接网页链接
2016-02-06 15:15,搭捷运到台北找温尚翊分享陈升的歌曲疯子虾夫疯子虾夫疯子虾夫分享自虾米音乐虾米音乐
2016-02-04 21:06,圈阿信的声音一出来就像清冽又皎洁的月光洒在湖面上看看整个过程中阿信怪兽他们一次又一次由衷的开心的笑容也许这就是几个臭男生一起做音乐的感觉他们又一次一次告诉我们他们没有忘记自己最初的样子他们在和我们一起守护心中尚未崩坏的地方我也想说爱上你们展开全文
2016-02-05 22:46,搭捷运到台北找温尚翊领导让我来认证我和她的友谊呆萌同學呆萌同學兔子兔子
2016-02-04 11:31,美剧迷老友记主演重聚画面首曝光抓狂抓狂将于月日播放小时特别节目庆祝导演执导完第集剧集老友记生活大爆炸等曾执导过的剧组都参加了心心今天老友记主演重聚画面终于曝光了钱钱因为戏约没来还是很激动有没有泪流满面网页链接网页链接
2016-02-03 17:15,搭捷运到台北找温尚翊我的手机壳
2016-02-03 00:20,搭捷运到台北找温尚翊我需要诸如此类的夸奖
2016-02-01 15:10,搭捷运到台北找温尚翊分享一个傻逼的闹钟真是笑死我了张皓宸的大长腿张皓宸的大长腿
2016-01-29 15:51,搭捷运到台北找温尚翊偶尔鸣叫的丹丹龙
2016-01-26 14:26,搭捷运到台北找温尚翊推荐的歌曲网页链接网页链接分享自落网落网
2016-01-25 19:39,搭捷运到台北找温尚翊
2016-01-25 16:07,#我与世界只差一个你#,张皓宸的大长腿张皓宸的大长腿侵权可耻我与世界只差一个你
2016-01-22 14:35,搭捷运到台北找温尚翊想起来昨天和冰姐站在公交站牌前问路冰姐看了看旁边一女的问我你说我是喊那个女的阿姨还是姐姐我说你自己看然后我冰姐吭哧了半天喊人家一句大姐拜拜拜拜呆萌同學呆萌同學领导简直是呆萌
2016-01-22 12:22,搭捷运到台北找温尚翊分享图片
2016-01-18 14:53,笑岔气了哈哈哈哈
2016-01-17 23:55,一遍遍在微博底下回复歌迷的陈信宏心疼泪泪非绿非蓝更非独
2016-01-17 22:57,搭捷运到台北找温尚翊分享图片
2016-01-15 22:32,美剧迷老友记重聚五缺一年剧终后粉丝们一直期待老友重聚但小钱钱因档期他要在伦敦参演戏剧还是没法来了不过就算没有钱德勒这仍是老友记粉丝不可错失的良机其他五位老友都在这档向电视导演詹姆斯伯罗斯致敬的两小时特辑将于月日开拍月日在台播出
2016-01-14 12:49,转发微博
2016-01-11 23:28,搭捷运到台北找温尚翊当你想评论某个人时你只需要记住在这个世界上并不是所有人都拥有你所具备的优势
2016-01-07 21:27,搭捷运到台北找温尚翊放任无奈淹没尘埃江南一千年以后江南一千年以后分享自虾米音乐虾米音乐
2016-01-06 16:54,搭捷运到台北找温尚翊每天看一遍林俊杰江苏卫视跨年合集网页链接网页链接
2016-01-06 13:39,搭捷运到台北找温尚翊上了几年学之我不仅伙食好而且也能吃
2016-01-03 20:43,搭捷运到台北找温尚翊分享图片
2016-01-02 23:17,搭捷运到台北找温尚翊生气的温柔埋怨的温柔的脸秒拍视频秒拍视频
2016-01-02 19:48,搭捷运到台北找温尚翊大概很多年后依然记得这个鸡汤并深信不疑老友记中有哪些经典的对白或者桥段美剧知乎老友记中有哪些经典的对白或者桥段老友记中有哪些经典的对白或者桥段
2016-01-02 00:23,搭捷运到台北找温尚翊晚安阿信阿信分享五月天的歌曲突然好想你突然好想你突然好想你分享自虾米音乐虾米音乐
2016-01-02 00:12,搭捷运到台北找温尚翊分享五月天的歌曲步步步步步步分享自虾米音乐虾米音乐
2015-12-31 14:31,怪獸怪獸年我改變了我的創作環境離開習慣的城市帶著吉他在鄉下生活偶爾種菜澆花餵雞除草吃得簡單作息正常保持運動灌溉與收穫鍛鍊與創作工作室有滿天星斗呼吸著晨露雨水我心存感激勇敢是在這裡產生的第一個旋律希望它在未來的一年裡陪伴努力生活的你
2015-12-30 23:49,搭捷运到台北找温尚翊为了那个将来要自己勇敢再勇敢
2015-12-30 23:36,二胖实至名归心心心心心心困得不行了恭喜池叔晚安爱你爱你爱你爱你爱你爱你
2015-12-30 23:38,搭捷运到台北找温尚翊可是前奏一出来感觉就是绷不住了阿让我哭一会百感交集的这一年要继续爱你萌虽然没有见你隔着耳机却像见了无数次网页链接网页链接分享自虾米音乐虾米音乐
2015-11-18 11:46,轉發微博
2015-11-18 11:45,顶着各种各样除了五月天的头像我首页回归了哆啦夢吃驚哆啦夢吃驚
2015-11-18 09:36,壹周刊真的次次刷新我下限
2015-11-18 09:32,轉發微博
2015-11-18 08:51,搭捷运到台北找温尚翊我不开心了
2015-11-14 22:57,#哔哩哔哩动画#,搭捷运到台北找温尚翊少女时代那些年少女时代秒死人的影像圈饭神器哔哩哔哩动画网页链接网页链接
2015-11-11 15:21,搭捷运到台北找温尚翊分享看英语看出来的鸡汤
2015-11-10 22:39,晚安心心
2015-11-10 10:51,搭捷运到台北找温尚翊分享的歌曲分享自虾米音乐虾米音乐
2015-11-09 18:45,#林允儿入驻微博#,哈哈哈哈
2015-11-06 13:26,搭捷运到台北找温尚翊分享最爱分享自虾米音乐虾米音乐
2015-11-05 18:29,那个每天都要喝黑咖啡的曼尼
2015-11-02 16:49,搭捷运到台北找温尚翊分享的歌曲分享自虾米音乐虾米音乐抖腿抖起来
2015-11-01 20:09,我也很开心林叔叔和水晶合作哈哈哈哈
2015-10-30 21:07,#郑秀晶#,笑醒哈哈哈哈哈哈哈
2015-10-26 22:53,搭捷运到台北找温尚翊赶着看了最后一眼直播以及最后一张
2015-10-25 20:09,搭捷运到台北找温尚翊分享杨千嬅的歌曲小城大事小城大事小城大事分享自虾米音乐虾米音乐
2015-06-01 21:37,唐頓莊園英国皇室凯特王接见唐顿庄园演员英国皇室凯特王接见唐顿庄园演员凯特王妃探班唐顿庄园
2015-10-23 23:37,#郑秀晶22岁生日快乐#,又一年郑秀晶岁生日快乐查看图片
2015-10-23 23:36,#郑秀晶4walls#,半夜给我炸出来了
2015-10-23 09:14,搭捷运到台北找温尚翊分享许巍的歌曲灿烂灿烂灿烂分享自虾米音乐虾米音乐
2015-10-19 23:02,搭捷运到台北找温尚翊笑死我了哈哈哈领导晚安爱你爱你呆萌同學呆萌同學
2015-10-19 22:55,搭捷运到台北找温尚翊分享陈奕迅的歌曲陪你度过漫长岁月网页链接网页链接分享自虾米音乐虾米音乐
2015-10-18 08:34,搭捷运到台北找温尚翊欢迎大家来到欢迎大家回到
2015-10-17 22:08,搭捷运到台北找温尚翊分享林俊杰的歌曲一千年以后一千年以后一千年以后分享自虾米音乐虾米音乐
2015-10-16 10:05,搭捷运到台北找温尚翊我大概又要开始了为期一周的女儿情听歌周期拜拜拜拜
2015-10-15 21:10,搭捷运到台北找温尚翊好听秒拍视频秒拍视频
2015-10-15 06:56,搭捷运到台北找温尚翊分享图片
2015-10-12 15:21,搭捷运到台北找温尚翊听这个歌的时候正在滴眼药水大合唱一开始突然颤抖了一下还是觉得哪个地方被击中了然后眼药水一下留到了嘴里好凉
2015-10-12 08:08,搭捷运到台北找温尚翊就喜欢简单高效我在用微博客户端微博客户端智能夜间模式个性定制阅读环境还有离线模式节省流量想体验更好戳链接下载正在连接到正在连接到
2015-09-24 23:19,搭捷运到台北找温尚翊臭苹果睡了吗我家上班宝宝今天一直没有上微信张皓宸的大长腿张皓宸的大长腿臭晚安
2015-09-24 21:12,#逆转胜#,心心
2015-09-22 22:37,搭捷运到台北找温尚翊但是本人是爱你的张皓宸的大长腿张皓宸的大长腿
2015-09-21 17:14,虽然没有六连冠但是权力游戏
2015-09-21 14:22,#实用帖#,是我微笑微笑二胖二胖搭捷运到台北找温尚翊搭捷运到台北找温尚翊
2015-09-18 18:16,#华丽的诱惑#,妹子颜值爆表加油爱你爱你
2015-09-17 22:29,搭捷运到台北找温尚翊真的好爱新播放器恢复了发现以前写了那么多东西晚安
2015-09-17 18:11,搭捷运到台北找温尚翊给你显摆我的我的播放器界面难道不好看吗我知道你想了解我听什么歌张皓宸的大长腿张皓宸的大长腿
2015-09-17 10:57,搭捷运到台北找温尚翊中了林叔叔的毒也是难得我还能想起来我前夫拜拜拜拜
2015-09-17 10:26,搭捷运到台北找温尚翊突然觉得脑缺氧有种快猝死的感觉看我闺女压压惊
2015-09-13 22:10,搭捷运到台北找温尚翊晚安害羞害羞我爱的人
2015-09-13 21:48,
2015-09-13 15:39,搭捷运到台北找温尚翊原来简简单单大概是我心头林叔叔歌单吧开始听老林的第一张几百年没听原来再听五味杂陈的大概我追林叔叔追的最用心了到现在记得超级清楚爱你爱你爱你爱你
2015-09-13 09:32,搭捷运到台北找温尚翊我最近怎么这么爱听前夫呀心心我爱林叔叔心心
2015-09-11 07:01,搭捷运到台北找温尚翊我们还爱着林叔叔张皓宸的大长腿张皓宸的大长腿
2015-09-09 15:05,搭捷运到台北找温尚翊这发微博的频率真是泪泪泪泪我要刷教练心心心心
2015-09-09 15:04,#逆转胜定档925#,教练泪泪泪泪
2015-09-09 15:02,#逆转胜定档925#,二胖二胖搭捷运到台北找温尚翊搭捷运到台北找温尚翊嘿
2015-09-08 22:24,搭捷运到台北找温尚翊分享图片
2015-09-08 15:03,搭捷运到台北找温尚翊这么可爱的手机一定是我的
2015-09-06 00:06,#权利的游戏#,搭捷运到台北找温尚翊半夜又看了一遍雪诺死的镜头心塞死开始怀念一开始他们都在北境的时候了虽然很多人告诉我我的颜值担当还会活过来但我就是不开森睡觉权利的游戏
2015-09-05 23:31,搭捷运到台北找温尚翊阿信阿信晚安
2015-09-05 12:27,#郑秀晶#,搭捷运到台北找温尚翊郑秀晶
2015-09-05 12:18,#郑秀晶#,出道时才岁的小秀晶才岁就出道六年了兔子兔子越来越美的你知道感恩的你我是你的小三号
2015-09-05 10:07,搭捷运到台北找温尚翊突然想起来这首歌分享单曲淘汰淘汰网易云音乐网易云音乐
2015-09-04 12:59,搭捷运到台北找温尚翊
2015-09-02 19:52,#金泫雅#,搭捷运到台北找温尚翊马儿好美金泫雅
2015-09-02 18:07,哈哈哈摩登家庭最新资讯摩登家庭最新资讯第七季预告片剧情紧接着第六季最后一集哦德斯蒙德要跟社会学谈异地恋德斯蒙德要跟社会学谈异地恋啊啊啊啊啊啊啊啊啊啊摩登家庭最新资讯摩登家庭最新资讯
2015-09-02 14:35,然而我用网盘
2015-09-01 19:02,摩登家庭老友记我就适合这种鸡汤剧
2015-08-19 18:34,天天吃披萨能不比变成吗笑死我了哈哈哈哈美剧迷美剧迷寸眠寸眠钱德勒和乔伊
2015-08-19 18:33,大信信
2015-08-19 16:11,搭捷运到台北找温尚翊
2015-08-18 12:42,#Lion Heart#,搭捷运到台北找温尚翊也不亏我用流量下载下来又用流量看了遍好棒我姐姐虽然开头让我一度觉得是
2015-08-17 12:59,又一年
2015-08-16 19:46,你微博上的算不算尼尼
2015-08-16 18:14,阿信阿信願你自由如飛鳥願你平靜如藍天謝謝有妳同行的歲月纯真纯真愿逝者安息生者坚强天堂里会有更多歌声与你作伴蜡烛蜡烛
2015-08-15 13:58,搭捷运到台北找温尚翊添屏甜馨得瑟
2015-08-14 19:19,伴娘是要哭了我们要幸福呀
2015-08-13 21:03,问到关键问题视频就被掐了微笑微笑
2015-08-13 20:55,评论简直不能看微笑微笑素质让狗吃了微笑微笑
2015-08-13 15:38,搭捷运到台北找温尚翊我刚刚为关怀救火伤亡消防员献出了自己的爱心每份微小的善举都能凝聚无限能量共同伸出援助之手让微博充满爱个人求助关怀救火伤亡消防员个人求助关怀救火伤亡消防员
2015-08-13 01:08,#突发#,保佑
2015-08-12 21:34,感觉挺对的不过照我这脾气估计第四次直接开口骂了玩笑只分为开得起和开不起的两种开得起的玩笑也许能经久地活跃气氛但若有人开不起这个玩笑那一定有他的难言之隐不是每个人都可以大方到弱点经你一戳再戳面不改色啊也许我还不够成熟那也拜托给我一点自由和时间去筑这面墙
2015-08-12 19:42,搭捷运到台北找温尚翊
2015-08-10 22:45,那我最好的愛留給你都給你都給你都給你
2015-08-10 22:43,底迪今天可愛畫風
2015-08-10 22:42,我給你全都給你不要錢
2015-08-10 22:40,我居然笑出了聲這個笑點也是沒救了拜拜拜拜
2015-08-10 22:37,妇联三大概是年我不急慢慢來拜拜拜拜
2015-08-10 20:55,媽的回回都是這個梗放開溫尚翊讓我來拜拜拜拜
2015-08-10 00:54,搭捷运到台北找温尚翊大寫的帥字我要再去看一遍我教練
2015-08-10 00:47,分秒我家主唱阿最棒了
2015-08-10 00:42,阿翊看見我老公要哭了媽蛋
2015-08-10 00:37,我今天刷屏几百年遇不到一回不好意思新年快乐
2015-08-10 00:33,他媽的我不認識這群傻逼
2015-08-10 00:26,幹如果你願意一層一層一層剝開我的心
2015-08-10 00:09,世纪少女谷雨怪兽哥你是神秒拍视频秒拍视频
2015-08-09 11:26,搭捷运到台北找温尚翊少女时代少女时代最近觉得抓我特别好听呀呀呀
2015-08-09 11:04,搭捷运到台北找温尚翊小骨最萌了小骨最萌了
2015-08-08 17:27,搭捷运到台北找温尚翊若教眼底无离恨不信人间有白头
2015-07-23 14:41,搭捷运到台北找温尚翊你看你备注多牛逼吊炸天张皓宸的大长腿张皓宸的大长腿苏城少女苏城少女小骨最萌了
2015-07-21 15:08,搭捷运到台北找温尚翊看见这个微博提醒短信简直老泪纵横我怪兽哥中午发微博了
2015-07-21 15:07,爬了那么多新墙头你终于想起来微博密码了所以我还是温夫人
2015-07-20 23:48,搭捷运到台北找温尚翊温柔温柔你一直都是我的树洞晚安阿信阿信
2015-07-20 23:43,底下的评论真是暖到不行大家都在以你为力量努力前进着我也是有时候真的是觉得生活处处有惊喜小的失望并不能对生活产生什么重要的影响不能否认的是我生活的惊喜与力量大都和五月天有关塞着耳机听温柔的星期一深夜晚安主唱大人晚安
2015-07-20 19:38,搭捷运到台北找温尚翊
2015-07-18 15:10,#少女时代#,搭捷运到台北找温尚翊少女时代
2015-07-17 17:01,搭捷运到台北找温尚翊突然好想你突然好想你过的快乐也委屈
2015-07-15 17:11,搭捷运到台北找温尚翊这是我姐姐最娘的一次现场终于想起来自己性别了分享单曲网易云音乐网易云音乐
2015-07-14 18:55,搭捷运到台北找温尚翊这个剧是要翻拍我池叔和瑶拉欧尼听个让我压压惊这可是我今年最喜欢的一部剧分享单曲网易云音乐网易云音乐
2015-07-14 17:49,大概两年前的夏天是离你最近的时候我爱夏天也爱你更爱那个自己感谢你带我经历冒险和爱情
2015-07-13 00:35,搭捷运到台北找温尚翊分享专辑网易云音乐网易云音乐
2015-07-12 23:18,搭捷运到台北找温尚翊金圣圭怎么变了真的让我太不习惯了完整版高清音悦台完整版高清音悦台
2015-07-12 21:23,搭捷运到台北找温尚翊每次看斗鱼的直播都会推荐大概主播是小天使的狂饭没错是个大叔分享单曲网易云音乐网易云音乐
2015-07-12 10:04,搭捷运到台北找温尚翊相通的思绪互相联系着通往从来没有见过的美丽新世界这份坚不可摧牢不可破绝对不会被破坏的情谊确实是我们的灵魂分享单曲网易云音乐网易云音乐
2015-07-10 21:52,搭捷运到台北找温尚翊一场游戏一场梦一场游戏一场梦突然想起陈信宏穿着白衬衣唱这首歌这么少年的画面大概会永远留在我脑海里吧
2015-07-10 20:25,搭捷运到台北找温尚翊陪等天亮最近发现金色年代也有这个歌好多电影里都有这个插曲分享单曲网易云音乐网易云音乐
2015-07-10 18:41,#少女时代#,
2015-07-10 18:21,金明洙吧视频下周回归预告下周见转发转发转发转发秒拍视频秒拍视频
2015-07-10 10:16,搭捷运到台北找温尚翊透漏着盛夏旧日的温柔感混杂着过去现在和未来分享单曲南风南风网易云音乐网易云音乐
2015-07-09 18:37,#M!Countdown#,本命都撞一起了撞一起了
2015-07-09 14:11,搭捷运到台北找温尚翊听歌听的好嗨分享单曲网易云音乐网易云音乐
2015-07-09 10:16,搭捷运到台北找温尚翊整张专辑还是最能接纳梁小姐的这首温柔其他听过都太有违和感不想去听第二遍阿信唱的时候满满的都是疼痛和惋惜梁小姐的版本则多了些豁达和理直气壮忍不住赞叹一句果真还是自家人只是还是会想起来玛甜甜还好你们现在都各自幸福了分享单曲温柔温柔网易云音乐网易云音乐
2015-07-09 10:07,搭捷运到台北找温尚翊分享奋斗最后一科的蛋蛋和我
2015-07-08 21:29,#Infinite#,帅帅真开森
2015-07-08 19:16,#Infinite#,韩流音悦音悦视频公开新专辑主打歌预告影像强烈的电子音乐下成员震撼登场帅到不能忍真完整版于日零时公开预告版高清音悦台预告版高清音悦台
2015-07-08 21:12,#Infinite#,终于来了又来上亲妈节目了
2015-07-08 10:03,搭捷运到台北找温尚翊少女时代少女时代
2015-07-07 21:23,搭捷运到台北找温尚翊阳光沙滩好夏天分享单曲网易云音乐网易云音乐
2015-07-07 21:17,#少女时代#,
2015-07-07 16:37,搭捷运到台北找温尚翊红色的小马儿分享单曲网易云音乐网易云音乐
2015-07-07 00:10,#少女时代#,搭捷运到台北找温尚翊少女时代
2015-06-27 22:46,搭捷运到台北找温尚翊可爱又活泼的分享单曲网易云音乐网易云音乐
2015-06-27 21:10,搭捷运到台北找温尚翊此刻看见金曲奖我的心情是我团已经四年没出新专辑了也是很久没在金曲奖上见他们领奖了
2015-06-27 16:42,没忍住笑出了声不知道的还以为奥巴马出柜了
2015-06-27 16:33,搭捷运到台北找温尚翊这个时候的无限简直是一匹黑马冲出来分享单曲网易云音乐网易云音乐
2015-06-27 14:04,心心
2015-06-26 23:57,搭捷运到台北找温尚翊少女时代一位出道后第一个少女时代一位出道后第一个查看图片
2015-06-24 18:00,搭捷运到台北找温尚翊走不到你我当初约束的所在分享单曲有你的将来有你的将来网易云音乐网易云音乐
2015-06-24 08:30,搭捷运到台北找温尚翊演唱会应援就是棒分享单曲网易云音乐网易云音乐
2015-06-23 13:31,搭捷运到台北找温尚翊下雨的路上适合听一首起来分享单曲网易云音乐网易云音乐
2015-06-22 21:52,搭捷运到台北找温尚翊
2015-06-22 18:49,搭捷运到台北找温尚翊别再见了米尔大哥回不去的时光乐土回不去的都写满面孔和青春一起褪落
2015-06-22 18:19,搭捷运到台北找温尚翊分享单曲网易云音乐网易云音乐
2015-06-22 13:08,#Jessica Jung#,搭捷运到台北找温尚翊郑秀妍吧绝对是我见过的最靠谱的大吧真是时刻都在维护西卡一点都不失风度西卡堂堂正正向前走吧别再受伤害了
2015-06-22 00:28,搭捷运到台北找温尚翊
2015-06-21 20:24,搭捷运到台北找温尚翊中午的时候麻麻给我打电话你爸问你今天为啥一个电话也没有他都不想理你了我给他发微信了你让他看手机然后麻麻说你爸看见啦笑的可开心了哈哈那我也很开心啦父亲节快乐我爹一定会越来越年轻
2015-06-20 23:25,搭捷运到台北找温尚翊想起来第一次听这首歌是在在桃色蛋白质里陈升现场唱给奶茶这首歌可是到头来还不是拒绝要是我是奶茶我也会爱上这么真挚的陈升分享单曲然而然而网易云音乐网易云音乐
2015-06-20 23:05,搭捷运到台北找温尚翊陈升的歌都是随意的散漫的甚至有时候觉得是不在调上的可是怎么讲呢就是爱听狗一样的岁月永远不会再回来分享单曲狗脸的岁月狗脸的岁月网易云音乐网易云音乐
2015-06-20 21:29,#星宿夫妇#,搭捷运到台北找温尚翊这个年纪看起了我结是个森么状态陆星材跟好萌阿我要对红鹅绒转路人了星宿夫妇
2015-06-20 16:03,搭捷运到台北找温尚翊你的出现爆破了悲哀分享单曲我又初恋了我又初恋了网易云音乐网易云音乐
2015-06-19 20:25,比如石头的九社一团温尚翊的怪兽雲你的陈小雲玛甜甜总是吐槽在学校广播上听到你们的名字感到很丢人你们第一次在国光艺校的表演上看到冠佑那时你们都还管他刘谚明这些关于你们的小事大概是我最重要的事
2015-06-19 20:20,搭捷运到台北找温尚翊翻以前的日记本上面记了很多关于你琐碎的事情比如你和怪兽哥因为吉他社表演把学校大礼堂的凳子拆了而被叫到教导处问话比如你小学每天放学回家都要赶着去看中国民间故事比如你第一次告白的北投温泉路巷这些小事情我都记的清清楚楚你是我爱的最用心的一个人了阿信阿信
2015-06-19 20:04,渴望的市井城市他姓陈
2015-06-19 13:51,搭捷运到台北找温尚翊人道海水深不抵相思半海水尚有涯相思渺无岸
2015-06-19 09:10,#Krystal#,搭捷运到台北找温尚翊
2015-06-18 23:43,#哔哩哔哩动画#,我电脑这会还在下载着呢拜拜拜拜果真内地歌迷没人权拜拜拜拜
2015-06-18 19:54,搭捷运到台北找温尚翊看了两遍现在才反应过来有李起光羞羞哒甜馨
2015-06-18 08:36,搭捷运到台北找温尚翊小姐姐们要上了还有真人秀西卡今天出了新写真开森蹭蹭蹭的兴混
2015-06-16 19:07,搭捷运到台北找温尚翊
2015-06-09 21:19,搭捷运到台北找温尚翊分享单曲吉姆餐厅吉姆餐厅网易云音乐网易云音乐
2015-06-09 13:57,搭捷运到台北找温尚翊最爱这个版本的拥抱的原因大概是陈信宏你那时最孤傲了吧好爱留着长长的小黄毛的你前奏响起仿佛有种置身于大海中的空旷隐藏自己的疲倦表达自己的狼狈那时的老陈有一种孤傲又不让人靠近的孤寂感
2015-06-09 13:50,搭捷运到台北找温尚翊说再听这段口白想哭自己都觉得矫情可是负面情绪都涌过来的时候原来自己真不如想象中强大哪次听这独白都觉得心疼好像心被撕的碎碎的幸好还有五月天这个宣泄口谢谢你们
2015-06-08 19:41,搭捷运到台北找温尚翊完成了的时候有种空虚感一直坐在这里刷微博不想动什么也不想干就想这样一直呆着倒是有点饿了伴随着教室空调作死的低温度脚有点发凉想起来下午那会脑子有点发懵稍稍有点迷糊大致每天都是这样状态浑浑噩噩忙忙碌碌大概唯一能让精神刺激起来的就是饥饿感吧论饿的时候的人生感悟
2015-06-07 18:45,搭捷运到台北找温尚翊
2015-06-06 09:24,搭捷运到台北找温尚翊已经截图了来证明你对我的爱请注意以后出去我带你你带钱这是原则因为国库里的要拿来去看姐姐们张皓宸的大长腿张皓宸的大长腿
2015-06-05 21:45,#郑秀晶#,搞笑的八字眉傲娇的美国腔
2015-06-04 20:50,搭捷运到台北找温尚翊倔强五月天倔强五月天每次五月天的时候两首歌中间的衔接都会让让人感动的鼻子一酸我总能听到我想要的那种坚定比如这首歌比如诺亚方舟的如烟如果没有明天果然是五月天
2015-06-04 20:29,搭捷运到台北找温尚翊专辑专辑听歌的用途不仅仅是治愈还有提神醒脑能一系列疗效真棒
2015-06-03 22:36,#Jungsis#,郑氏姐妹吧郑氏姐妹吧郑氏姐妹一周年心心心心怀念那有笑有泪的日子照相机照相机
2015-06-03 08:36,嫁我来来来
2015-06-02 07:18,果真犹太人
2015-06-01 13:54,图六就是我大表哥羞嗒嗒羞嗒嗒二胖二胖哈哈哈哈哈哈哈
2015-05-31 22:07,搭捷运到台北找温尚翊搭捷运到台北找温尚翊搭捷运到台北找温尚翊
2015-05-31 21:33,搭捷运到台北找温尚翊小太阳小太阳团长日快乐我的小太阳
2015-05-30 21:36,#vousmevoyez#,所以你还是岁的小水晶
2015-05-30 21:16,炸鸡男爵纪录夕阳下的奔跑儿
2015-05-30 12:59,搭捷运到台北找温尚翊加油加油加油必胜哟小婊贝二胖二胖
2015-05-30 09:06,在蝉声绵绵的八月里我忐忑不安的到新学校去注册完成的第一件事就去了吉他社然后遇到了一个叫做温尚翊的吉他技术超棒的人莫名其妙的和他成为了很要好的朋友这大概是我是我走向今天这个命运的起点吧
2015-05-29 09:37,回复阿信阿信五月快要过去了岁结束的一个月岁开始的一个月不管怎么样都是全新的开始发那条微博的时候我还是个即将岁的如花美少女还在一心一意地追演唱会想见你不顾一切的那种不过现在当然要有更成熟的想法来督促自己让喜欢你们成为动力阿信阿信
2015-05-25 23:46,搭捷运到台北找温尚翊美如玉纯如水听的心都快化了分享单曲女儿情女儿情网易云音乐网易云音乐
2015-05-25 23:32,搭捷运到台北找温尚翊清平调王菲清平调王菲借问汉宫谁得似可怜飞燕倚新妆
2015-05-25 08:39,搭捷运到台北找温尚翊最近好喜欢听他们大概是觉得声音软软的的
2015-05-24 15:03,#金圣圭#,搭捷运到台北找温尚翊金圣圭
2015-05-23 22:28,搭捷运到台北找温尚翊越听越想抖脚分享单曲网易云音乐网易云音乐
2015-05-23 20:48,曹格就是个逼
2015-05-23 08:54,搭捷运到台北找温尚翊保罗沃克
2015-05-22 15:39,搭捷运到台北找温尚翊专辑专辑
2015-05-22 12:57,搭捷运到台北找温尚翊再听依旧觉得美分享单曲女儿情女儿情网易云音乐网易云音乐
2015-05-22 10:22,相约第七季心心
2015-05-21 23:33,搭捷运到台北找温尚翊摇滚不死铁粉万岁
2015-05-10 22:03,#二十#,搭捷运到台北找温尚翊二十到最后是大概什么也没能干好的年纪我活生生的被李俊昊萌到了阿
2015-05-10 09:13,#Girls'Generation#,搭捷运到台北找温尚翊分享
2015-05-10 08:53,心心
2015-05-08 23:45,搭捷运到台北找温尚翊睡你麻痹起来心跳跳跃狂奔奔跑摇咧摇咧摇咧摇
2015-05-08 23:29,搭捷运到台北找温尚翊动画片主题曲专业户
2015-05-07 20:03,搭捷运到台北找温尚翊分享我大哥张皓宸的大长腿张皓宸的大长腿
2015-05-06 21:22,爱是每个曾经和你一起你是唯一的追寻
2015-05-06 18:23,搭捷运到台北找温尚翊听了两天拉听完可精神了呢
2015-05-06 11:45,
2015-05-05 23:35,睡觉啦被你刷屏了喂这么多年好事第一次你一定是精神上有了刺激晚安晚安晚安啦网红小陈
2015-05-05 22:51,铁粉万岁摇滚不死五月天你刷屏啦小伙阿信阿信
2015-05-05 13:00,搭捷运到台北找温尚翊这小伙真是越看越帅气阿
2015-05-05 08:05,搭捷运到台北找温尚翊所以我说就让他去我知道潮落之后一定有潮起
2015-05-04 21:53,金明洙中文个站日单时间明洙小卡影像中字下載戳链接网页链接网页链接密码土豆在線日单时间明洙小卡日单时间明洙小卡可爱哭了每晚睡前重播遍崩溃崩溃崩溃
2015-05-04 18:59,亲妈的日期打错了哈哈哈话说这姑娘这身简直神似她姐
2015-05-04 12:50,搭捷运到台北找温尚翊时光机五月天专辑当我们混在一起世时光机五月天专辑当我们混在一起世
2015-05-03 21:27,搭捷运到台北找温尚翊这是一个脸上长痘痘的少女的日常
2015-05-03 11:44,搭捷运到台北找温尚翊私奔到月球五月天陈绮贞私奔到月球五月天陈绮贞陈少年跟我私奔吧
2015-04-29 21:21,炸鸡男爵
2015-05-02 21:06,#郑秀晶#,你还有你姐都是神经病
2015-05-02 13:32,搭捷运到台北找温尚翊打卡第五次来清园笑笑开封清明上河园开封清明上河园
2015-05-02 10:44,#林允儿#,林允儿吧林允儿林允儿生日快乐脸书更新合照下方那位偏分妹子美美美爱你爱你
2015-05-01 20:58,能发生许多事情的五月让生活变的有趣的五月因为你们而更加精彩的五月
2015-05-01 14:48,搭捷运到台北找温尚翊今个第四杯晚上估计是睡不着了
2015-05-01 09:29,搭捷运到台北找温尚翊吃完有点恶心太腻了
2015-05-01 08:40,搭捷运到台北找温尚翊完整版完整版好洗脑好好听
2015-04-30 19:13,搭捷运到台北找温尚翊分享市井的城市以及可爱的我抠鼻屎真不要脸呸
2015-04-30 16:49,圣圭吧時間発売記念時間生放送截图圭吧自截这位哥是真的了挖鼻挖鼻多动症发作
2015-04-30 11:46,搭捷运到台北找温尚翊
2015-04-29 21:47,小南票着急的时候真是萌碎了我的心
2015-04-29 17:27,我哥们开心
2015-04-29 17:09,三周年快乐永远在在一起
2015-04-28 23:25,全靠浪打浪真是骚包
2015-04-28 23:13,搭捷运到台北找温尚翊中间那个空位就当是留给西卡的好了
2015-04-19 09:36,搭捷运到台北找温尚翊想对着天讲说无论如何阴天快乐
2015-04-19 07:37,搭捷运到台北找温尚翊我一抬头就看见你那个酒窝
2015-04-18 22:27,
2015-03-24 21:41,李浩沅中文个站独家世巡安可花絮自压中字献礼旺福为了让大家快点看到中字姐姐妹妹克服各种艰辛泪流满面终于顺利吐出来了大家快来看看沅仔吧是的自带中字独家世巡安可独家世巡安可
2015-04-17 21:41,#郑秀妍#,搭捷运到台北找温尚翊卡姐永远岁郑秀妍
2015-04-17 08:00,搭捷运到台北找温尚翊手机马上自动关机听完这首歌起床
2015-04-17 07:53,搭捷运到台北找温尚翊戏雪张艾嘉专辑爱的代价戏雪张艾嘉专辑爱的代价
2015-04-16 14:57,搭捷运到台北找温尚翊擁抱
2015-04-16 11:27,这又不是站谁规定个人站不能糊别家脸了团魂是什么没吃过我拍我家爱豆关你什么事克强家拍照都没糊过我习哥你凭什么糊我爱豆逼我转入习强党吗吗的评论笑哭我了哈哈哈哈哈哈
2015-04-15 21:06,搭捷运到台北找温尚翊我祝你西出陽關無故人
2015-04-15 19:30,
2015-01-26 18:15,有我的陪伴你再也不孤单吻过她的脸就以为和她能永远姑娘的初恋男友是一个五月天的忠实粉丝播放器里塞满了五月天的歌两个人手牵手走在路上的时候他会把自己的耳机分一个给姑娘听阿信热血得唱要离发自微博桌面微博桌面微博桌面首页微博桌面首页
2015-04-15 16:31,搭捷运到台北找温尚翊今天是带的我
2015-04-14 20:13,搭捷运到台北找温尚翊我感受到了這個單詞對我的敵意
2015-04-14 13:11,搭捷运到台北找温尚翊
2015-04-13 19:20,搭捷运到台北找温尚翊來日總是千千晚星亮過今晚月亮
2015-04-13 14:46,搭捷运到台北找温尚翊最蠢的就是把手机的键贴住忘记自己设了长密码每次解锁都要输一长串
2015-04-13 14:00,搭捷运到台北找温尚翊山阴路的夏天山阴路的夏天因為要記得你的模樣六月在夏天又去了海邊
2015-04-13 08:35,重压在线联合字幕心动不已的印度修联合字幕心动不已的印度修
2015-04-13 11:00,搭捷运到台北找温尚翊粉色太少女簡直看不夠
2015-04-12 22:41,知道你一寫歌的時候就容易把自己封閉起來一個人趴在書桌旁擦擦寫寫寫了一百句大概只有一句能用得上最近又開始聽小八明日末日正著反著關於年的種種感動回憶都還在心底會繞著當初買你演唱會門票的小粉絲都長大了什麼時候把埋在心底的瘋狂再來一遍阿主唱不過你要等我變得更好
2015-04-11 20:29,搭捷运到台北找温尚翊三个电话四首歌最爱你了呀小苹果张皓宸的大长腿张皓宸的大长腿她说曹操黑键黑暗骑士知道你最爱我
2015-04-11 19:24,
2015-04-11 10:41,搭捷运到台北找温尚翊阿信阿信分享悟空的連結小亮哥生熱快樂徐悟空徐悟空
2015-04-11 10:22,搭捷运到台北找温尚翊今夜還吹著風想起你好溫柔
2015-04-11 06:07,#听见我的歌#,郑秀晶吧晶吧中字听见我的歌中字江南江南在线晶吧中字听见我的歌中字晶吧中字听见我的歌中字下载戳吧内网页链接网页链接郑秀晶你天生是焦点字幕组的小伙伴们辛苦啦爱你爱你爱你爱你
2015-04-10 14:47,搭捷运到台北找温尚翊南方姑娘南方姑娘
2015-04-10 09:12,搭捷运到台北找温尚翊看見逆轉勝在我生日那天大陸上映真的好想哭出來溫尚翊啊這大概是最棒的禮物了
2015-04-10 09:08,老子生日那天嘛的快哭出来怪兽哥我爱你泪流满面
2015-04-09 21:08,搭捷运到台北找温尚翊有些人你永远不必等分享单曲梦醒时分梦醒时分网易云音乐网易云音乐
2015-04-09 19:16,搭捷运到台北找温尚翊
2015-04-09 13:08,搭捷运到台北找温尚翊還有的小黑以及自拍了一張的我買了個甜筒給自己吃流的滿手都是大概不久之後我就會失聯了
2015-04-08 16:31,搭捷运到台北找温尚翊爱情的枪陈升陈升爱情的枪陈升陈升就是喜欢这个歌里便秘要死的感觉不过我现在听左小得歌还有一种这他妈唱的都是啥的感觉逼格太高我确实听不懂中午看错课表去上课最后又灰头土脸的奔到宿舍太阳晒得我难受我觉得我的影子在告诉我说想给我一刀
2015-04-08 10:10,搭捷运到台北找温尚翊耳機裡不知道怎麼的就放到你唱的九號球眼淚呼的一下就上來了等我啊怪獸哥我一定要變成配得上喜歡你的人
2015-04-02 16:21,搭捷运到台北找温尚翊分享图片
2015-04-01 20:47,搭捷运到台北找温尚翊是不是坐在雕塑后面晒太阳的老人偷走了我的青春小安给郁结的诗给郁结的诗给郁结的诗
2015-04-01 20:25,看这个的时候正在听许巍的故乡听得无比忧伤
2015-04-01 14:17,搭捷运到台北找温尚翊雨天去上课好像一条狗啊
2015-04-01 12:10,毕竟我圭哥是武林小公主
2015-03-31 16:46,所以迪士尼是打算吧所有经典童话都拍成电影抠鼻屎
2015-03-31 15:04,搭捷运到台北找温尚翊午休完啰啰嗦嗦起来泡了杯果茶想对着天说无论如何阴天快乐娘亲问我上次给你寄的果茶好不好喝好喝然后她跑到大统买了块钱的果茶给我寄过来了都是爱呀嘻嘻
2015-03-30 18:30,搭捷运到台北找温尚翊散步开封河南大学金明校区开封河南大学金明校区
2015-03-30 17:42,搭捷运到台北找温尚翊开封河南大学金明校区开封河南大学金明校区
2015-03-30 15:49,搭捷运到台北找温尚翊我已见过最美的一幕只是在此刻都要结束
2015-03-30 12:57,#Girls'Generation#,搭捷运到台北找温尚翊
2015-03-30 09:57,搭捷运到台北找温尚翊
2015-03-30 09:48,#runningman#,弘基容和嗷嗷嗷
2015-03-29 13:53,此刻是不能用言语表达的激动怪兽哥好爱哦好爱哦好爱哦好爱哦好爱哦好爱哦
2015-03-29 10:41,一年又一年这是全天下最完美的阵容我和你你和我
2015-03-29 09:19,说来今年也是第五年细细喜欢你们的日子着实平淡但又觉得异常辉煌与其说喜欢更多的像是陪伴毕竟首歌的播放列表里你们就占了一半很喜欢塞上耳机于世界隔离眼前只剩下你们的感觉生日快乐五月天
2015-03-29 09:06,#五月天329成军日#,搭捷运到台北找温尚翊五月天成军日说出一直没说对你的感谢
2015-03-28 09:44,#Jessica#,搭捷运到台北找温尚翊最近循环的歌叫做你的那个人
2015-03-28 08:52,搭捷运到台北找温尚翊教学楼真是阴森森的冻死我了
2015-03-27 15:34,搭捷运到台北找温尚翊分享图片
2015-03-27 12:40,大船蓝海五月天
2015-03-27 08:36,
2015-03-27 08:12,搭捷运到台北找温尚翊我一个买完了早饭之后还有十块钱在口袋里的小铝孩
2015-03-26 18:16,最爱的知足了
2015-03-26 12:44,搭捷运到台北找温尚翊小闺女的第一句话
2015-03-25 16:11,搭捷运到台北找温尚翊分享图片
2015-03-25 00:03,搭捷运到台北找温尚翊大神如牛毛
2015-03-24 23:46,搭捷运到台北找温尚翊努力让自己成为一个正常的人
2015-03-24 16:09,搭捷运到台北找温尚翊分享图片
2015-03-19 19:52,
2015-03-18 17:18,金明洙中文个站月號掃圖明洙坐著的模樣好乖好乖卖萌大哭
2015-03-18 16:46,搭捷运到台北找温尚翊觉得我的新书签可美了
2015-03-18 11:08,#郑秀晶#,搭捷运到台北找温尚翊双下巴的小乖乖郑秀晶
2015-03-18 11:06,#Krystal郑秀晶#,转发微博
2015-03-18 09:42,搭捷运到台北找温尚翊突然好想你五月天突然好想你五月天不打扰是我的温柔
2015-03-18 06:39,抓狂抓狂
2015-03-18 00:14,#郑秀晶#,搭捷运到台北找温尚翊明天一觉醒来快用高清图砸死我然后变好心情郑秀晶
2015-03-17 17:40,毕竟他有厌食症要把食物全部消灭
2015-03-17 13:17,搭捷运到台北找温尚翊龙猫嘻嘻
2015-03-16 22:56,其实每次看完之后都觉得治愈你的不是电视剧而是你自己的想法大概每次看完都会向好的方面改变些许想法吧必经在我心里排第一嘛
2015-03-16 22:32,搭捷运到台北找温尚翊天生对温馨美满的家庭剧没什么抵抗力
2015-03-16 10:08,美哭我
2015-03-15 18:40,搭捷运到台北找温尚翊丹姐怕我晚上上课冷特地在学校门口把她的小袄给我穿啊我爱丹姐好愛哦好愛哦
2015-03-15 15:57,搭捷运到台北找温尚翊南瓜马车的午夜换上童话的玻璃鞋
2015-03-14 21:39,搭捷运到台北找温尚翊分享图片
2015-03-14 18:01,搭捷运到台北找温尚翊感觉听歌多了耳朵要废了调到最大音量还觉得声音小只好音量加大
2015-03-14 16:48,搭捷运到台北找温尚翊我不转弯
2015-03-13 14:24,搭捷运到台北找温尚翊新书
2015-03-12 22:00,#Kill Me Heal Me#,哈哈哈我小姐姐
2015-03-12 12:25,搭捷运到台北找温尚翊跟丹姐来吃了土大力些难吃的泡菜炒年糕抠鼻屎
2015-03-12 10:36,#金明洙0313生日快乐#,狗蛋每每自拍都是一个角度一个角度
2015-03-11 22:57,南瓜马车的午夜换上童话的玻璃鞋
2015-03-11 21:29,搭捷运到台北找温尚翊学的如此神清气爽我爱学习偷乐偷乐偷乐偷乐噢耶
2015-03-11 16:32,搭捷运到台北找温尚翊这是一条想发自拍的微博
2015-03-10 22:24,所以说这样拍照显瘦咯爱你哟
2015-03-10 18:23,搭捷运到台北找温尚翊穿着我骚红的小战靴就这样呼的一下子开始上课啦多多指教哟抠鼻屎
2015-03-09 18:25,#南回饭店(金明西街)#,搭捷运到台北找温尚翊猪手煲我在南回饭店金明西街
2015-03-09 17:05,搭捷运到台北找温尚翊哟
2015-03-08 08:28,搭捷运到台北找温尚翊分享图片
2015-03-07 18:53,#Dan Stevens#,长这么好看让人多不好意思阿羞嗒嗒羞嗒嗒
2015-03-07 18:50,#Dan Stevens#,搭捷运到台北找温尚翊在我连续几天梦见大表哥之后表示束手无策对你好看你当家
2015-02-26 00:35,搭捷运到台北找温尚翊分享图片
2015-02-24 20:54,搭捷运到台北找温尚翊可惜小巨蛋不能带酒进来不然我想要跟你们举起这杯酒敬我们一起存在的这些年
2015-02-24 14:18,搭捷运到台北找温尚翊每每与人讲起你连上都是满满的骄傲和自豪
2015-02-23 22:02,搭捷运到台北找温尚翊分享图片
2015-02-23 02:19,搭捷运到台北找温尚翊分享图片
2015-02-23 01:24,阿信很有才华你不了解他
2015-02-22 15:27,#郑秀晶#,搭捷运到台北找温尚翊郑秀晶
2015-02-22 01:11,搭捷运到台北找温尚翊饿但我现在不能喝酸奶因为我喝完之后还要刷牙关键是嘴还没有痊愈我要用手刷牙我都用手刷了一个假期的牙了
2015-02-21 20:51,金明洙中文个站東京場飯拍明洙下載戳链接网页链接网页链接密码黑背心天堂花心花心花心土豆在線資源東京資源東京
2015-02-21 20:03,噢耶
2015-02-21 15:05,哈哈哈透露出来一股绝望哈哈哈温家谷雨温家谷雨五月等候盛夏来临五月等候盛夏来临阿信阿信我偶像什么都会干就是不会干我拜拜拜拜
2015-02-21 13:34,搭捷运到台北找温尚翊分享图片
2015-02-21 00:26,搭捷运到台北找温尚翊这个点喝了杯酸奶会胖嘛会喝吧
2015-02-19 00:13,搭捷运到台北找温尚翊多多努力美梦成真
2015-02-18 21:21,#春晚#,哈哈哈哈哈
2015-02-18 18:09,少女心
2015-02-17 18:11,搭捷运到台北找温尚翊分享
2015-02-17 15:41,搭捷运到台北找温尚翊
2015-02-15 23:04,搭捷运到台北找温尚翊不开心我要更好
2015-02-15 22:45,搭捷运到台北找温尚翊分享图片
2015-02-14 18:19,搭捷运到台北找温尚翊长大难道是人必经的溃烂
2015-02-14 17:50,#少女时代#,少女时代中文首站在线视频少女时代少女时代少女时代站内下载地址网页链接网页链接查看图片
2015-02-14 16:24,看见这个老泪纵横老子的盛夏光年泪泪
2015-02-14 16:23,青春痘哟小骚年
2015-02-14 00:21,大半夜矫情病复发高峰时期看这视频真是心塞得很陈信宏啊泪泪
2015-02-13 18:53,搭捷运到台北找温尚翊昨天深夜看了泫雅周偶里被郑亨敦用锥子敲头对她俩好感度简直太萌了俩姑娘
2015-02-13 17:53,搭捷运到台北找温尚翊我妈说人家像你这么大的姑娘晚上都不吃饭我说那好吧然后我悄悄进餐厅拿了个大面包
2015-02-13 15:48,搭捷运到台北找温尚翊分享图片
2015-02-11 23:43,搭捷运到台北找温尚翊翻到我给你写的东西真是觉得自己当时矫情又有力量不想现在对什么都恐惧我想大概我最酷的时候是想着你们然后为喜欢的生活用力拼命的时候
2015-02-11 23:26,女神噢耶
2015-02-10 18:40,搭捷运到台北找温尚翊是害怕昂首挺胸披荆斩棘穿越森林还是恐惧对未来没有热情抑或是开始害怕自己前进太依赖他人陪伴这些我在脑海里问过一万次的问题到现在还没有答案大概现在能做的只有默默不语摸着石头过河
2015-02-09 16:10,搭捷运到台北找温尚翊终于在年前收到啦现场战场梦工厂哈哈哈哈
2015-02-04 14:37,#Krystal郑秀晶#,好爱哦好爱哦好爱哦好爱哦
2015-02-03 20:08,搭捷运到台北找温尚翊
2015-02-03 18:35,搭捷运到台北找温尚翊小宝娜不管看多少遍都让人心情好
2015-02-03 16:10,搭捷运到台北找温尚翊网页链接网页链接
2015-02-03 11:40,搭捷运到台北找温尚翊分享图片
2015-02-02 22:27,搭捷运到台北找温尚翊趁着夜深人静修点图
2015-02-02 19:12,#周迅的不二男主#,這個廚子吊吊的喲
2015-02-02 12:45,搭捷运到台北找温尚翊果真我爹给我贴的数据线又丑又结实网页链接网页链接
2015-02-02 11:33,搭捷运到台北找温尚翊以你為名的小說會是苦澀或是雋永
2015-02-02 10:55,#Krystal郑秀晶#,站在线戳中字继承者们郑秀晶中字中字继承者们郑秀晶中字一起来看最可爱的宝娜娜大家还有什么推荐上传站的内容可以评论告诉我们站上之前已经有人上传了大家可以自行搜索关键词观看哦郑秀晶中文站郑秀晶中文站郑秀晶继承者们的链接也修复好啦修复下载地址戳提示信息郑秀晶中文站提示信息郑秀晶中文站
2015-02-01 01:32,搭捷运到台北找温尚翊秀妍呀
2015-01-31 21:42,搭捷运到台北找温尚翊豆瓣上说霍比特人的正确观影顺序是不禁深深点头表示赞同比如说两个小时四十分钟我愣是睡了分钟还接上了比如说我在前一天只睡了三个小时的情况下看的津津有味意犹未尽我还想看博物馆有大表哥
2015-01-30 23:24,搭捷运到台北找温尚翊到底还是最爱你们我正在收听五月天的单曲突然好想你网页链接网页链接来自音乐音乐百万正版无损音乐曲库优质而上乘的听觉享受
2015-01-30 23:21,搭捷运到台北找温尚翊夜裡十一點剛剛坐上大理到昆明的火車熙熙攘攘的火車站每個人都大包小包在趕路剛躺到臥鋪里看見老陳發的微博突然間想起來那麼些個時刻所有光都暗了下來只剩一束光打在老陳的身上覺得全世界的孤單都湧向了他大概大合唱是我們能夠給你最好最好的溫柔了吧
2015-01-30 23:12,大概每个你眼中的奇迹时刻都是我想要更爱你们的时刻阿信阿信聽到自己筆下的詞曲被不同的美妙聲音詮釋是創作時光中最大的肯定與滿足當然演唱會上你們繚繞夜空的萬人合唱是震撼的一種請聽秒後的奇蹟時刻
2015-01-30 23:10,该文君五月轰轰烈烈该文君五月轰轰烈烈觉得大船版本的突然好想你的最怕空气突然安静后整个突然安静只剩歌迷的大合唱是我们默契的表现阿信阿信聽到自己筆下的詞曲被不同的美妙聲音詮釋是創作時光中最大的肯定與滿足當然演唱會上你們繚繞夜空的萬人合唱是震撼的一種請聽秒後的奇蹟時刻
2015-01-30 14:12,搭捷运到台北找温尚翊大理白族自治州洱海大理白族自治州洱海
2015-01-29 19:58,金明洙中文个站新聞金明洙惊喜出演郑容和真人秀明洙出演了郑容和的真人秀节目郑容和的说是惊喜出演其实是在电视台半路被容和拉过来的哈哈哈可怜的小羊容和局长给明洙讲解要录制他自己的真人秀节目的宣传词原網址戳网页链接网页链接好可愛好可愛震惊哭心心心心
2015-01-29 17:24,搭捷运到台北找温尚翊大理白族自治州洱海大理白族自治州洱海
2015-01-28 16:26,搭捷运到台北找温尚翊
2015-01-27 23:16,精灵这个种族果真还是美
2015-01-27 23:12,#Krystal你天生是焦点#,最爱这组照片
2015-01-27 20:10,搭捷运到台北找温尚翊我一个自拍上瘾的小铝孩五一街五一街
2015-01-27 18:02,搭捷运到台北找温尚翊强迫了自己看了半个小时的中文版真的快疯了哦马修拉维尼亚生前确实寄了信她爸爸玛丽你真的太自私了看得我整个人快炸了我要换别的看了被電七一街七一街
2015-01-27 14:13,搭捷运到台北找温尚翊今冬最时尚红配绿谁跟我约丽江丽江拉市海湿地公园丽江丽江拉市海湿地公园
2015-01-27 13:53,搭捷运到台北找温尚翊丽江丽江拉市海湿地公园丽江丽江拉市海湿地公园
2015-01-26 21:50,搭捷运到台北找温尚翊七一街七一街
2015-01-26 13:48,搭捷运到台北找温尚翊所以这叫做假期的正确打开方式丽江丽江古城酒吧一条街丽江丽江古城酒吧一条街
2015-01-25 17:11,羽鳥皿柔順信摸摸頭
2015-01-25 09:18,搭捷运到台北找温尚翊走啦郑州郑州新郑国际机场郑州郑州新郑国际机场
2015-01-24 09:23,版太有画面感
2015-01-24 00:00,大合唱的唯一就是让人潸然泪下五月穿棉袄五月穿棉袄阿信停下来的时候感觉全世界的孤单都刷的一下涌来好在合唱的声音响起来时明白自己不是一个人而大家都是为了共同的相信而聚在这里泪泪想看
2015-01-23 22:02,搭捷运到台北找温尚翊音乐中心现场版高清音悦台分享自音悦台音悦台音乐中心现场版音乐中心现场版查看图片
2015-01-14 14:45,乱七八糟的乱写我自己的事我说了算大老温好霸气
2015-01-14 13:34,搭捷运到台北找温尚翊跟李丹一起在图书馆看画展李丹不仅说一个画上的花朵加人家金针菇而且还说人家画上的模特丑更可恨的是她指着一朵桃花讲我就是桃花
2015-01-14 10:55,搭捷运到台北找温尚翊你依旧是我心中全世界最棒的吉他手毋庸置疑
2015-01-13 23:09,大半夜的过不过了
2015-01-13 09:26,笑笑笑笑笑笑我陪你去疯我陪你去疯笑笑笑笑笑笑時線時線笑笑笑笑笑笑鑫地球繼續愛你鑫地球繼續愛你笑笑笑笑笑笑
2015-01-12 23:32,#林俊杰新地球#,林俊杰国际歌友会林俊杰国际歌友会林俊杰新地球终于公开了鼓掌鼓掌鼓掌鼓掌鼓掌鼓掌
2015-01-12 16:01,土豆在線网页链接网页链接
2015-01-12 13:14,搭捷运到台北找温尚翊又看了一遍昨天的现场金的哈特狗啃刘海小胖圭依旧不灵活的整个腰身南木深情脸整个人都精神了无限果真是治疗我疲惫的良药
2015-01-12 11:09,搭捷运到台北找温尚翊心情如图
2015-01-11 16:22,搭捷运到台北找温尚翊总结我和丹姐浅薄的友谊平常不咋约全靠微信交流小姐姐们来撕逼然后在期末心照不宣的约着去图书馆预习阿我和丹姐没有含金量的友情
2015-01-11 13:37,#Infinite#,金里兜酷酷的小电音
2015-01-11 12:03,金明洙吧直播人气歌谣直播地址网页链接网页链接网页链接网页链接直播时间北京时间点分将带来和两首歌曲哦噢耶
2015-01-11 08:24,搭捷运到台北找温尚翊何当共剪西窗烛却话巴山夜雨时
2015-01-10 22:29,搭捷运到台北找温尚翊
2015-01-09 11:25,#会计分录去吃屎#,会计分录去吃屎
2015-01-08 22:45,静之天空視頻完全娛樂五月天演唱會最感動萬人合唱完全娛樂五月天演唱會最感動萬人完全娛樂五月天演唱會最感動萬人曲目請見視頻詳情紅蜻蜓跨年人生海海志明與春嬌新年願望星空天使乾杯紅蜻蜓張三的歌突然好想妳憨人溫柔知足戀愛下載网页链接网页链接
2015-01-09 08:59,早安看到你元气满满
2015-01-08 16:31,搭捷运到台北找温尚翊坐的屁股疼
2015-01-08 10:16,搭捷运到台北找温尚翊看以前写的东西真的觉得自己是少女阿少女阿哪像现在憋了半天也只能来一句你怎么不去吃屎呢
2015-01-08 08:27,好冷阿又不能进被窝
2015-01-06 23:26,#晚安KissToSoo#,
2015-01-06 17:03,搭捷运到台北找温尚翊想起来还有篇论文没写就要炸烦死了复习考试的时候总是顶着个油头穿梭看看小姐姐们还有无限就神清气爽撩起家伙接着干活阿
2015-01-05 15:35,搭捷运到台北找温尚翊被大表哥帅出来了我那颗不常表露的少女心
2014-12-27 17:25,唐頓莊園唐顿庄园圣诞特别篇唐顿庄园圣诞特别篇圣诞特辑在线字幕观看查看图片
2015-01-05 15:19,大表哥这么逗比还是帅不好意思
2015-01-05 14:04,搭捷运到台北找温尚翊
2015-01-05 11:33,搭捷运到台北找温尚翊他是我的世界像太阳
2015-01-04 21:42,#五月天萤火晚会#,感觉老陈每次都煽情的恰到好处
2015-01-04 20:01,真不要脸就是
2015-01-04 07:18,笑炸了哈哈哈哈
2015-01-03 22:51,#美拍#,此生到尽头你是谁想怎么活
2015-01-03 22:43,#晚安KissToSoo#,
2015-01-03 17:08,南咩菌高清饭拍打包已关站全站未上锁内容打包一共链接网页链接网页链接密码各種禁这段期间辛苦了也谢谢你拍下各种模样的哥哥心心
2015-01-03 15:14,搭捷运到台北找温尚翊
2015-01-03 12:03,#2015.1.2五月天萤火晚会#,
2014-12-26 19:45,搭捷运到台北找温尚翊总结为增肥又没没质量的生活挖鼻屎
2014-12-25 09:31,搭捷运到台北找温尚翊非盈利老师放了我最爱的爱拼才会赢
2014-12-25 09:20,大家圣诞快乐快来收下酥酥的平安果哦一整年都会平平安安的许愿
2014-12-25 08:37,搭捷运到台北找温尚翊
2014-12-22 23:01,#10万张明信片赠送#,小苹果强制性的让我给她抢一个名额张皓宸的大长腿张皓宸的大长腿
2014-12-22 18:43,搭捷运到台北找温尚翊不知道我这个有多首歌的歌单要循环多少次我才能把非盈利的作业补完补作业大姨妈到访烦躁中勿扰
2012-06-13 14:19,五月天歌迷会五月天鸟巢演唱会全纪录优酷官方版五月天诺亚方舟鸟巢演唱会完整高清版分钟优酷音乐优酷音乐网页链接网页链接
2014-12-20 19:16,搭捷运到台北找温尚翊我正在收听的歌曲网页链接网页链接来自音乐音乐
2014-12-20 11:00,笑笑笑笑笑笑
2014-12-19 11:04,搭捷运到台北找温尚翊真好听我正在收听林俊杰的单曲可惜没如果网页链接网页链接来自音乐音乐百万正版无损音乐曲库优质而上乘的听觉享受
2014-12-17 20:40,金明洙中文个站直播自錄明洙清唱心跳下載戳链接网页链接网页链接密码循環得停不下來惹崩溃崩溃心心
2014-12-17 13:59,搭捷运到台北找温尚翊看完小姐姐们心情可棒了呢
2014-12-17 13:38,搭捷运到台北找温尚翊地心没有沸腾陨石没有倾盆只有你和日子长满了灰尘
2014-12-15 13:16,搭捷运到台北找温尚翊突然出现西班牙语字幕很无助
2014-12-14 17:06,搭捷运到台北找温尚翊我在天边不天外陪小熊睡觉哪都不在没有你
2014-12-14 16:21,金明洙吧饭拍预览金浦机场饭拍明洙在线资源金浦机场饭拍明洙资源金浦机场饭拍明洙看到镜头甜甜的笑开的萌酥心心
2014-12-14 13:19,搭捷运到台北找温尚翊然后设定了明天六点半的闹钟然后设定了明天六点半的闹钟
2014-12-13 16:33,搭捷运到台北找温尚翊你在讲别人坏话的时候特别丑
2014-12-13 16:02,#Infinite F#,韩流音悦音悦现场在今天播出的音乐中心带来心跳的清新舞台心跳现场版高清心跳现场版高清查看图片
2014-12-13 14:03,搭捷运到台北找温尚翊我正在收听的单曲网页链接网页链接来自音乐音乐百万正版无损音乐曲库优质而上乘的听觉享受
2014-12-12 17:33,那个我坐了好几次北京回南阳的北京西
2014-12-11 21:19,你好像瘦了一些我搬去另一条街
2014-12-10 19:31,金明洙中文个站預告下載戳链接网页链接网页链接密码土豆在線資源預告資源預告雖然現場美女很多但皮下最期待的還是明洙的女團舞哦偷乐偷乐
2014-12-10 19:00,搭捷运到台北找温尚翊听的时候想到陈信宏坐在大船上绕场用力的喊我当时恨不得用把灵魂叫出的声音大叫说人生都太短暂去疯去爱去浪费
2014-12-10 14:39,搭捷运到台北找温尚翊传说中页的写真呢真的每张都好想照下来
2014-12-10 12:33,搭捷运到台北找温尚翊逆转胜的怪兽哥爱爱爱爱爱
2014-12-09 16:08,搭捷运到台北找温尚翊努力翻过来给你一个赞
2014-12-08 17:29,搭捷运到台北找温尚翊陪小亮哥度漫长岁月
2014-12-07 21:35,#音悦Tai#,搭捷运到台北找温尚翊我刚刚在音悦收藏了的颁奖典礼现场版颁奖典礼现场版颁奖典礼现场版查看图片
2014-12-07 15:26,搭捷运到台北找温尚翊果真我是言出必行的温捷运给了主唱生日礼物我好棒
2014-12-07 15:06,搭捷运到台北找温尚翊特地在银行存了钱回宿舍来买
2014-12-06 21:37,又是在厕所的自拍吗大主唱永远的老陈要永远快乐年轻有活力爱你
2014-12-06 09:39,#五月天阿信生日快乐#,有你我才未孤单有你的陪伴我才有靠山
2014-11-25 22:20,#krystal#,搭捷运到台北找温尚翊贴在桌子上的小秀晶
2014-11-25 11:33,搭捷运到台北找温尚翊我正在收听少女时代的单曲网页链接网页链接来自音乐音乐
2014-11-24 12:09,这样我就放心了我最近可忙着咧没时间买专辑
2014-11-24 11:46,搭捷运到台北找温尚翊等我圭哥再爱一百年我正在收听金圣圭的单曲网页链接网页链接来自音乐音乐
2014-11-22 17:28,搭捷运到台北找温尚翊想起来我第一次在电视上看见五月天的时候阿信穿着蓝衬衣牛仔裤唱怎么去拥抱一夏天的风当时就觉得扑面而来一股超级清新的风我正在收听五月天的单曲知足乐团版网页链接网页链接来自音乐音乐
2014-11-21 22:15,搭捷运到台北找温尚翊玛甜甜新婚愉快
2014-11-21 16:05,就这样明目张胆的和我前夫勾搭
2014-11-21 10:10,你也终于找到了那个跌跌撞撞傻傻笑笑买一杯果汁的人蔡先生要幸福噢
2014-11-21 07:09,到底都还是要向新人生启程蔡先生新婚快乐呀
2014-11-20 07:38,大早起的真的是甩甩手温家谷雨温家谷雨瞎了小青橘小青橘快捂眼
2014-11-19 18:03,搭捷运到台北找温尚翊崩坏这首歌的意义每次听都感觉不一样我正在收听五月天的单曲我心中尚未崩坏的地方网页链接网页链接来自音乐音乐
2014-11-19 08:08,怪兽好小一只
2014-11-17 21:12,搭捷运到台北找温尚翊怪兽哥的绿箭盒子
2014-11-17 19:35,搭捷运到台北找温尚翊走路的时候能听到耳边呼呼的风耳机里陈信宏撕心裂肺唱到我买到了怪兽哥的绿箭盒子超级开心哒
2014-11-17 11:14,毕竟她本来就是逗比
2014-11-16 05:58,搭捷运到台北找温尚翊突然间怎么会醒了呢这尴尬的时间点
2014-11-15 19:43,搭捷运到台北找温尚翊迎着夜风听我大无限酷炫呢我正在收听的单曲网页链接网页链接来自音乐音乐
2014-11-15 13:27,其实早就能感觉出来你真的很看重逆转胜这个电影你的心血当然要不遗余力的支持啊毕竟你们在一起的时候才是五月天我也很想贡献票房阿内地也来上映好嘛温怪兽
2014-11-14 19:28,温尚翊点赞了
2014-11-14 19:20,#郑秀晶#,这要是不放原图真的对不起大众
2014-11-14 16:29,笑死我了快来听二胖二胖
2014-11-13 13:24,搭捷运到台北找温尚翊生命如长风吹过谁的心头我正在收听五月天的单曲将军令电影黄飞鸿之英雄有梦主题曲网页链接网页链接来自音乐音乐
2014-11-12 16:21,搭捷运到台北找温尚翊刚刚把看完讲的人机恋爱我姑娘口味果真不一般她还看了遍
2014-11-12 08:09,搭捷运到台北找温尚翊来纪念一下
2014-11-11 16:53,#仁显王后的男人#,挖鼻屎挖鼻屎这可是经典真够了拜拜拜拜
2014-11-11 00:11,笑死我了大晚上的
2014-11-10 21:25,谈恋爱了不起啊挖鼻屎最烦你们这种秀恩爱的人了哼阿信阿信我買了張電影票請的夥伴看逆轉勝票票票怪獸哥我很挺你很挺你很挺你吧
2014-11-10 16:03,总裁真的说到做到折就是折温家谷雨温家谷雨真的打折诶笑笑
2014-11-09 16:25,等到我爱你我爱你们我爱你们说完我看你还能说些什么
2014-10-24 09:19,搭捷运到台北找温尚翊我正在收听齐秦的单曲不让我的眼泪陪我过夜网页链接网页链接来自音乐音乐
2014-10-24 00:00,#郑秀晶21岁生日快乐#,搭捷运到台北找温尚翊郑秀晶岁生日快乐郑秀晶生日快乐小闺女生快呀爱你爱你
2014-10-22 21:15,但是在我心理你是帅哥是歌手最有才华你是最棒的怪兽哥我能听见你到我心里的声音清晰明了毕竟在我心里你是最棒的怪兽哥怪獸怪獸我不是帥哥不是歌手不是最有才華我只是嘗試著把最真實的情感傳達給你大雨一直下而你能聽見嗎
2014-10-22 20:31,嘛的好想用我庞大的身躯给怪兽哥挡雨悲伤悲伤
2014-10-22 20:28,却忘了是谁在爱我没关系呀反正我一直爱你教练可以约你打撞球嘛帅的我心肝颤帅的我想哭
2014-10-22 17:39,你辦事我都放心嘛的只是老子好想你怪獸怪獸再兩個小時半與你們一起等待放心吉他是特製的不怕水
2014-10-22 11:22,第一次见这衣服觉得是最丑但电影的时候主唱穿上就是辣么温油帅气爱你爱你
2014-10-19 10:26,搭捷运到台北找温尚翊听歌的时候觉得这大概是世界上最最温暖的声音了我正在收听怪兽的单曲九号球电影逆转胜主题曲网页链接网页链接来自音乐音乐
2014-10-19 08:07,搭捷运到台北找温尚翊看郑秀晶昨晚上晕倒视频居然心塞了没办法谁让是真爱摊手
2014-10-16 19:20,搭捷运到台北找温尚翊温捷运的日常札记
2014-10-16 19:19,朕觉得认识小苹果是一件超级幸福的事因为我感觉她好爱我哈哈哈哈哈哈哈哈木木大爱你爱你张皓宸的大长腿张皓宸的大长腿老嬉皮温捷运老嬉皮温捷运快看晚安那个
2014-10-15 19:21,狗蛋快跟李成烈回家然后郑秀晶你跟我走过来
2014-10-15 16:03,#九号球#,按下播放键听到怪兽哥的声音好多感觉都一下子涌了出来复杂又简单感动又惊喜只是觉得身体里的某个按钮砰的一下就打开了日子有了更大的热情和动力毕竟你是我怪兽哥我呀从来都没有想过要远离
2014-10-13 23:56,搭捷运到台北找温尚翊我正在收听五月天的单曲有你的将来网页链接网页链接来自音乐音乐
2014-10-12 17:34,搭捷运到台北找温尚翊我刚刚更换了微博封面图你的封面由你做主大家快来个性化你的专属封面吧网页链接网页链接
2014-10-09 23:03,#对我而言可爱的她#,拜拜拜拜拜拜拜拜闺女果真长大了金明洙还是接着跟李成烈好吧拜拜拜拜
2014-10-09 16:38,#对我而言可爱的她#,说不定没亲成
2014-10-08 21:55,搭捷运到台北找温尚翊音乐中心现场版中文字幕制高清音悦台分享自音悦台音悦台音乐中心现场版中文字幕音乐中心现场版中文字幕查看图片
2014-10-07 07:08,搭捷运到台北找温尚翊我正在收听的单曲网页链接网页链接来自音乐音乐
2014-10-05 19:07,诺亚方舟即将起航
2014-10-05 15:57,搭捷运到台北找温尚翊燃烧吧狗日的生活
2014-10-05 13:06,搭捷运到台北找温尚翊你要嘛要呀
2014-10-05 11:11,搭捷运到台北找温尚翊做了炒年糕我好棒呀
2014-10-04 22:06,#2014仁川亚运会闭幕式#,又帅又棒哒暗号蓝中文首站暗号蓝中文首站仁川亚运会闭幕式威武威武威武威武威武威武的骄傲
2014-10-04 19:57,#CNBLUE#,我比较好奇你容和哥的头发是咋搞的
2014-10-04 17:10,#时宇么么哒#,默默的注意到了后方的郑秀晶
2014-10-04 00:47,#STAYREAL台湾代购#,我想要我想要我想要陈信宏我卖个肾给你可好悲催但是我不买我不买我不买悲催或者是屯到寒假买寒假买寒假买悲催那陈信宏我把我全身上下最贵的角膜塑形镜给你然后你给我我包好不好好不好好不好悲催说到底我就是个不安于现状的穷逼悲催
2014-10-03 22:13,呐煞笔都跑到我前面了靠我成最后一个了吗的抠鼻屎
2014-10-02 22:32,小萌蟹在溫家賴著不走啦小萌蟹在溫家賴著不走啦上映了要不要一起看来来来来
2014-10-02 21:12,他妈的我他妈的
2014-09-28 09:14,准哥是不管去哪里都能过的很好的人
2014-09-27 17:51,求关注求关注好喜欢好喜欢
2014-09-27 12:24,#可爱的她郑秀晶#,右上角那个小村姑好漂酿
2014-09-26 15:30,可以直接黑幕我吗
2014-09-25 19:47,搭捷运到台北找温尚翊欺负小村姑尹世娜的小婊砸都去死吧哼
2014-09-24 00:42,还有冬菇呀那个郑海莉
2014-09-23 23:06,搭捷运到台北找温尚翊南方的江山太娇媚腐蚀了我的热血
2014-09-23 21:49,#五月天令你感动的100个微瞬间#,逃军训逃考试坐好久的火车特别狼狈奔波的去见你们每次见五月天之前事情都特别多但每次进了场之后都觉得自己特别伟大大概是每个孤单天亮他们都陪我唱所以过了这么久想想他们还是觉得生活哪哪都是光明
2014-09-23 18:43,我只是一个睡前喝水多了的人好吗二胖二胖老嬉皮温捷运老嬉皮温捷运就是你哈哈哈哈
2014-09-23 11:53,搭捷运到台北找温尚翊调戏我羞羞好爱哦好爱哦张皓宸的大长腿张皓宸的大长腿
2014-09-20 15:03,搭捷运到台北找温尚翊二毛你好呀
2014-09-20 11:47,搭捷运到台北找温尚翊郑秀晶呀
2014-09-20 08:11,温尚立羽抠鼻屎早啊困死了
2014-09-20 08:05,搭捷运到台北找温尚翊一大早起床手机全是陈信宏发微博人渣你是怎么做到一个微博发五次删四次的阿信
2014-09-19 16:40,一对不要脸
2014-09-19 09:35,搭捷运到台北找温尚翊小闺女新戏一出来浑身都是正能量
2014-09-18 23:02,喜欢你们本身就是一件很的事情阿信阿信如果你的心曾經五月天一頁就能說明一切哈我看到第頁了認真檢討中
2014-09-18 21:49,#可爱的她郑秀晶#,最后一张确实美哭
2014-09-18 18:17,搭捷运到台北找温尚翊烧的一壶水放在地下渐渐变凉又过了一下午温度冷冷的好想泡脚
2014-09-18 17:11,搭捷运到台北找温尚翊
2014-09-18 11:45,搭捷运到台北找温尚翊小村姑你终于出来辣噢耶美哭我
2014-09-16 22:17,温尚翊你到底要不要跟我好
2014-09-16 20:23,温尚翊你什么时候来娶我
2014-09-16 14:51,#郑秀晶#,搭捷运到台北找温尚翊明天郑秀晶
2014-09-15 23:08,謝教練你可以手把手教我打撞球嗎我偶吧怪獸怪獸陷我於不義的薛秋邦薛秋邦大家記好啦
2014-09-15 23:05,#对我而言可爱的她#,我姑娘
2014-09-15 18:40,#美拍#,贤惠的在倒酸梅汤的我
2014-09-14 22:58,哥她们已经停下来洗澡了哥快让我们一起做安静的美男子来来来来
2014-09-14 09:52,搭捷运到台北找温尚翊不造为什么这两天总活在我很牛逼呀的这种感觉中闲着没事都想对自己说句我很牛逼呀
2014-09-13 22:03,搭捷运到台北找温尚翊
2014-09-06 14:49,搭捷运到台北找温尚翊温尚翊谢双丰就冲你是我怪兽哥我一定天天给你刷票房哭我
2014-09-05 22:00,张皓宸的大长腿张皓宸的大长腿你要是去看傻冒汤了要不要我快递给你在哪都不会挨打
2014-09-05 00:48,#郑秀晶#,搭捷运到台北找温尚翊温捷运的个人简介之女票男票男票女票郑秀晶温尚翊
2014-09-03 23:59,搭捷运到台北找温尚翊爱一个人痴迷到连他的吉他都分的一清二楚
2014-09-03 23:30,搭捷运到台北找温尚翊每一个被挥霍的夏季连闹钟都赖到自然醒时间忘了今天星期几人生忘了要前进未来的你那个你是否过的过瘾比现在这个我更喜欢哪个自己分享了八三夭的单曲最后的最后的最后的来自网易云音乐网易云音乐
2014-09-03 14:46,搭捷运到台北找温尚翊那天醒来看到大风天脑子里想的全是风起的时候连空气都变得好闻起来这种句子直到发现晾在外面的内裤被吹不见了心里只剩我操二字关于浪漫主义与现实主义
2014-09-02 01:46,搭捷运到台北找温尚翊突然想到以前我也是深夜里一字一句少女情怀爆发的矫情逼现在只能做深夜里一只孤独的抠脚大汉好心塞真的难过的失眠了
2014-09-01 17:50,搭捷运到台北找温尚翊听然而陈升唱我会在遥远地方等你知道你已经不再悲伤突然觉得你长得好看不重要长得被我喜欢才算好看
2014-09-01 17:21,搭捷运到台北找温尚翊总有些人好得像场忍不住一直喊的超棒演唱会默默把温尚翊标记成这种人
2014-09-01 10:21,搭捷运到台北找温尚翊总觉得陈信宏每次扯着嗓子唱都透露着一股色情
2014-09-01 09:13,搭捷运到台北找温尚翊透露放到狂飙爱意突然变的好猛收到你的短信我要启程回去了忍不住把这句哼了出来
2014-09-01 07:05,躲了冰桶挑战很开心哟陈信宏
2014-08-31 21:03,搭捷运到台北找温尚翊我那时候光芒万丈举手投足都是诗
2014-08-31 18:56,搭捷运到台北找温尚翊在线读哈利波特时看到霍格沃茨被翻译成霍格瓦切真是忍无可忍
2014-08-31 18:14,如果上天愿借我五百年我一定把全部大学都读了不为别的只为评论里的小吃太诱惑人了好吗
2014-08-31 18:08,#权侑莉#,超级喜欢这种酷酷萌萌的女生简直没有提抗力拯救我的首页渊博小天使撒浪嘿亲亲亲亲
2014-08-31 12:26,#可爱的她郑秀晶#,跟我走我宣你你造吗
2014-08-31 01:05,搭捷运到台北找温尚翊深夜暴雨你要回家
2014-08-30 22:49,搭捷运到台北找温尚翊大半夜要听后青春期的诗奶奶的这大半夜下架了吗这是打架阿烦死惹
2014-08-30 21:57,你在后台干什么怪兽哥抠鼻屎抠鼻屎
2014-08-30 17:09,#郑秀晶#,
2014-08-29 23:04,#郑容和携新剧三剑客强势回归#,哥哥你到底要走什么路线告诉我好吗
2014-08-29 13:32,素质太居然在我们地盘蔑视我们总理大大弱弱陳信魚陳信魚没钱整容吧怒骂怒骂壓你妹的菠菜壓你妹的菠菜长得跟下巴掉下来似的音小同学音小同学玛门殿下玛门殿下转挂傻逼
2014-08-29 13:09,想起来听到阿璞说铁达尼号还百度了一下阿原来是泰坦尼克阿
2014-08-29 04:55,搭捷运到台北找温尚翊太精神找到诺亚方舟来看再次拜倒在我怪兽哥的吉他之下阿翊哪哪都帅尤其是背影前面这个阿玛甜甜的声音甜到骨子里自从看了电影之后第二人生和干杯就成了泪点但是你是全世界最好的陈信宏阿在没有人看到我的时候惨绿时光过后我亲爱的中年团
2014-08-28 23:02,#Krystal#,搭捷运到台北找温尚翊怪兽哥更博村姑尹世娜第波预告公开还发现了古天乐大帅哥一枚今个老百姓呀真呀真高兴今天真的是我开心的一天
2014-08-28 21:32,你是因为昨天陈信宏发了自拍然后今天决定用智商来巩固后宫地位嘛怪兽偶吧
2014-08-28 21:29,哟这不是我怪兽哥吗终于出现了温学霸好牛逼的样子呀
2014-08-28 19:29,五旬老翁来卖萌忍不住地欢喜
2014-08-28 16:12,搭捷运到台北找温尚翊古天乐乐乐乐乐发现新帅哥一枚
2014-08-23 13:26,搭捷运到台北找温尚翊好心疼張天天
2014-08-22 23:46,我今天到家了拜拜拜拜拜拜拜拜
2014-08-22 22:35,搭捷运到台北找温尚翊粗去玩了一周回家看到专辑好开心谢谢亲吻真的抽到了秀晶的小卡就不特别照下来得瑟了郑秀晶中文站郑秀晶中文站
2014-08-19 23:39,搭捷运到台北找温尚翊五马路五马路
2014-08-19 14:21,搭捷运到台北找温尚翊绝对是本年最后一次打卡天津天津大悦城天津天津大悦城
2014-08-18 18:18,搭捷运到台北找温尚翊一次性都来北京西单大悦城北京西单大悦城
2014-08-17 23:54,回复你百无聊赖我正美麗你百无聊赖我正美麗萌萌哒你百无聊赖我正美麗你百无聊赖我正美麗老嬉皮温捷运老嬉皮温捷运
2014-08-17 13:20,好愛哦好愛哦
2014-08-17 01:38,第二行第一个跟我走來來
2014-08-17 01:29,搭捷运到台北找温尚翊
2014-08-15 22:12,大头娃娃宝贝你好可爱我要掐你的信中
2014-08-15 14:26,搭捷运到台北找温尚翊分享李宗盛的歌曲我终于失去了你网页链接网页链接分享自虾米音乐虾米音乐
2014-08-15 13:39,我姑娘好漂酿啊好喜歡好喜歡好喜歡好喜歡
2014-08-15 13:02,搭捷运到台北找温尚翊
2014-08-15 01:59,#Krystal#,搭捷运到台北找温尚翊对郑秀晶爱的深沉到把锁屏换成陈信宏都要心痛好久谁叫我是有女票的人呐
2014-08-14 17:42,搭捷运到台北找温尚翊明天我一定会好好吃一顿的
2014-08-13 12:50,瘦十斤來來來來
2014-08-12 22:53,搭捷运到台北找温尚翊一直都是这个点喝这种东西越过越年轻啊越活越年轻
2014-08-12 13:44,有需要的快来看來來來來
2014-08-11 10:14,#对我而言可爱的她#,刘海
2014-08-10 22:05,所以要變成老爺爺團的你們也很棒呀阿信你不僅是歌手還是詩人是文學家哲學家不要推辭這是我封的
2014-08-09 03:13,搭捷运到台北找温尚翊涨了一块钱的理发店小区里彻夜亮的路灯刚刚下肚的饮料结束了视频的我怪兽哥手中抱着的吉他夏天的感情总是和减肥相关我还是要爱五月天年的温柔
2014-08-09 00:04,搭捷运到台北找温尚翊能把拉粑粑看成一项巨大的工程这种心态好健康耶
2014-08-08 22:52,神经病怒罵怒罵
2014-08-08 22:43,#不做OUT慢，青春Fun4G#,搭捷运到台北找温尚翊不做慢青春伟大的安妮萌姑娘手举高高我也想要头像广州移动广州移动伟大的安妮伟大的安妮來來來來不做慢青春不做慢青春
2014-08-08 18:34,我也想看到底有没有嘛
2014-08-08 16:16,搭捷运到台北找温尚翊你是没有起床还是没有起床我午休都起来了你为何还没有影子豬頭豬頭我今天没有刷到你动态也还没有跟你聊天好寂寞张皓宸的大长腿张皓宸的大长腿
2014-08-07 17:33,搭捷运到台北找温尚翊我又重新爱上了这个安静的美男子
2014-08-07 15:56,搭捷运到台北找温尚翊
2014-08-07 00:29,搭捷运到台北找温尚翊分享的歌曲分享自虾米音乐虾米音乐
2014-08-02 23:11,#美拍#,头发染回来了
2014-08-02 17:35,骂的好排有本事你给我写出来首盛夏光年真过分啊温家谷雨一定要和雅思分手温家谷雨一定要和雅思分手主简直骂出我的心声得了便宜还卖乖就是这种
2014-08-02 13:55,搭捷运到台北找温尚翊分享五月天的歌曲爱情的模样你是谁教我狂恋教我勇敢的挑战全世界爱情的模样爱情的模样分享自虾米音乐虾米音乐
2014-08-02 00:30,搭捷运到台北找温尚翊对就是你大晚上给我发吃的图片还问我好看吗请允许我做一个悲伤的表情顺道祝我们俩七夕节快乐张皓宸的大长腿张皓宸的大长腿
2014-08-01 18:02,怎么哪都能来插一脚啊你小鹭是个什么碗糕小鹭是个什么碗糕怎么哪都有你好冏一只委委一只委委阿阿阿阿信岚爵不抽事後煙岚爵不抽事後煙大概是唯一没身材的一夜情对象了害羞害羞
2014-08-01 15:57,搭捷运到台北找温尚翊一吵架就消痘痘体制简直比面膜来得有效的多
2014-08-01 10:58,搭捷运到台北找温尚翊分享万晓利的歌曲女儿情与我意中人儿紧相随女儿情女儿情分享自虾米音乐虾米音乐
2014-08-01 10:17,
2014-07-31 21:35,不知道脑子里想的什么张皓宸的大长腿张皓宸的大长腿老嬉皮温捷运老嬉皮温捷运画怪物小能手拜拜拜拜李顺圭是我的小太阳李顺圭是我的小太阳眨眼眨眼郑囧晶的老缠饭郑囧晶的老缠饭好美丽拜拜拜拜
2014-07-31 15:42,搭捷运到台北找温尚翊明里拼命挣脱曾经的羁绊实际上骨子里藏着各种不服与悔恨然后带着这些不服和悔恨奔向新生活这才是该有的态度与做法
2014-07-31 12:23,郑秀晶小卡
2014-07-30 23:06,搭捷运到台北找温尚翊爱恋伊爱恋伊
2014-07-30 22:30,努力的過程總是特別迷人
2014-07-30 19:22,搭捷运到台北找温尚翊小苹果给我截的图我和郑秀晶的鞋子认证张皓宸的大长腿张皓宸的大长腿么么哒呀小苹果鞋子的链接还是你给我的偷笑偷笑偷笑偷笑
2014-07-30 17:39,你现在也是住这里的
2014-07-30 10:19,帮转
2014-07-29 20:04,#三剑客#,对呀对呀我容和哥哥害羞害羞害羞害羞二胖二胖老嬉皮温捷运老嬉皮温捷运是郑容和吗
2014-07-28 10:48,搭捷运到台北找温尚翊简单粗暴来交个水电费武汉中心百货武汉中心百货
2014-07-28 06:36,搭捷运到台北找温尚翊青岛演唱会两周年给定哥哥举过的玫瑰花给定哥哥唱过的生日歌买过的周边决心要一起走向未来的决心
2014-07-28 03:41,姓陈那孩子瘦了
2014-07-28 00:53,#美拍#,搭捷运到台北找温尚翊來看看我拍的視頻點此播放美拍美拍通過美拍錄製
2014-07-27 14:59,还是什么都不要开比较好心心
2014-07-26 11:04,抓狂抓狂抓狂抓狂抓狂抓狂
2014-07-26 01:32,搭捷运到台北找温尚翊
2014-07-26 01:11,#黄多多我们守护你#,还是一个孩子为什么跑到人父母微博下面骂我虽然对黄多多无感但这样好过分
2014-07-25 22:39,搭捷运到台北找温尚翊对你是国民女神呀擠眼擠眼张皓宸的大长腿张皓宸的大长腿
2014-07-24 23:47,搭捷运到台北找温尚翊網速慢的好想睡覺
2014-07-24 17:46,晶骑晶骑普通韩国女生不会把帽檐压这么低但早上看见的她也确实是金头发暈暈
2014-07-24 09:55,搭捷运到台北找温尚翊分享的歌曲分享自虾米音乐虾米音乐
2014-07-24 01:27,搭捷运到台北找温尚翊从此做一个健康的少年先去吃碗面的确是饿了
2014-07-19 13:45,搭捷运到台北找温尚翊我更願意成為你的力量在任何時候
2014-07-19 10:42,搭捷运到台北找温尚翊陳暉暉暉陳暉暉暉看到你在上贊我了我還要繼續喜歡你
2014-07-19 01:48,搭捷运到台北找温尚翊你是一種感覺寫在夏夜晚風裡面
2014-07-19 00:00,
2014-07-18 23:36,搭捷运到台北找温尚翊找到了聊天记录凌晨三点零三分的时候你告诉了我你是一个女生嘘嘘
2014-07-18 21:55,温温我就希望网速不出问题好啦老嬉皮温捷运老嬉皮温捷运加油
2014-07-18 14:16,我不合格我去背题抢个票还要背题我容易吗
2014-07-17 18:34,
2014-07-17 02:50,搭捷运到台北找温尚翊要占据我又一个夏天
2014-07-17 02:26,搭捷运到台北找温尚翊
2014-07-17 01:24,感觉康熙最大的魅力是能代表台湾有期节目采访了去台湾交换的陆生问他们为什么要去台湾做交换那个男生说因为我看康熙非常喜欢孙芸芸虽然带着开玩笑的语气但能感觉到有他的想法尽管走了但感觉最近的节目也不赖很好笑希望康熙万万岁没有它我无聊了可怎么办
2014-07-16 23:01,没办法不要我们少爷团就是女粉丝多韩国韩国认为雪莉是女艺人之中最漂亮的如果自己是男人的话想和雪莉结婚拥有最多雪莉的照片看着雪莉写出了名为水蜜桃的歌
2014-07-16 22:46,搭捷运到台北找温尚翊我记得我那天看个微博上说爱一个人的感觉是说了晚安还想跟他说晚安不禁想起来那天晚上你从点到凌晨三点跟我讲了八次我要睡了晚安怎么办笑死在床上偷樂偷樂张皓宸的大长腿张皓宸的大长腿
2014-07-16 20:21,小亲吻这图疯了吗
2014-07-15 23:38,郑容和你太帅
2014-07-15 18:57,搭捷运到台北找温尚翊我怎么这么棒
2014-07-15 18:25,#Krystal#,搭捷运到台北找温尚翊
2014-07-15 00:46,感觉一件事情最重要的是你在那个过程努力和激情一直觉得在结果出来前的那个等待煎熬又幸福充满了对未知的恐惧却也有对自己努力的信心只要认定了你是英雄无论成败与否在我心里你一直是英雄
2014-07-14 18:50,大王我来求你保佑了
2014-07-14 17:57,去不了我就买米奇我总要干点什么悲催心塞首页到时候一定一片血雨腥风淚流滿面
2014-07-14 17:37,搭捷运到台北找温尚翊心率不齐实名制到底是个什么鬼什么鬼震驚
2014-07-14 13:58,搭捷运到台北找温尚翊我猜你一定是睡了我们俩睡了这么久真的是对不起姥爷不好意思不好意思张皓宸的大长腿张皓宸的大长腿
2014-07-14 03:15,手举高高
2014-07-14 03:02,搭捷运到台北找温尚翊深夜食堂老爷分享自知乎日报知乎日报网页链接网页链接
2014-07-13 21:32,我是你的偶像嘛小苹果不好意思张皓宸的大长腿张皓宸的大长腿老嬉皮温捷运老嬉皮温捷运
2014-07-13 19:20,搭捷运到台北找温尚翊今天酷到没朋友
2014-07-13 18:00,#郑秀晶回归大发#,今天超级酷郑秀晶吧官博郑秀晶吧官博下载网页链接网页链接
2014-07-12 22:57,搭捷运到台北找温尚翊陆毅是怎么做到把自己闺女的牛奶喝没了的萌萌哒笑死我了
2014-07-12 18:51,出事了个个来落井下石民族主义色彩浓重怎么了真特么墙倒众人推啊
2014-07-12 18:45,我看到了什么小水晶还有九姐姐
2014-07-07 21:46,搭捷运到台北找温尚翊每天早上还没睁开眼就摸着手机点开音悦台听觉得元气十足
2014-07-07 21:32,#七七事变#,最见不得孤苦无助的老人们了我是欢喜陈阿信的草莓甜甜圈我是欢喜陈阿信的草莓甜甜圈看到这些照片就毅然决然的捐了淚淚
2014-07-07 21:30,搭捷运到台北找温尚翊我刚刚在抗战老兵助养行动中捐款成功了希望小小的力量汇成大爱托起他们的希望小力量大奇迹一起来支持吧品牌捐抗战老兵助养行动品牌捐抗战老兵助养行动
2014-07-07 18:47,二哥就是这么得意
2014-07-07 13:31,#郑容和#,多好看
2014-07-07 11:59,#f(x)回归#,
2014-07-07 00:14,搭捷运到台北找温尚翊美女都是有肚子的无知的你们阿
2014-07-06 15:11,猜完我在干嘛了吗偷笑偷笑
2014-07-06 14:58,
2014-07-06 13:31,搭捷运到台北找温尚翊每天收快递收快递的好开心阿可是为什么都要在朕准备午休的时候电话打来严重影响了午休质量
2014-07-05 17:48,第一张简直就是小仙女
2014-07-05 13:37,#Jessica&amp;Krystal#,萌我一脸
2014-07-04 23:11,#音悦Tai#,搭捷运到台北找温尚翊我刚刚在音悦收藏了的音乐银行现场版网页链接网页链接
2014-07-04 23:09,搭捷运到台北找温尚翊握拳加油未来还要请你多多指教
2014-07-04 22:22,事实怎么会这么心酸啊哈哈哈哈笑死我了张皓宸的大长腿张皓宸的大长腿我看到有评论说两个发胖主唱可怎么整哈哈哈哈哈老嬉皮温捷运老嬉皮温捷运我要去笑一会我不行了大众神经那个姜芒果大众神经那个姜芒果张皓宸的大长腿张皓宸的大长腿回了阿信阿信你也會偷黑其他團員嗎偷笑偷笑
2014-07-04 09:44,我闺女美美的
2014-07-03 22:54,陳暉暉暉陳暉暉暉
2014-07-03 22:19,感觉陈信宏被叫大哥脸快绿了人家明明
2014-07-03 18:59,吹口哨帅的哟
2014-07-03 12:14,#Krystal#,搭捷运到台北找温尚翊让你看我满屏的郑秀晶脑残粉怎么这么可怕张皓宸的大长腿张皓宸的大长腿
2014-07-03 11:27,郑秀晶
2014-07-03 08:13,搭捷运到台北找温尚翊分享的歌曲我直视不了这首歌了主唱阿主唱阿分享自虾米音乐虾米音乐
2014-07-03 00:14,#RedLight#,我闺女加油加油加加油呢
2014-07-02 21:54,都到南部弄假牙不挤吗主唱挖鼻屎放心我会努力攒钱给你扩充版图的我最棒耶耶阿信阿信喜歡樂團的音樂也希望這次合作能讓品牌能衝向海外到南部弄假牙
2014-07-02 01:16,搭捷运到台北找温尚翊好像是这么多天睡得最晚的一次但想想醒了之后就要去考统计学平静又沸腾的好像能隐隐约约听见青蛙叫还有风吹的声音又是一年夏天阿大主唱能不能见到你还是未知数赌一件米奇吧见不到你就给你交水电费去思密达国扩充事业版图阿信阿信晚安安安
2014-07-02 00:50,评论真的天空中的散步者天空中的散步者山河犹在国泰民安不负前人愿中华崛起万世长安大半夜的这么燃真的好吗淚淚看评论哭晕悦如舞悦如舞山河犹在国泰民安杏無栗子杏無栗子看评论看得好难受愿天佑中华君临天下囧纸亲被糊了一脸来自世界的恶意囧纸亲被糊了一脸来自世界的恶意看评论发现我真是爱国狗淚流滿面
2014-07-01 21:11,#Krystal#,搭捷运到台北找温尚翊
2014-07-01 19:13,搭捷运到台北找温尚翊张皓宸的大长腿张皓宸的大长腿回到了你该在的位置哈哈哈哈
2014-07-01 17:33,我记得我们是从高二就勾搭在一起了阿
2014-07-01 08:18,搭捷运到台北找温尚翊分享五月天的歌曲拥抱纷乱世界的不了解拥抱拥抱分享自虾米音乐虾米音乐
2014-06-28 17:32,#华娱米饭#,郑容和又想跟我前夫合作又想跟五月天合作怎么这么花心啊哈哈哈哈张皓宸的大长腿张皓宸的大长腿老嬉皮温捷运老嬉皮温捷运你老公和你前夫即将合作快来谈一下你的感受大众神经那个姜芒果大众神经那个姜芒果哈哈哈那就快合作啊
2014-06-28 16:01,#姜敏赫0628生日快乐#,萌萌的眯眯眼姜敏赫生日快乐姜敏赫吧姜敏赫吧姜敏赫生日快乐不管你是鼓手还是演员我们都觉得你萌萌哒
2014-06-28 13:42,搭捷运到台北找温尚翊
2014-06-27 22:44,
2014-06-27 22:06,戳到笑点了哈哈哈哈女神身高就是不一样
2014-06-27 18:42,虽然真的想说这个真的没一点亮点但还是被老陈萌哭好吧由你焖猪仔
2014-06-27 12:27,搭捷运到台北找温尚翊给你的爱是穿梭日子走不动
2014-06-27 11:31,#郑秀晶#,我姑娘
2014-06-27 00:07,倒没有说一听到这歌就会想起谁然后突然泪奔但是总会想到想到万里狂奔不顾一切心心念念无论如何都要见到你们的时候觉得心里有强大的支柱再怎么困难都不怕我亲爱的中年团祝我以后强大的人生只要想到你们都会越战越勇阿信阿信晚安
2014-06-26 22:57,怪兽哥温油到好想哭
2014-06-26 22:13,感觉阿信的每件都有自己的生命虽然只是一件或者衬衫但能感觉他在小细节里的用心他在自己喜欢的事里专心致志我在喜欢他这件事上专心致志
2014-06-26 12:12,#629校草李信三周年#,为什么当年还是个牛奶娃现在都有八块腹肌了到不行
2014-06-26 11:44,赞
2014-06-25 23:30,搭捷运到台北找温尚翊吃饭的时候撑得慌半夜躺床上饿的慌人生呐
2014-06-25 15:49,哈哈哈哈哈感觉自己棒棒哒大长腿就是棒到没朋友
2014-06-24 18:05,搭捷运到台北找温尚翊姜敏赫怎么能挖一堆土豆阿他是怎么做到挖了一堆土豆阿笑死我了
2014-06-24 13:38,#郑秀妍微博一周年快乐#,写得太棒啦真好看张皓宸的大长腿张皓宸的大长腿老嬉皮温捷运老嬉皮温捷运太温情了淚流滿面拼拼谢谢你来微博么么哒郑秀妍吧官方微博郑秀妍吧官方微博郑秀妍微博一周年快乐明年见微博一周年总结原图下载链接网页链接网页链接密码
2014-06-24 12:33,搭捷运到台北找温尚翊大家好我是五月天怪兽的老婆温捷运
2014-06-23 18:22,#Trot恋人#,陈信宏是丁小丁买不到的奢华陈信宏是丁小丁买不到的奢华首播粗卡
2014-06-23 12:00,为什么你随便用我大哥都不经我同意
2014-06-22 23:37,搭捷运到台北找温尚翊饿的想咬人这姑娘绝对是我大哥亲妹子好玩到不行
2014-06-22 12:34,为转一发张皓宸的大长腿张皓宸的大长腿老嬉皮温捷运老嬉皮温捷运
2014-06-21 23:25,#郑容和622生日快乐#,郑容和生日快乐帅出新高度
2014-06-21 21:04,搭捷运到台北找温尚翊手机上有十首拥抱六首温柔我蹲在路边把它们一首首听完被蚊子咬了好几个包可是想想我跟你只有一根耳机线的距离就矫情的浑身都是劲我怎么那么喜欢你呀我的陈诗人
2014-06-21 15:15,郑容和我要暈暈暈暈暈暈
2014-06-20 12:36,搭捷运到台北找温尚翊台北日日夜夜网页链接网页链接市井的粗糙的不一样的台北来自一刻渴望的市井城市他姓陈
2014-06-20 08:28,搭捷运到台北找温尚翊黄后的职责就是一心一意为黄桑服务得意地笑张皓宸的大长腿张皓宸的大长腿
2014-06-19 23:50,搭捷运到台北找温尚翊赶在最后一刻简单粗暴来一句生日快乐祝福如东海寿比南山身体陪棒吃嘛嘛香祝你以后人生都不会少了我们哈哈哈哈朕准你明天睡个懒觉了二胖二胖么么小了
2014-06-19 22:24,请摆清自己位置好吗你是我的小逗比拍手
2014-06-19 18:22,搭捷运到台北找温尚翊这种下过雨让人有点想矫情的天气在破街走一趟简直了
2014-06-14 22:12,搭捷运到台北找温尚翊我看歌词这么多真心觉得陈信宏是在混的阿
2014-06-14 21:20,我相公从上倒下散发出一股吸引我的气质
2014-06-14 19:04,二哥流露出来了一种大老板的感觉吧官方微博吧官方微博愛你愛你谢谢分享请多多关照
2014-06-14 18:28,我看到我在姓名栏写了温捷运那一刻内心一万只草泥马在狂奔震驚以及循环了一个考试的现场版那声大大的我们一起约在下个季度好吗摳鼻屎
2014-06-14 12:45,搭捷运到台北找温尚翊感觉猝死也是一种选择
2014-06-13 16:53,搭捷运到台北找温尚翊魔鬼的情诗我会在遥远地方等你知道你已经不再悲伤
2014-06-13 08:38,这个大头娃娃是谁
2014-06-12 20:43,搭捷运到台北找温尚翊张皓宸的大长腿张皓宸的大长腿你个黑子你黑了我震驚震驚哈哈哈哈
2014-06-12 15:05,大概生活本来就要有他该有的样子但你绝对可以成为我继续追寻的力量怪獸怪獸踏著的軌跡仰望著努力著
2014-06-11 10:15,张皓宸的大长腿张皓宸的大长腿我更爱你么么小噢耶噢耶
2014-06-11 08:14,搭捷运到台北找温尚翊天天都能碰到穿的小迷妹跟人拉家常聊天说半天这待遇简直了得意地笑
2014-06-10 21:19,回复张皓宸的大长腿张皓宸的大长腿哪有挖鼻屎挖鼻屎明明跟我一样少許願許願羞嗒嗒羞嗒嗒羞嗒嗒羞嗒嗒张皓宸的大长腿张皓宸的大长腿回复老嬉皮温捷运老嬉皮温捷运哈哈哈哈哈哈我爱前夫比你多是不是
2014-06-10 21:14,我看过这个现场但我不造前夫唱过
2014-06-10 00:44,搭捷运到台北找温尚翊天地明鉴我是定了表提醒自己祝你生快的可是我定错日子了好吧我承认我智商稍微低了一点点害羞害羞不过你啥时候过生日这种事情也是我说了算耶耶作为我心有灵犀小娘子记得跟我去南山塔挂锁祝我黄后猪老大生快生生快在日比山等着朕功成名就去接你张皓宸的大长腿张皓宸的大长腿我逗比小娘子生快爱你呢
2014-06-09 23:07,想方设法不顾一切要去见他们的时候觉得整个人生都熠熠生辉那感觉绝对就是我不怕千万人阻挡我是欢喜陈阿信的草莓甜甜圈我是欢喜陈阿信的草莓甜甜圈看到好多自己感同身受小鹿不听乱世耳语小鹿不听乱世耳语主唱说我们是神经病那可是有理有据的可爱可爱
2014-06-09 08:39,搭捷运到台北找温尚翊想起来明天就能看见我小闺女了简直一口气上五楼都不带喘的
2014-06-08 20:12,搭捷运到台北找温尚翊心裡是怎麼塞下這麼多男的女的女的男的
2014-06-08 18:37,搭捷运到台北找温尚翊我是你最棒的备胎呢南方小羊牧场南方小羊牧场
2014-06-08 16:35,搭捷运到台北找温尚翊我想看演唱会想见温尚翊隔着网络视频好特么煎熬阿
2014-06-08 16:30,搭捷运到台北找温尚翊伙伴们好不好让我们再拯救地球神的孩子都在跳舞
2014-06-08 12:07,那些没人陪只有五月天响在耳机的时候矫情又有力量的时候
2014-06-08 11:32,随着时代的发展郑容和在渣像素上越走越远
2014-06-07 13:45,搭捷运到台北找温尚翊等下午去买本统计资料开始预习悲催谁到期末还没点负面情绪悲催我已经够开朗了糾結
2014-06-07 13:37,李正信是逗比来的吧哈哈哈哈
2014-06-06 20:31,搭捷运到台北找温尚翊随便一戳就是一张画报的脸最最最最最爱的现场你给的每一次每分每秒每天每次感动相爱瞬间大概因为你叫陈信宏
2014-06-06 18:12,#CNBLUE#,这飞机坐了好久阿
2014-06-06 15:41,搭捷运到台北找温尚翊所以你願意成為我為數不多的秘密麼网页链接网页链接
2014-06-06 09:53,与其希望转了一个圈还能遇到你我更喜欢在你背后默默跟着你一抬头就能看到你这样我才更踏实
2014-06-05 19:32,學長來跟我約會我請你吃冰吃冰吃冰
2014-06-05 09:25,搭捷运到台北找温尚翊可是我还是没有买到有歌词的呢
2014-05-31 21:08,搭捷运到台北找温尚翊世界就睡在梦里
2014-05-31 09:24,#52531#,五月最後一天了呢我的團長日再加上我有你就夠啦我全世界最棒呆的怪獸哥快跟我一起唱傷心的人別聽慢歌動次動次
2014-05-31 09:12,搭捷运到台北找温尚翊因為這種心痛到無法呼吸的小事乾瞪眼了一晚上深深給自己跪了快給自己貼上標簽生龍活虎温捷运啪啪啪开封河南大学金明校区开封河南大学金明校区
2014-05-31 01:40,搭捷运到台北找温尚翊分享图片
2014-05-30 22:19,这可是我的经典项目看铁蹄铮铮
2014-05-30 18:03,哇是你喜歡的耶難道不是你坐扁的嗎
2014-05-30 17:36,#Yuri#,被我哥哥帅哭
2014-05-30 17:29,你不是嘛张皓宸的大长腿张皓宸的大长腿今天是我女神生日吗也是我生日啊喂时光不允我回头时光不允我回头两个大美女张皓宸的大长腿张皓宸的大长腿
2014-05-30 11:52,#五月天just rock it香港演唱会#,最後一張難道不是凱莉日記的嗎
2014-05-29 20:24,所以与其在那里自怨自艾不如回过头来想想自己到底有没有资格抱怨到底这个世界还是属于努力的人你这么努力永远值得我爱心心阿信阿信與其問世界為什麼對我們不夠好不如問自己能不能做得更好你我都可以活出不一樣的自己
2014-05-29 20:22,#少女时代#,看到第六张的时候笑到肚子疼
2014-05-29 13:59,主唱你放心我也没有当地毯用哈哈哈哈我不願讓你一個人北投阿宏我不願讓你一個人北投阿宏最赞的脑残粉饭小蚊要拥抱第二人生饭小蚊要拥抱第二人生阿信是脑残粉无误好呆萌左左想去非洲左左想去非洲哈哈哈哈哈你也有你的不忍杏仁喲杏仁喲突然覺得萌碎了總裁好可愛
2014-05-28 19:30,#我承认我有点神经#,声音酥死我了怪兽哥作为我正牌公认蓝盆友以后请也用这种语气给我讲话我承认我有点神经
2014-05-28 12:22,帅的我呀
2014-05-27 22:37,搭捷运到台北找温尚翊告诉你不能怕我全世界最好的怪兽哥晚安
2014-05-27 18:14,温温这里笑死我了哈哈哈
2014-05-27 09:57,这胖子怎么不蠢死乱七八糟的都是啥杏红家小迪杏红家小迪哈哈哈哈哈哈陳天爽的遊樂園陳天爽的遊樂園说的什么鬼寶貝我想死了寶貝我想死了什麼亂七八糟的岚爵不抽事後煙岚爵不抽事後煙颜艺漠的原则就是大魔王颜艺漠的原则就是大魔王
2014-05-27 08:53,怪兽哥终于听主唱的话发微博了温学霸快给我力量
2014-05-26 23:48,我才看到耶是我是我就是我你爱的和爱你的都是我得意地笑得意地笑
2014-05-26 21:27,脑子里只有不要脸三个字溫阿暢溫阿暢啊拜拜拜拜拜拜拜拜杜拥抱杜拥抱
2014-05-26 20:17,搭捷运到台北找温尚翊就是这么无聊这么悲催
2014-05-26 13:13,笑死我了哈哈哈哈只有皮囊是女的哈哈哈哈
2014-05-25 19:05,搭捷运到台北找温尚翊一口气喝到底这种事我也很害羞
2014-05-25 17:14,怪兽哥羞嗒嗒羞嗒嗒
2014-05-25 15:31,搭捷运到台北找温尚翊困死了跑下楼去买咖啡遇见一个穿好友的小迷妹虽然啥话也没见讲但相互笑了一下之后立马精神百倍人间自有真情在
2014-05-25 09:51,我们一起看星星
2014-05-25 08:33,搭捷运到台北找温尚翊吃完鸡蛋灌饼世界怎么这么美妙
2014-05-25 00:08,#郑恩地晚安#,萌的我一下回到程诗源郑恩地中文首站郑恩地中文首站郑恩地晚安此图还可以再爱一万年
2014-05-24 22:17,吗怎么办笑死我了哈哈哈哈
2014-05-24 21:15,搭捷运到台北找温尚翊支撑我活下去的是早饭还有陈小胖发微博的提醒短信生活如此多娇
2014-05-20 17:20,这个破奖虐了我多少年啊只要有我前夫和大爷们必拜拜拜拜
2014-05-20 17:16,老陈加上前夫心被虐成渣渣了小五代购小五代购心塞到想喝鸡汤补补拜拜拜拜拜拜拜拜
2014-05-20 10:40,搭捷运到台北找温尚翊来给我表白来给我表白来给我表白猪老大张皓宸的大长腿张皓宸的大长腿
2014-05-20 09:49,为你跌跌撞撞傻傻笑笑买一杯果汁
2014-05-19 18:49,大主唱的最佳作词小哈喜欢北极熊小哈喜欢北极熊最佳作词拜托了他好像真的特别期待那个奖求關注求關注小東小東入陣曲詞曲相信自己在倔強的追梦相信自己在倔強的追梦入陣曲入陣曲步步步步美娜信獸控美娜信獸控步步入陣曲雯囡首推大信信君雯囡首推大信信君最佳作词必须入阵曲
2014-05-19 14:56,#SM及JYP艺人音源从QQ音乐下架#,张皓宸的大长腿张皓宸的大长腿
2014-05-19 12:06,搭捷运到台北找温尚翊
2014-05-18 23:12,搭捷运到台北找温尚翊翻翻老视频顿时心塞是我这辈子都弥补不了的遗憾什么时候听个把马子歌也会心塞了
2014-05-18 20:48,#郑秀晶0519成年快乐#,是快点让我俩中了甩甩手甩甩手甩甩手哈哈哈哈郑秀晶成年快乐张皓宸的大长腿张皓宸的大长腿郑秀晶成年快乐这个和昨天的不一样耶耶耶老嬉皮温捷运老嬉皮温捷运黄桑看过来
2014-05-18 13:11,搭捷运到台北找温尚翊
2014-05-18 09:52,搭捷运到台北找温尚翊给我一只好麻我也想跟你交朋友在那个石头村里头疼的时候就一直听笑忘歌听见你讲让我们举起这杯酒敬我们一起存在的这些年那以后请务必跟我走走走走到更远的闪闪放光的日子好嘛
2014-05-18 09:46,这是你体重上升的根本原因
2014-05-18 09:41,#Yuri#,哥哥我跟你去结婚
2014-05-18 08:39,搭捷运到台北找温尚翊能不能让我陪着你走既然你说留不住你回去的路有些黑暗担心让你一个人走
2014-05-17 23:45,#郑秀晶0519成年快乐#,郑秀晶成年快乐小黑面快到我碗里来好像不够十五字那我来圈你一下张皓宸的大长腿张皓宸的大长腿
2014-05-17 23:31,搭捷运到台北找温尚翊本来我下午只是想吃个歇歇脚但那个傲娇的小店员执意要我点雪顶咖啡然后我现在很精神
2014-05-17 23:22,因为刚出道两周就拿下一位所以特别傲娇吗哈哈哈哈杜拥抱杜拥抱哈哈哈哈哈哈哈哈哈哈哈死傲娇星酱星酱哈哈哈哈哈哈哈哈哈哈
2014-05-17 21:41,搭捷运到台北找温尚翊我真的是发自内心很真诚的问这个问题但感觉大家都被我蠢哭了
2014-05-16 18:30,#鄭容和#,新欢拿了的袋子甩甩手甩甩手
2014-05-16 16:01,#yuri#,搭捷运到台北找温尚翊被美哭
2014-05-16 12:54,搭捷运到台北找温尚翊我正在收听乐童音乐家的单曲网页链接网页链接来自音乐音乐
2014-05-15 15:28,搭捷运到台北找温尚翊朕就是挺无聊了网页链接网页链接
2014-05-15 14:17,#Running Man#,哎哟哈哈哈哈蓝色大爆炸蓝色大爆炸敏赫又要上啦鼓掌鼓掌
2014-05-15 10:06,我就知道我黄后最宣我了你造的我一直翻你的绿头牌黄桑一定会努力打理好天下然后风风光光去日比山接你哈哈哈哈哈哈哈作为我西皮我们一直心有灵犀阿哈哈哈哈盛晓雯是我感天动地的小真爱么么么么么么哒
2014-05-15 00:16,可以点名礼物嘛那明天起来给朕唱充满东莞风情的么么么么么么哒以后在这种正规场合请叫我的大名温妹妹好吗害羞害羞祝福朕收到祝小梁哥嫩俩山无棱天地合海枯石烂明天早上朕要听么么么么么么哒能和你梁哥一起唱最好不过啦哈哈哈哈我知道你很爱爱我那我也就勉强爱你一下下再一下下好了哈哈
2014-05-14 17:37,作为我最近的男二号我真的好开心啊哈哈哈哈哈哈张皓宸的大长腿张皓宸的大长腿老嬉皮温捷运老嬉皮温捷运耶耶耶好棒哟哟哟
2014-05-13 23:32,
2014-05-12 20:29,搭捷运到台北找温尚翊我高冷的女神女朋友离开我我还要生活女朋友离开我我还要生活
2014-05-11 21:04,回复陈猫饺陈猫饺让我们一起为蓝盆友喝彩噢耶噢耶陈猫饺陈猫饺害羞害羞男朋友早就应该大集合了老嬉皮温捷运老嬉皮温捷运
2014-05-11 13:15,搭捷运到台北找温尚翊容和版网页链接网页链接
2014-05-05 10:32,挑战我的时候到了新欢旧爱混在一起到底敢不敢打开看哈哈哈哈哈哈张皓宸的大长腿张皓宸的大长腿老嬉皮温捷运老嬉皮温捷运韩国明星画报韩国明星画报太开心太开心
2014-05-04 21:10,搭捷运到台北找温尚翊最怕像神经病一样的人突然安静起来听拥抱的时候突然产生了这么折腾的想法
2014-05-04 00:04,这是你那吗哈哈哈哈哈哈张皓宸的大长腿张皓宸的大长腿
2014-05-03 21:29,搭捷运到台北找温尚翊
2014-05-03 12:14,爱是每个曾经和你一起你是唯一的追寻
2014-05-02 21:40,#hello，may#,这五个人从杰伦到苏打绿再到我老林一直在水里淹着嘛挖鼻屎那应该还没事我去救怀秋
2014-05-02 19:58,搭捷运到台北找温尚翊在贵团消失的这些日子里首页出现了日饭韩饭欧美饭剩下的在刷步步惊情和金玉良缘果真在五迷的表面下都有第二职业
2014-05-02 19:50,你们知道我首页刷五月天的少到什么地步了嘛贵团粉丝都在哪里我先来转一发西恩
2014-05-02 14:23,搭捷运到台北找温尚翊看两点档的时候后面的小男生问妈这个男的为什么老跟女的亲嘴两点档总是充满着色情与乡土还记得你家王二妞嘛南方小羊牧场南方小羊牧场
2014-05-02 00:21,真的是不管哪一个月份有他们记着我们就是最棒的爱陈杏绿陈杏绿媽的三個字比我愛你還靠譜評論裡都開心瘋了好吗陳信宏你看看啦失望失望
2014-05-02 00:05,你来了会发生会多事情的五月你终于出现了五月天快乐往后的五月天和你走到比永远还远
2014-05-01 20:03,搭捷运到台北找温尚翊像我这种长的丑还发自拍的人什么心态
2014-05-01 00:05,#阿信从微博消失的第八天 想他想他想他#,搭捷运到台北找温尚翊陈信宏消失的第八天五月的第一天还没想好做点什么就匆匆来了的与你们有关的夏天一眨眼就消失的季节可以做很多事情的夏天五月的天刚诞生的夏天阿信从微博消失的第八天想他想他想他我够了阿信快出来发微博好嘛首页太安静了阿顺便晚安阿信阿信
2014-04-30 12:53,搭捷运到台北找温尚翊拼了命想梦到郑容和这么多天都没有实现就因为昨晚上睡前看了两集晚上梦见了池石镇
2014-04-29 22:44,那一年我还在漫无目的高三熬着不知道磨灭了多少热情和任性终于去年我也去了鸟巢陪你走过十万人的蓝海但好像都没有两年前的心情尽管毕业之后去见了你好几次却怎么也弥补不了我当时在教室拿着我的诺基亚用不稳定的网路断断续续听着你哭时我的感动多想时间倒退陪你第一次站上鸟巢
2014-04-29 16:57,右边一群黑子挖鼻屎溫阿暢溫阿暢我们阿翊会游泳啦懒得理你思宇漫太古思宇漫太古哼我们阿翊会游泳啦里边还会潜水呢右边们够了樱远远樱远远当然是救温尚翊啊水深一米七宛宛水深的话还是先救温尚翊吧摳鼻屎
2014-04-29 13:17,我一直都在挨着你影视暖男好喜欢哈哈哈哈
2014-04-29 11:22,我怪兽哥从来都只有五月天
2014-04-29 10:12,我不会告诉你我看完才发现我用的是流量好心疼阿哈哈哈哈震驚震驚
2014-04-28 12:04,我有没有告诉过你我同学说我脸上画一个坐标系我的痣能用坐标表示出来不好意思
2014-04-28 01:59,搭捷运到台北找温尚翊熬到半夜两点思维活跃即使明天早起醒来发现脸上又多了两颗痘也乐在其中发现了白天不能发现的问题就是陈信宏已经有一年没有回复我了亏我还想方设法弄钱来买赎你你要关心我的成长阿大主唱
2014-04-27 18:32,搭捷运到台北找温尚翊陈信宏是真瘦了认真脸都粗来了
2014-04-27 13:32,搭捷运到台北找温尚翊每次来这里次饭都好开心吃饭的时候还放了吃着听着好幸福东西都好好吃这次送了高山青茶下次我们来吃要送我什么哈哈哈哈哈哈哈哈台一线在开封台一线在开封
2014-04-26 19:22,戳到了我那不淡定的笑点哈哈哈哈哈杜拥抱杜拥抱哈哈哈哈哈哈吃饱困吃饱困哈哈哈哈哈我的笑点坏掉了
2014-04-26 00:08,#我用尽一生一世来将他供养 只求他能什么什么的目光#,搭捷运到台北找温尚翊那个点点爱牵挂真好看想买陈信宏带上那个蓝的简直是好看到没天理好麻好麻好麻我决明天早上起来先去卖个肾然后再去包养陈信宏没办法谁让我这么喜欢他我用尽一生一世来将他供养只求他能什么什么的目光
2014-04-25 23:56,#五月天玛莎生日快乐#,赶在最后的时候快跟玛甜甜补一句生日快乐蛋糕给你祝福给你所有能想到的祝福都给你五月天玛莎生日快乐快拉起那个为你跌跌撞撞买一杯果汁的人幸福起来恋爱最棒的贝斯手愿你以后每时每刻都有笑容
2014-04-25 23:49,你家院子辣么大还是掩盖不了那股木有进过城的气质哈哈哈哈哈哈李正信就是一枚闪亮的逗比哈哈哈哈
2014-04-25 16:53,#金钟国0425生日快乐#,就跟你讲池石镇是潜力股长颈鹿不管啥时候都是最丑的一个哈哈哈哈二胖二胖
2014-04-24 21:53,#亲爱的SR等我五一回家领钱来赎你#,搭捷运到台北找温尚翊一个黑标小一个红标大陈信宏你什么时候能给我个准信今天晚上纠结了有一个多小时好麻我决定勇敢的买红标亲爱的等我五一回家领钱来赎你
2014-04-24 21:49,#鄭大爺可憐的小背影讓我笑出內傷#,这一看都是木有进过城哈哈哈哈哈哈哈哈哈哈哈笨死了还耍帅上住着天才小王子上住着天才小王子兴奋的扭动秧歌一低头的委屈窃喜
2014-04-19 12:01,#微博上市#,可是我本来就是会员了別煩我
2014-04-18 13:24,搭捷运到台北找温尚翊
2014-04-17 22:47,搭捷运到台北找温尚翊才我是来秀恩爱的还是秀背景的我最宣你了你造吗张皓宸的大长腿张皓宸的大长腿害羞
2014-04-17 22:19,我这人品拜拜拜拜让我付钱不行吗阿信阿信對了演唱會是免費的由廠商和五月天共同捐款免費索票方式會有更好的改善請大家告訴我們到哪個城市舉辦好阿信阿信這幾天和公司討論第三屆的慈善演唱會從出道以來我們成長改變了很多讓這份力量走向光明面幫助更多人
2014-04-17 22:03,你作为一名林太要做到忽视田小姐你造吗老林和有交集阿哈哈哈哈哈哈給勁
2014-04-17 16:56,#全世界最好的郑容和#,搭捷运到台北找温尚翊全世界最好的郑容和不好意思不好意思
2014-04-17 11:05,我陪你去疯我陪你去疯林俊杰就是太善良右边请你要点碧脸看到你在那些酒吧的宣传照就特么觉得恶心请你好自为之还有你以为就你那碧样还模仿林俊杰啊你快撒泡尿看看你自己那碧样吧有多远滚多远别再去那些酒吧借林俊杰名气赚钱了粗滚范一贤范一贤林俊杰就是林俊杰谁也无法代替
2014-04-16 23:54,果然她也很厚脸皮的把你上面的备注改成女神挖鼻屎
2014-04-16 11:01,#郑秀晶#,本来就不白还晒哈哈哈甩甩手甩甩手
2014-04-16 02:11,搭捷运到台北找温尚翊深夜两点的网速真是让我不忍睡去
2014-04-16 00:28,哎呀呀甩甩手甩甩手甩甩手我陪你去疯我陪你去疯哈哈哈愛你梦想少年梦想少年啊金大爺金大爺哈哈老林和这段一直要被翻出来说说好愛哦好愛哦
2014-04-15 11:10,#老子想看演唱会好吗陈信宏#,到底说是成长路上用心喜欢的人所有好的不好的回忆日后回忆起来都是五月天老子想看演唱会好吗陈信宏悲催
2014-04-14 23:02,#林俊杰#,张皓宸的大长腿张皓宸的大长腿我只把点关注到老林的眼睛和我的一样可以照镜子哈哈哈那些田小姐脑残粉滚粗好吗呵呵不作死就不会死拜拜拜拜台台祝你好运蠟燭
2014-04-14 21:11,#stayreal#,超级好看我要攒钱握拳快到我包包里来
2014-04-14 20:54,我一直都是这么爱你呀哈哈哈哈哈哈
2014-04-13 22:48,
2014-04-13 15:52,就觉得郑恩地哭了真不容易
2014-04-13 15:13,搭捷运到台北找温尚翊来调戏你來來來來张皓宸的大长腿张皓宸的大长腿哈哈哈哈
2014-04-13 14:19,哈哈哈我石头哥真是萌萌的
2014-04-12 20:11,看见就心情好哈哈哈哈哈哈哈哈
2014-04-12 19:33,真是又萌又棒的哈哈哈哈张皓宸的大长腿张皓宸的大长腿
2014-04-12 15:56,釜山汉子终于克制不住的感动親親親親
2014-04-12 14:52,搭捷运到台北找温尚翊我正在收听陈升的单曲镜子网页链接网页链接来自音乐音乐
2014-04-11 22:32,搭捷运到台北找温尚翊我还是喜欢演邓世昌的陆毅
2014-04-11 19:46,#饭团-五月天#,同时也说明陈信宏不瘦好吗哈哈哈哈猫叔只是路过猫叔只是路过不要这么坦白好吗
2014-04-10 21:11,记得包邮二胖二胖转发微博
2014-04-10 19:42,可以说我特别喜欢张智霖的长相吗羞嗒嗒羞嗒嗒溫阿暢溫阿暢在我这只有温尚翊拜拜拜拜拜拜拜拜點丶尐佳愛點丶尐佳愛温尚翊小黃雞小黃雞小黄鸡猫少侠猫少侠温尚翊王小呆王小呆高以翔
2014-04-09 23:37,搭捷运到台北找温尚翊哎哟被人夸了不好意思
2014-04-09 14:39,搭捷运到台北找温尚翊放慢脚步是我拔腿狂奔也是我
2014-04-09 09:59,搭捷运到台北找温尚翊温柔的疯子走在未来的康庄大道上
2014-04-04 23:17,听到五百年就感觉他在登基这是什么鬼笑死我了哈哈哈哈
2014-04-04 23:02,搭捷运到台北找温尚翊磊哥终于唱了让人沸腾的五百年得意地笑满足的去碎觉了
2014-04-04 22:30,#林俊杰#,一下回到解放前叫我脑林脑残粉不好意思我陪你去疯我陪你去疯林萌萌偷笑偷笑偷笑偷笑偷笑偷笑
2014-04-04 21:24,搭捷运到台北找温尚翊给宇叔一个赞感觉唱舞娘的时候有神经蛙与欢乐马的既视感哈哈哈哈
2014-04-04 20:14,#我是歌手#,前夫在哪里呀前夫快出来好愛哦好愛哦
2014-04-04 18:41,#郑恩地#,
2014-04-04 11:08,搭捷运到台北找温尚翊前夫去帮唱感觉一般宇叔唱伤心的人别听慢歌也感觉还好最开心的就是磊哥哥要唱五百年想想都觉得高兴的可以灰起来了呢
2014-04-04 10:36,李丹又要难过了哈哈哈二胖二胖丶丶茜妞肿么办唉黄美英虽然说觉得也不错吧看少时第一眼先看见她但是真心不搭啊啊
2014-04-04 01:14,搭捷运到台北找温尚翊十几二十岁的年纪最大的梦想就是去当你的小助理给你撑伞遮阳擦汗递衣服然后会在忍不住的时候偷瞄两眼怪兽哥想想都觉得酷毙了呢阿信阿信晚安心心
2014-04-04 00:35,我觉得我作为少女的脸红心跳不矜持小鹿乱跳不淡定都全不保留的送给了温尚翊闪闪发光的怪兽哥
2014-04-03 16:22,#恭喜新浪微博上市#,恭喜新浪微博上市雪菜包期待一場浪逃雪菜包期待一場浪逃恭喜新浪微博上市蔡蔡恭喜新浪上市假裝不是西瓜假裝不是西瓜恭喜新浪微博上市恭喜新浪微博上市菲菲春困中菲菲春困中恭喜新浪微博上市
2014-04-03 14:13,五个老流氓前天吃的饭都能吐出来溫阿暢溫阿暢百度回来了回来转生病生病生病生病
2014-04-03 11:48,盛大妈盛哈哈逗比盛爱你么么哒哈哈哈张皓宸的大长腿张皓宸的大长腿姜大妈温大妈你们这样对我合适吗崩潰大院王爷大院王爷我叫她盛大妈哈哈哈哈哈老嬉皮温捷运老嬉皮温捷运叫她盛哈哈阿哈哈哈哈大院王爷大院王爷渊博我不会说我现在也被右边带上每句话都加哈哈哈哈哈啊哈哈哈哈张皓宸的大长腿张皓宸的大长腿病的不轻没得救
2014-04-03 11:32,搭捷运到台北找温尚翊张琳琳给我讲她在网上买了一件衣服又买大了回去给我我跟她讲我已经在车上啦她让我快点回来晚上带我吃饭不好意思
2014-04-03 11:15,叫她盛哈哈阿哈哈哈哈大院王爷大院王爷渊博我不会说我现在也被右边带上每句话都加哈哈哈哈哈啊哈哈哈哈张皓宸的大长腿张皓宸的大长腿病的不轻没得救
2014-04-03 09:21,搭捷运到台北找温尚翊跟你学的每段话后都要加上哈哈哈哈你要怎么拯救我摳鼻屎张皓宸的大长腿张皓宸的大长腿
2014-04-02 22:47,搭捷运到台北找温尚翊一颗心交给谁阿信伍思凯网页链接网页链接分享自土豆音乐土豆音乐
2014-04-01 14:22,搭捷运到台北找温尚翊开心的事我正在收听的单曲网页链接网页链接来自音乐音乐
2014-04-01 13:57,搭捷运到台北找温尚翊改头换面来一首哇瑞呀哇瑞呀滴里滴里哒啦都我大哥为我喝彩
2014-04-01 10:56,
2014-03-31 17:00,搭捷运到台北找温尚翊伤心的都忘记了只记得这首笑忘歌
2014-03-31 00:30,回头看看乡音豬頭豬頭一样的队友醬醬看看人家用的危機公關看看人家这危机公关依休塔尔依休塔尔看看人家的危機公關小夏也要穿马甲小夏也要穿马甲叹一下这转发数啊纯真的歪纯真的歪艺人本身人品先不论只看看人家的危机公关戒小娘戒小娘果然一线的经纪团队就是不一样
2014-03-30 21:05,年到年陪你们走了四场方舟再见下次巡演见心心
2014-03-30 16:55,搭捷运到台北找温尚翊最近觉得开心的事是明天就要回归啦还有就是我觉得我瘦了害羞害羞
2014-03-30 15:40,搭捷运到台北找温尚翊我正在收听陈升的单曲拥挤的乐园网页链接网页链接来自音乐音乐
2014-03-29 22:17,总觉得玛莎一扭头就要给他一耳光哈哈哈哈
2014-03-29 21:57,#五月天329成军日#,所以说啊缺一不可你们和我们心心翊翊翊翊翊二彤翊翊翊翊翊二彤五月天成军日生日快樂心心
2014-03-29 16:25,放在心甘内总有一天怪兽哥快来发微博发微博发微博
2014-03-29 11:26,搭捷运到台北找温尚翊打开播放器就是拥抱的第一首我亲爱的老大爷们生日快乐我正在收听五月天的单曲拥抱网页链接网页链接来自音乐音乐
2014-03-28 22:58,搭捷运到台北找温尚翊直接把婚照弄成头像哎呀好害羞呀回忆是眼睛里的胖大海回忆是眼睛里的胖大海
2014-03-22 22:53,搭捷运到台北找温尚翊时间已一种很奇怪的方式停顿我一生唯一的希望要给你快乐好或不好五月天五月天
2014-03-22 22:47,不转一下就会显得我不聪明娱乐圈揭秘娱乐圈揭秘聪明的粉丝应该快速将这种微博转成热门别转评那些负面内容朱八贱朱八贱都是被无良媒体拉下水的恩吸屌少女吸屌少女转一只学屌一只学屌转我的伙伴是极品奇葩我的伙伴是极品奇葩转补刀医湿补刀医湿转张馨予张馨予转
2014-03-22 14:02,我就知道你对我是真爱淚淚淚淚親親親親親親親親木木小心心
2014-03-18 23:58,我认识你的时候也不再愤愤不平叫嚣着要逃离这个疯狂世界只是难过开心的时候都会哼两句突然好想你你会在哪里我想看演唱会
2014-03-18 22:11,#五月天温哥华演唱会#,你就是太阳照亮了方向你让地球旋转月亮发光让我有翅膀
2014-03-18 06:59,我觉得我们两个是天造地设的一对哎呀男孩儿男孩儿女孩儿女孩儿大哈哈哈哈回忆是眼睛里的胖大海回忆是眼睛里的胖大海心心搭捷运到台北找温尚翊搭捷运到台北找温尚翊康忙北鼻我觉得我们见面的日子不远了
2014-03-15 08:59,#怪兽哥给我正能量#,搭捷运到台北找温尚翊我烦躁需隔绝两天沉淀一下怪兽哥给我正能量怪兽哥在我心里是最棒的人
2014-03-14 23:05,轉發微博
2014-03-14 08:18,搭捷运到台北找温尚翊今天是白色情人节呀是你表达爱的时候快来快来回忆是眼睛里的胖大海回忆是眼睛里的胖大海大哈哈哈哈
2014-03-14 08:16,萌出水回忆是眼睛里的胖大海回忆是眼睛里的胖大海
2014-03-12 23:20,搭捷运到台北找温尚翊我要把你对我不温柔的嘴脸公众于世南方小羊牧场南方小羊牧场
2014-03-12 23:10,#high kick 3#,我的小挚爱到处是萌点许愿回忆是眼睛里的胖大海回忆是眼睛里的胖大海搭捷运到台北找温尚翊搭捷运到台北找温尚翊萌坏了
2014-03-12 00:00,我要在脑林过生日的时候给你个大哈哈哈哈哈等着我呀哈哈哈哈
2014-03-11 09:20,其实我一直觉得阿信找不到真爱泪泪因为觉得没人能真的懂他泪泪泪泪
2014-03-10 23:55,搭捷运到台北找温尚翊憋屈到喝口水都觉得呛的时候想去看诺亚方舟把优盘拿出来开始放电影看着电脑屏幕上的五个人心理说不出来的味儿憨人一开始就跟以前一样哭成傻逼看完擦擦眼泪准备洗脸睡觉抬头看见贴在墙上的海报五个人说不出来的帅气突然就觉得这些年实打实一直陪着我的是他们我不曾离开五月天
2014-03-10 22:05,笑死我啦哈哈哈哈溫潤如翊溫潤如翊哈哈哈黄鱼黄鱼统一大业靠交流英明神武井架工英明神武井架工民国气节重如山淘宝包邮立跪完
2014-03-09 22:29,你带着我们和爱飞了好久好久怀念的人啊等你的来到
2014-03-09 12:10,搭捷运到台北找温尚翊皂片皂片敲桌黄桑要看剪发皂片回忆是眼睛里的胖大海回忆是眼睛里的胖大海大偷樂偷樂
2014-03-08 23:23,#爸爸去哪儿#,戳萌点在一起得意地笑
2014-03-08 09:14,配图应该是我怪兽哥耶耶
2014-03-06 13:37,郑恩地棒棒哒哈哈哈哈哈哈哈哈
2014-03-05 19:23,搭捷运到台北找温尚翊我正在收听陈升的单曲然而网页链接网页链接来自音乐音乐
2014-03-05 13:23,搭捷运到台北找温尚翊陳暉暉暉陳暉暉暉陈晖毕业了泪流满面
2014-03-05 09:05,搭捷运到台北找温尚翊一到老林生日这个月心里就特别难受淚流滿面黄桑需拯救回忆是眼睛里的胖大海回忆是眼睛里的胖大海
2014-03-05 09:02,前夫给的感动别人不能给淚流滿面我经常爬墙回来看前夫回忆是眼睛里的胖大海回忆是眼睛里的胖大海男盆友再多也不会忘记前夫淚流滿面林俊杰家的小莲时林俊杰家的小莲时他说的那句话很戳泪点好吗爬墙没关系记得爬回来看我就好还有之前那句没办法啦他们比我帅呀
2014-03-04 22:58,搭捷运到台北找温尚翊磊哥是我心中一个真英雄我正在收听韩磊的单曲送别网页链接网页链接来自音乐音乐
2014-03-04 21:04,依旧陪着你做梦
2014-03-04 12:28,#我的人生就这么简单这么棒#,蜡笔小新林俊杰五月天现在依旧都很痴迷我的人生就这么简单这么棒不好意思
2014-03-04 00:00,我的各种社交软件都充满着着韩国代购摳鼻屎圆圆圆圆圆儿爱圆圆圆圆号圆圆圆圆圆儿爱圆圆圆圆号空间呵呵拜拜拜拜拜拜拜拜浩浩浩浩男浩浩浩浩男转发微博
2014-03-03 14:26,蠟燭心心怪獸怪獸蠟燭
2014-02-23 20:15,我为什么才看到好帅在西班牙加油
2014-02-22 22:30,这真是遂了我的心愿和我来一起再潇洒五百年看铁蹄铮铮踏遍万里河山
2014-02-21 22:10,搭捷运到台北找温尚翊等书来等爱来回忆是眼睛里的胖大海回忆是眼睛里的胖大海羞嗒嗒羞嗒嗒
2014-02-21 17:10,搭捷运到台北找温尚翊有一个好的精神头牙疼和姨妈都打败不了我
2014-02-20 16:40,搭捷运到台北找温尚翊我长智齿啦今天和小伙伴匆匆面基终于拿到了下课后开心小萌蟹在溫家賴著不走啦小萌蟹在溫家賴著不走啦辛苦啦等我牙回复了快跟我一起去次绵绵冰么么哒
2014-02-19 22:24,但我觉得你的样子生快啦果真还辣么喜欢你激动到一下子转发了好多条哈哈哈哈哈哈哈哈
2014-02-19 22:20,#新浪生日汇#,现在觉得凭着你的美色我能够把一页台北不快进的看完简直是太棒嗯当然了最喜欢一页台北里的你祝郭小鸟生快生快生生快郭采洁郭采洁我的青春小鳥一去不回來挖鼻屎挖鼻屎挖鼻屎西瓜
2014-02-19 22:13,就知道小师姐今天一定会转发他的回忆是眼睛里的胖大海回忆是眼睛里的胖大海郭采洁郭采洁壓軸話筒話筒
2014-02-19 17:08,陈信宏会自己给自己加啊哈哈哈哈哈蠢哭温家谷雨温家谷雨最重要的是这是时隔八个月的事情汗汗
2014-02-17 23:25,搭捷运到台北找温尚翊我在怪兽哥家呢我在这里网页链接网页链接
2014-02-17 23:20,搭捷运到台北找温尚翊这一开学有钱了就慌着想给陈信宏交点钱我欠他阿卧槽我要冷静
2014-02-17 01:48,搭捷运到台北找温尚翊我觉得我表哥是真正的治愈系耶耶
2014-02-16 23:53,搭捷运到台北找温尚翊到现在还没有看洋葱真是没有一点想看的念头陈信宏附上链接也没用我一定是一个黑摊手但这种事情我也无奈好吗乡音什么时候还我一个好看的
2014-02-16 21:08,笑成傻逼了怎么破哈哈哈哈哈哈哈哈
2014-02-16 15:12,搭捷运到台北找温尚翊搜狐视频每次开始前的广告都好恶心
2014-02-15 19:00,搭捷运到台北找温尚翊觉得北爱最后跟干杯最后好像耶
2014-02-15 01:06,搭捷运到台北找温尚翊果真一到晚上神经就变的错乱又无章最新想做的事是当一名通告艺人这样就能康熙大学生娱百完娱什么的到处跑虽然我明白我现在还丑的不能签进野火娱乐挖鼻屎但说不定女丑路线也可以创出一片天叫我温家小神经好了
2014-02-15 00:13,跟小水晶在一起过美好到破表太開心太開心
2014-02-12 22:44,#来自星星的你#,看完预告片果真回忆是眼睛里的胖大海回忆是眼睛里的胖大海你有天偶吧不得了我也要跟你一起看
2014-02-12 22:39,七彩祥云男盆友温家谷雨温家谷雨淚淚淚淚溫奇妙翊如既往溫奇妙翊如既往我的意中人是个盖世英雄他会踩着七彩祥云来娶我成仙了啦哈哈哈哈音悦五月天饭团音悦五月天饭团赞
2014-02-12 15:49,#★3/29洛杉磯. 15週年成軍紀念日. 最終場#,真的是帅帅呢宠溺呆萌小怪兽怪獸怪獸成軍日在洛杉磯不知不覺就快週年了是該成熟點拿這個剛好而已啦酷酷
2014-02-12 04:21,搭捷运到台北找温尚翊爱的越简单世界越大我是街上的游魂而你是闻见我的人
2014-02-12 01:12,搭捷运到台北找温尚翊要是我往怪兽哥身边站的话也是这样萌萌的身高差嘛不会的你都快和温尚翊差不多高了我是黑粉去面壁
2014-02-11 23:50,#你的锁屏是谁#,搭捷运到台北找温尚翊你的锁屏是谁郑恩地但我的主屏幕是小水晶我发认真脸你的锁屏是谁你的锁屏是谁
2014-02-11 02:04,搭捷运到台北找温尚翊我觉得这一看多少次我都会笑的我刚刚又回放了好多遍笑死我了啊一定要截图留念哈哈哈回忆是眼睛里的胖大海回忆是眼睛里的胖大海
2014-02-11 01:37,搭捷运到台北找温尚翊没有大学生和康熙难熬的两天终于过去了
2014-02-10 12:43,噢耶噢耶噢耶偷樂偷樂偷樂偷樂偷樂偷樂阿信阿信加油隨後到
2014-02-09 01:33,养乐多泡面八宝粥多选或单选
2014-02-08 16:32,陈信宏不是还想着跟人少时同台吗挖鼻屎杜拥抱杜拥抱少女时代东方神起安七炫大爷们混得很开啊吃驚吃驚
2014-02-08 14:00,能不能别把自己的号丢一边然后用这个来卖萌挖鼻屎挖鼻屎以为我们不都不造吗
2014-02-02 08:59,他已经去西班牙交换了吗泪泪泪泪
2014-02-02 02:39,搭捷运到台北找温尚翊大半夜的你知道手机响一下有多吓人嘛阿信阿信所以别秒删了快去睡觉吧
2014-02-01 01:58,搭捷运到台北找温尚翊微博圈果真是一个些可怕的地方我要去喝杯奶茶压压惊打理好心情明天去看我爹去哪
2014-01-31 01:03,搭捷运到台北找温尚翊愿我们相互陪伴年复一年
2014-01-30 23:01,哈哈哈哈哈哈回忆是眼睛里的胖大海回忆是眼睛里的胖大海哈哈哈哈哈哈
2014-01-30 22:56,我整个人都兴奋了但是小师姐真的不高啊哈哈哈哈哈哈好回忆是眼睛里的胖大海回忆是眼睛里的胖大海搭捷运到台北找温尚翊搭捷运到台北找温尚翊姜明烨实现時線姜明烨实现時線金童玉女啊啊啊花心贱贱吃饅頭贱贱吃饅頭哦草
2014-01-30 20:46,不行了啊笑死我了阿我今天刷的都是哈哈哈哈哈哈阿哈哈哈哈哈哈
2014-01-30 20:40,哈哈哈哈哈哈哈哈
2014-01-30 19:01,搭捷运到台北找温尚翊写着嫁给怪兽哥愿望的孔明灯羞嗒嗒羞嗒嗒羞嗒嗒羞嗒嗒新年快乐
2014-01-29 18:15,新年礼物好棒怪兽哥好帅羞嗒嗒羞嗒嗒羞嗒嗒羞嗒嗒
2014-01-29 01:23,#你就活该跟肥胖彼此折磨到死#,搭捷运到台北找温尚翊夜半时分解决饥饿的利器之麦香味与板栗糕你就活该跟肥胖彼此折磨到死
2014-01-28 23:27,搭捷运到台北找温尚翊抬头就能看见的海报网页链接网页链接
2014-01-28 02:58,#我最喜欢怪兽哥啦#,搭捷运到台北找温尚翊两个小时前我想吃玉米但因为太晚所以吃了包薯片半个小时前我又想吃玉米于是我又吃了一个橙子我现在还是想吃玉米所以我又吃了饼干和咖啡但是我还是想吃玉米这种感觉就像我是真的喜欢你让我半途去喜欢别人也没用最后喜欢的还是你我最喜欢怪兽哥啦
2014-01-27 23:36,旧图差评多啦梦小金鱼多啦梦小金鱼旧图差评沉默梦游乱世沉默梦游乱世舊圖差評
2014-01-27 22:36,还是瘦子的度的那些年
2014-01-27 02:07,所以即使我现在不能见到你但想你的时候就感觉像半夜里偷偷起床去冲一杯红豆奶茶那样美好
2014-01-26 21:32,怪兽哥木木小羞嗒嗒羞嗒嗒羞嗒嗒羞嗒嗒对着手机屏幕犯花痴流口水的生活总是有盼头的
2014-01-26 16:26,回忆是眼睛里的胖大海回忆是眼睛里的胖大海就是你和我哈哈哈哈哈哈
2014-01-25 23:31,你是火把好远好远看见就能感受到光亮和温暖
2014-01-24 13:33,搭捷运到台北找温尚翊浮云浮云浮云浮云
2014-01-24 00:40,搭捷运到台北找温尚翊我都上一年多大学了我妈以为我是计算机专业的悲催悲催我的专业是那个少壮不努力长大学会计的会计阿娘
2014-01-23 19:13,长得丑的人不能随便和好看的人合照阿还好我们刘桐桐不嫌弃你刘桐桐跟我玩降龙十八掌玩得可开心着呢她还教我了拍手比心拍手比小兔拍手比松树等果真刘桐桐真的爱我阿哈哈哈哈哈哈哈哈
2014-01-23 17:35,大学生的女生最喜欢的就是了大學生了沒大學生了沒
2014-01-23 17:32,搭捷运到台北找温尚翊陈晖毕业了也毕业了莫莉去年毕业了温妮老早都毕业了喜欢的班底一个个都毕业了以后大学生都不能很开心的去看了泪泪泪泪
2014-01-23 00:11,搭捷运到台北找温尚翊诺澜的刘海是被狗啃了吗看得我阿不吐槽简直不能看下去漫漫长夜就没乐趣了
2014-01-22 01:37,我也是我今天上午还想着微信你要不要晚上有小香肠的泡面一起来一下然后就忘啦家里也没有泡面了不过我爹明天还给我带爱心早餐黄桑黄后果然心有灵犀哈哈哈哈哈
2014-01-22 00:43,所以我看任何电视剧目标一直都是女一或女二阿这种好习惯从我看海派甜心的时候沿袭了下来想当年大家被小猪迷的七荤八素的时候我可是在校门口精品店挑杨丞琳的海报呢
2014-01-21 23:46,回忆是眼睛里的胖大海回忆是眼睛里的胖大海这里还有一个版哈哈哈哈哈五月爱夏天五月爱夏天哪家门框质量这么好连阿信都拉得住挖鼻屎挖鼻屎
2014-01-20 22:30,搭捷运到台北找温尚翊因为脸大永远只有一个拍照姿势的温捷运
2014-01-19 21:19,搭捷运到台北找温尚翊把攒了四五个星期的破产姐妹看完现在两眼无光人生没了追求求温尚翊解救
2014-01-14 19:06,搭捷运到台北找温尚翊吃撑了
2014-01-13 23:52,#在家第一天晚上怎么也没有一点值得纪念的事情#,老了不能熬了泪泪泪泪关上电热毯塞塞被窝去睡觉了在家第一天晚上怎么也没有一点值得纪念的事情
2014-01-13 22:20,搭捷运到台北找温尚翊经过了期末考试这一段时间来的非人虐待我要恢复我五点睡十二点起的正常作息了耶
2014-01-12 22:49,搭捷运到台北找温尚翊今天豆瓣好多前夫的歌听的心情棒黄桑等等要送货上门等我我爱张皓宸爱喝我爱张皓宸爱喝请听我独唱因为我活在西边只拥有半个白天一到午后夜色就蔓延
2014-01-12 21:41,#360年会#,默默想到了你草儿想当温家人草儿想当温家人不要怕送怪兽哥来陪你哈哈哈哈哈哈哈哈哈哈哈哈我们爱讲冷笑话我们爱讲冷笑话互联网的那点事互联网的那点事绿衣服那哥们的左手是加藤鹰的标准动作吗
2014-01-12 00:03,学长我们去吃冰好不好我请你怪兽哥简直是好看的让我摔东西温尚翊你这么帅我这么想你你就想我一下会怎样
2014-01-11 23:31,
2014-01-11 19:00,搭捷运到台北找温尚翊带着蝴蝶结的温捷运哈哈哈哈
2014-01-11 16:05,#SR#,天空中的散步者天空中的散步者桃子尚翊而已桃子尚翊而已小柳柳忒没溜儿小柳柳忒没溜儿拜拜白白拜拜拜拜白白拜拜歆昕湘兮歆昕湘兮蒜赫兹蒜赫兹晨予予要做晚睡的万岁爷晨予予要做晚睡的万岁爷搭捷运到台北找温尚翊搭捷运到台北找温尚翊朋朋不知道叫什么朋朋不知道叫什么信信信信信大天信信信信信大天蕃茄酱很甜蕃茄酱很甜晨曦温向日葵晨曦温向日葵晨小风想要拿下会从晨小风想要拿下会从五月剥橘子五月剥橘子拜托扩散喔谢谢
2014-01-11 15:46,的真是帅到没盆友
2014-01-11 09:47,马上就去考财务管理了闲着没事快给我烧点香
2014-01-10 20:08,搭捷运到台北找温尚翊张律师吃教师醋的那一哎哟戳到我萌点了
2014-01-10 15:09,搭捷运到台北找温尚翊待我趴这睡一觉起来再虐财务管理老娘快被你给虐死了你造吗财务管理你这么牛逼你家里人知道吗啊崩溃崩溃崩溃崩溃等老子明天考完老子要去吃火锅老子吃它一锅啊妈蛋崩溃崩溃崩溃我在这里开封河南大学图书馆中州国际金明酒店开封河南大学图书馆中州国际金明酒店
2014-01-09 09:20,#手举高高 温捷运昨天又梦见怪兽哥啦#,搭捷运到台北找温尚翊昨天太近明天太远默默聆听那黑夜晚风吻尽荷花叶任我醉倒在池边手举高高温捷运昨天又梦见怪兽哥啦
2014-01-08 23:51,搭捷运到台北找温尚翊我都进被窝快睡着了二半年想起来你一个月或者是两个月前无比认真的给我讲过的一句话我发现你们南阳的姑娘都长得挺好看除了你我叫陈晨不是沉沉我叫陈晨不是沉沉立马睡不着了好吗你对我真的是真爱吗抠鼻屎抠鼻屎
2014-01-07 19:09,转发微博
2014-01-07 08:55,搭捷运到台北找温尚翊
2014-01-06 23:35,搭捷运到台北找温尚翊网页链接网页链接人气歌谣现场版高清音悦台分享自音悦台音悦台觉得所有里面郑恩地最好看的一版人气歌谣现场版人气歌谣现场版查看图片
2014-01-05 15:00,怀着无比虔诚膜拜以及爱的心情来转这条发粗去之后就要听我们怪兽哥的话替他粗去晒太阳啦羞嗒嗒羞嗒嗒羞嗒嗒羞嗒嗒羞嗒嗒羞嗒嗒羞嗒嗒羞嗒嗒
2014-01-05 14:57,炸的怪兽哥羞嗒嗒羞嗒嗒羞嗒嗒羞嗒嗒杜拥抱杜拥抱帅炸的
2014-01-05 14:53,怪兽哥激动跳起来我是听怪兽哥话的好孩子这就立马粗去晒太阳杀菌消毒哎哟谁家怪兽哥这么好看啊害羞害羞害羞害羞答温捷运家我已疯我爱温尚翊温尚翊爱我哈哈哈哈哈哈哈哈哈哈哈哈哈哈哈哈
2014-01-05 11:27,搭捷运到台北找温尚翊对于你好像就是新版的拥抱再怎么好听也不如天空之城的拥抱听起来温柔你就是天空之城
2014-01-03 23:27,#温捷运心中最棒最好谁都不能替代的温尚翊#,我也失眠了来翻旧微博新版拥抱真的好听到新高度可还是一直循环着天空之城的拥抱怪兽哥晚安总是再想万里狂奔再陪你倔强温捷运心中最棒最好谁都不能替代的温尚翊怪獸怪獸失眠了又想起這震耳欲聾的合唱整齊壯觀的彩虹萬人驚人的能量請容我貪心地收藏起來放在心裡繼續倔強下去
2014-01-03 21:59,你刚刚发的是吧没算错的话不等于吧阿加西挖鼻屎阿信阿信祝大家的就像花朵圍繞蜜蜂蜜糖圍繞小熊糖果圍繞小朋友剛才讓大家穿越年了
2014-01-03 15:26,首先为什么不是来自火腿肠客户端其次姿势真的好君王阿害羞害羞害羞害羞兽爷爷爷爷
2014-01-03 08:07,搭捷运到台北找温尚翊我最近真是帅到没朋友
2014-01-03 00:16,你亲爱的就在这哈哈哈哈哈哈哈哈哈哈哈哈禹凯月禹凯月搭捷运到台北找温尚翊搭捷运到台北找温尚翊你看吧亲爱的
2014-01-02 22:42,最想让人跳起来冲出被窝骂人的就是那问你睡了没你说没有然后没音了等第二天早上人告诉你他睡着了阿妈蛋深海鱼小姐深海鱼小姐其实主要是看和谁聊有些人正常一句好困啊要去睡了心就凉半截儿有些人发一百个呵呵也不会有什么感觉
2014-01-02 13:00,搭捷运到台北找温尚翊在昨天林允儿恋情曝光之后引发了李丹对自己钟爱的泰妍还有秀妍感情的焦虑李丹为此难过了一天半之后决定用学习来麻痹自己
2014-01-02 11:34,搭捷运到台北找温尚翊悄悄告诉你这是我本学期第三次打开这本书圆圆圆圆圆儿爱圆圆圆圆号圆圆圆圆圆儿爱圆圆圆圆号哎哟你这小萌字阿哈哈哈哈我一定会好好看的害羞害羞害羞害羞
2013-12-26 20:11,现在都不见个影五月还有脸接力跑真的乡音你这么屌五月天知道吗香港红馆香港红馆香港红馆香港红馆五月红馆档期为何这么满据说是相信音乐相信音乐旗下艺人的接力跑
2013-12-26 13:11,搭捷运到台北找温尚翊心上一字敢面对我的梦甘愿做憨人
2013-12-25 20:00,#会计圣诞之夜#,搭捷运到台北找温尚翊会计圣诞之夜哎呀我们娄岩今天穿的红裙子真美啊
2013-12-25 19:25,#会计圣诞之夜#,搭捷运到台北找温尚翊会计圣诞之夜王茹月你跳这么棒你父母知道吗
2013-12-25 13:43,大幂幂你这么萌你家大叔知道吗哈哈哈哈哈
2013-12-25 11:06,给爱没有怪兽哥多的陈信宏但感动比任何人都无法克制的陈信宏泪泪泪泪
2013-12-25 09:31,回了两个小时我真的一辈子都不脱团最好的圣诞礼物最棒的陈信宏
2013-12-25 09:29,全世界最好的陈信宏泪泪泪泪
2013-12-24 20:51,搭捷运到台北找温尚翊近来好喜欢谢金燕姐姐
2013-12-24 14:42,#大学生了没#,搭捷运到台北找温尚翊里面的君以及好久不见的陈晖陳暉暉暉陳暉暉暉我在看大学生了没第段大学生了没大学生了没腾讯视频腾讯视频
2013-12-24 13:49,#喜羊羊与灰太狼6#,人天使也挺不容易的招谁惹谁了挖鼻屎让你们写天使活该乡音要赚钱到吐啊哈哈哈小萌蟹在溫家賴著不走啦小萌蟹在溫家賴著不走啦哈哈哈哈哈哈哈哈哈这歌被自黑完了相信音乐相信音乐小羊们变身麋鹿飞翔云端两位童话世界中的王子公主在天使的歌声中因爱成长为爱飞翔感动满满心心
2013-12-24 10:52,搭捷运到台北找温尚翊好想我们大哥啊于是就跑出去给我们老张打电话用无比撒娇的语气给老张讲我最近瘦的风一吹就要倒了呢电话那头老张用无比认真的语气给我讲你这绝对是最近又胖了不少然后亲爹在电话那头咯咯的笑突然觉得爱一个人就是一听到他笑就超级满足逼近年关我是想家了爹妈在家里等我回家吃胖呢哟喂
2013-12-23 23:01,好棒好喜欢好喜欢好喜欢好喜欢你别皱眉你别皱眉搭捷运到台北找温尚翊搭捷运到台北找温尚翊你转的那条爱你爱你
2013-12-23 22:47,#聖誕快樂！#,自称阿信是在学人家卖萌吗挖鼻屎
2013-12-23 20:48,转发微博
2013-12-23 10:11,害羞害羞害羞害羞我可是你亲爱的黄桑
2013-12-23 08:56,搭捷运到台北找温尚翊提示距离最后一次见你已经天距离第一次见你已经天想想一年也才天吧阿信阿信让我哭一会人家多想你啊都不来见我
2013-12-22 12:43,前夫害羞害羞我陪你去疯我陪你去疯最欢喜你啊害羞害羞我是一朵我是一朵最欢喜你啊一千年以后还爱林俊杰一千年以后还爱林俊杰我最喜歡你啊林俊杰林俊杰心心雪儿求林俊杰身体健康雪儿求林俊杰身体健康我最喜歡你啊林俊杰林俊杰心心
2013-12-22 12:42,老大
2013-12-22 08:32,搭捷运到台北找温尚翊玩玩到关就过不去这种事情真的很挑战我的智商
2013-12-21 07:32,搭捷运到台北找温尚翊脚底生风本大王要起床吃两片全麦土司再来个鸡蛋灌饼
2013-12-20 20:03,陈信宏带温尚翊跑活该倒闭啊哈哈哈哈
2013-12-20 16:30,搭捷运到台北找温尚翊在过去一个小时的时间里我用了三十分钟丢白眼给我对面的一对小情侣用了二十分钟去猜测我旁边的姑娘是大二还是大三的在最后十分钟里我弄懂了方差和标准差的区别感天动地图书馆今天终于快闭馆了
2013-12-19 16:51,你怎么知道我等下要放自拍害羞害羞
2013-12-19 00:32,#关于我很喜欢你这件事#,搭捷运到台北找温尚翊关于我很喜欢你这件事就是现在想起来你和小阿沚手牵手游外滩也会气立即徒手拍死两只蜘蛛我以前可是一个温柔的淑女你要怎么补偿我怪獸怪獸
2013-12-18 19:03,可是你今天穿的好像是三叶草阿信阿信今天跟我說話的人為什麼都一直盯著我的腳给自己最棒的年末礼物吧最闪耀联名鞋款终于上市上海北京南京武汉门市黄伟文黄伟文
2013-12-18 09:03,搭捷运到台北找温尚翊反正在我的逻辑里我讲一句你怎么那么丑对你的爱就上升了两个百分点如果再加上嫌弃的语气以及一个大大的白眼那简直就上升了十个百分点呢
2013-12-17 17:43,搭捷运到台北找温尚翊和你再干一杯
2013-12-16 23:59,#额头前有头帘就不冷的冬天 以及用凉水洗脸的小winter#,搭捷运到台北找温尚翊总之是一段的回忆想想就不困的超棒的日子额头前有头帘就不冷的冬天以及用凉水洗脸的小为了防止我去找前夫你赶紧来找我呗阿信阿信晚安
2013-12-16 15:08,搭捷运到台北找温尚翊概率老师上辈子一定是个折翼天使这辈子才能考进清华成为一名伟大的大学老师来在课堂上撒野以及祸害人
2013-12-11 09:23,搭捷运到台北找温尚翊张夏琳给我讲她在网上买了一个雪白雪白的大袄但回来穿上大我说所以说要给我吗她说对啊我上周回家已经给你妈送过去了哎哟张夏琳真的是最喜欢我了
2013-12-11 08:45,搭捷运到台北找温尚翊我是想着早起来听陈绮贞的所以现在在愉快地听少女时代
2013-12-10 23:13,搭捷运到台北找温尚翊想起来明天早上一睁眼就是正能量满格这感觉真的是太棒了南方小羊牧场南方小羊牧场
2013-12-10 14:02,#逢考必过#,
2013-12-09 22:15,转发微博
2013-12-09 20:09,搭捷运到台北找温尚翊以后找不住活了就在书店街摆个摊傻缺二逼王二胖负责贴膜我负责收钱
2013-12-09 16:53,搭捷运到台北找温尚翊郑秀晶我对不起你最近被秀智还有郑恩地迷住了我回去一定认真的唱十遍
2013-12-09 10:36,搭捷运到台北找温尚翊朝气这种东西向来都是遮不住的即使你一直过的黑白颠倒阿信阿信
2013-12-08 17:41,帮你爱特怪獸怪獸哈哈哈我是温家真爱粉认真脸还有你今天忘记了
2013-12-08 11:57,#small酒窝 long 睫毛#,搭捷运到台北找温尚翊温捷运放弃了一顿烤肉的机会来用生命学英语就凭我编的以及已经注册了商标的酒窝睫毛我的精神就已经感天动地了
2013-12-07 20:54,搭捷运到台北找温尚翊我进行了夫妻相帕特我爱张皓宸爱喝我爱张皓宸爱喝哈哈哈哈哈
2013-12-07 10:02,#我和SR君的亲密对话#,搭捷运到台北找温尚翊就冲我天天带你走南闯北的占座位你就要保佑我光芒万丈一脚一个小贱人我和君的亲密对话
2013-12-06 21:34,#最棒的把马子歌#,过生日就是要有一种洒脱的基调和一种厚着脸皮怎样都不丢人的笑哈哈好东西值得永远保存主唱大人生快最棒的把马子歌发现这两年跟了你们真的经历了不少永远的小男神蛋糕分我一半啦生快阿信阿信
2013-12-06 17:42,好姑娘好运噌噌的涨最不做作的萌姑娘光芒万丈
2013-12-06 16:14,想把我能做的最好的都给你生快
2013-12-06 09:54,最喜欢你们勾搭在一起的感觉了小前夫和我的小情敌
2013-12-05 23:32,#阿信生日快乐#,搭捷运到台北找温尚翊明天仍然要早起赚大钱所以陈信宏提前生快心心一时间也不知道说什么就还是北七阿信北投阿宏我爱的陈信宏我也爱你阿信生日快乐
2013-12-05 15:17,搭捷运到台北找温尚翊二胖二胖我们去哪里呀二胖二胖
2013-12-05 08:50,#看来我还是又积极又向上的呀#,搭捷运到台北找温尚翊铺天盖地的这一集多虐我定八点的表现在还躺在被窝里没有开电脑的冲动看来我还是又积极又向上的呀哈哈哈哈要不以后也四点多来看正好还能跟阿田君搭伴过日子聊个天哎呀我最近怎么不嫌弃她这么喜欢她纠结
2013-12-04 21:28,搭捷运到台北找温尚翊和情敌携手买完下课后心情超级棒我情敌讲了考试我会各种过的哈哈哈小萌蟹在溫家賴著不走啦小萌蟹在溫家賴著不走啦
2013-12-04 19:08,这就出来了出来了出来了小萌蟹在溫家賴著不走啦小萌蟹在溫家賴著不走啦搭捷运到台北找温尚翊搭捷运到台北找温尚翊好快温小温小控小芳控小芳这就来了
2013-12-04 17:04,搭捷运到台北找温尚翊分享图片
2013-12-03 16:53,搭捷运到台北找温尚翊就是不喜欢过生日那个基调不管是我自己的还是我很重要的人感觉好像很多藏在心底不想被提起或者是怕被提起的事都统统被挖出来光看都难受你好像是了解我的吧你好像跟我一样的吧是你把我的孤单都消灭了吧阿信阿信
2013-12-03 16:45,过个生整个微博这两天都是来催泪趴嘛这两天快被虐死了妈蛋闲着没事过个什么生日啊我好想你们好吗泪泪泪泪
2013-12-03 13:21,#感天动地理想型毕业了 人生又失去目标了#,政大高材生不会失业啦要考研究所吗记得你有讲要出国留学的以后是不是就不能在大学生里看见你了泪泪真的炒鸡喜欢你感天动地理想型毕业了人生又失去目标了
2013-12-02 16:41,玛莎那一张真的好像蔡英文啊哈哈哈哈哈哈
2013-12-01 23:27,我最喜欢公开表白了哈哈哈哈哈我也好喜欢盛晓雯啊偷乐偷乐偷乐偷乐
2013-12-01 10:02,心心
2013-12-01 00:04,#元气小少女带我去看天鹅哟#,搭捷运到台北找温尚翊等下钻进被窝的时候要做一个坐在天鹅上飞起来的梦然后天鹅跟我讲你是不是太瘦啦元气小少女带我去看天鹅哟
2013-11-30 20:17,搭捷运到台北找温尚翊要相信我有能力在只能听懂英文的情况下冒着大风哼一路的
2013-11-25 16:27,保我好运
2013-11-25 10:43,搭捷运到台北找温尚翊诺亚方舟
2013-11-24 20:46,搭捷运到台北找温尚翊风中依然顽强前行的我
2013-11-23 23:14,这些都是我给你的爱哈哈哈
2013-11-23 21:40,让我爆个粗吧卧槽草儿想当温家人草儿想当温家人小怪兽搭捷运到台北找温尚翊搭捷运到台北找温尚翊感受一下蘇七醬蘇七醬小怪獸日目的陳輪輪日目的陳輪輪小怪兽帽夹好棒
2013-11-23 14:09,所以我为什么看着他白胖白胖的还觉得他穷然后慌的跟找厕所一样的给他送钱腐爛叉燒要瘦腐爛叉燒要瘦一億多就是億臺幣就說怕被查稅告訴臺灣媒體的數字一定有低報不上市就是不想公開財報咩魚頭期待下次相逢魚頭期待下次相逢小陌酱小陌酱衰衰博文儿博文儿一亿多
2013-11-23 11:10,搭捷运到台北找温尚翊下雨的时候就要在被窝里听歌看剧放屁
2013-11-23 00:46,#祝你越来越白裤腿越来越松#,搭捷运到台北找温尚翊我去睡觉了包邮别想我祝你越来越白裤腿越来越松我还没遇见你我不敢老我还没遇见你我不敢老
2013-11-22 23:12,#然后我是负能量爆棚的#,打开冰箱的时候发现最想喝的酸奶坏了开始上网的时候发现手机欠费怎么也刷新不了来了一条你的消息发现是节奏大师送体力的快递小哥和外卖小哥同时在门口告诉你钱是需要到付的然后我是负能量爆棚的
2013-11-22 16:44,小开封冷到要是没有见到想见的人就开始透心凉
2013-11-22 11:33,#我希望有大概很踏实可以睡二十三个小时其余一个小时再休息的日子#,搭捷运到台北找温尚翊深度蛇精病之田亮这种二逼型真的很符合我胃口我希望有大概很踏实可以睡二十三个小时其余一个小时再休息的日子
2013-11-21 23:18,刚从小萌腿的陷阱里走出来又看见这个流口水炸毛不淡定满地跑温尚翊是我的你不许抢哈哈哈哈哈草儿想当温家人草儿想当温家人嗷呜身材太好大晚上看这个还睡觉不了好爱哦好爱哦搭捷运到台北找温尚翊搭捷运到台北找温尚翊妹纸感受一下
2013-11-21 17:07,#虽然唱风也好听的让老子入迷#,搭捷运到台北找温尚翊从此便找到了傲娇届无敌一名陪我唱五月天一直到嗓子哑也决不放弃的人二胖二胖虽然唱风也好听的让老子入迷
2013-11-21 15:28,搭捷运到台北找温尚翊装来一发
2013-11-21 08:39,#可惜负能量爆棚的人只好洗把脸来看破产姐妹#,搭捷运到台北找温尚翊要感受到世界的善意才能过去我想过的坎儿可惜负能量爆棚的人只好洗把脸来看破产姐妹
2013-11-20 18:35,搭捷运到台北找温尚翊在夜市吃鱼蛋我最近走装逼风挖鼻屎
2013-11-20 15:40,耶耶耶耶主要是我榜样做得好
2013-11-20 12:43,搭捷运到台北找温尚翊天气好的让我想爆句粗
2013-11-19 18:39,#某些人又有借口了，醒醒吧！#,但你这是真胖二胖二胖啊哈我瘦不下来都是你们叫我二胖的原因呢偷乐偷乐偷乐偷乐偷乐偷乐偷乐偷乐看看你们对我做了多么残忍的事情别烦我别烦我搭捷运到台北找温尚翊搭捷运到台北找温尚翊五月天五月天骑着贾鱼看乌龟骑着贾鱼看乌龟小太阳请给我正能量小太阳请给我正能量
2013-11-19 14:41,搭捷运到台北找温尚翊嘉嘉嘉嘉相机还在我这快拿走净占地方挖鼻屎
2013-11-19 14:37,搭捷运到台北找温尚翊我是不是可好了可好了哈哈哈哈我爱张皓宸爱喝我爱张皓宸爱喝
2013-11-18 12:53,#低端自恋者必备戏码#,搭捷运到台北找温尚翊低端自恋者必备戏码神秘傲娇四连拍
2013-11-17 23:49,#kimi自在成长#,真好看真好听兔子兔子
2013-11-16 23:52,我随时都有空你们倒是约啊
2013-11-16 23:38,#林俊傑時線巡迴演唱會#,翅膀是初恋我想听现场翅膀泪泪我爱张皓宸爱喝我爱张皓宸爱喝搭捷运到台北找温尚翊搭捷运到台北找温尚翊翅膀拜拜拜拜糖糖時線糖糖時線拜拜拜拜包子包子翅膀那些你很冒险的梦不流泪的机场握手撒娇我心已死有事烧纸少爷再见明年时线拜拜拜拜
2013-11-16 17:38,搭捷运到台北找温尚翊正式把小亮哥的书归位如厕阅读那一趴
2013-11-16 16:48,#kimi酷毙了#,最后一个笑死我了前夫穿的西装革履的在发疯哈哈哈哈我爱张皓宸爱喝我爱张皓宸爱喝
2013-11-16 10:59,在我所有治愈的姑娘里野象第一你第二兔子兔子心心
2013-11-16 10:20,搭捷运到台北找温尚翊我觉得你最近适合你在我心里这种路线安啦亲自给你送奶茶以及我和刘桐桐的爱不好意思偷乐偷乐羞嗒嗒羞嗒嗒深海鱼小姐深海鱼小姐
2013-11-15 17:21,#五月天#,好东西
2013-11-07 22:54,搭捷运到台北找温尚翊昨个跟小伙伴聊天说很多人都希望男神一直单身虽然不会再像年少时那样幻想和他在一起但是只要一想到那么优秀的他都还单着就觉得对未来的人生充满希望可是我却觉得如果连那么优秀的怪兽哥都不能搞定这件事我简直要对整个宇宙绝望了还没有走出阴影的温捷运内心
2013-11-07 19:18,搭捷运到台北找温尚翊钟情于蔬菜市场的张大妈
2013-11-07 00:54,搭捷运到台北找温尚翊听拥抱好眠晚安阿信阿信
2013-11-06 20:00,搭捷运到台北找温尚翊自此我们便只在回忆里相见怎样做到一只眼闭着一只眼睁的辣么大网页链接网页链接
2013-11-06 11:45,搭捷运到台北找温尚翊轻轻刮去嘴角胡青画上我的本性淡紫色眼影只要你爱我一切都没问题
2013-11-04 21:09,英文素材
2013-11-04 18:30,所以你问我有没有要从政的话广义的来说我的确想要从政的确想要改变世界但对我来讲最有价值的方式就是把自己的歌写好
2013-11-04 17:42,搭捷运到台北找温尚翊天一冷准时坐着小电动去学会计李丹说对于我们这种有上课经验的人来讲要是今天晚上是法规了就上一半回来挖鼻屎快要去舟山找你小梁哥的王二胖你可千万别回来考不过来年天一冷接着骑着小电车去上课二胖二胖满嘴唱着少女时代的李丹这是要把我顿死阿愤怒
2013-11-04 11:46,想的美大麦网郑州站大麦网郑州站凤凰网凤凰网绵阳高校绵阳高校阿信不仅仅要进教科书还要去参选了嘛那以后去台湾旅行是不是报暗号我是五迷就可以包吃包住了
2013-11-04 10:41,他今天在宣传欧巡别闹再当就真的是累成狗了挖鼻屎
2013-11-03 10:43,对罗姐再无好感度
2013-11-03 01:27,搭捷运到台北找温尚翊皇后是不是也有我这张傻逼照片衰衰张皓宸我爱你张皓宸我爱你
2013-11-03 01:19,搭捷运到台北找温尚翊普天同庆大日子祝贺温捷运出生的天撒花庆祝
2013-11-02 19:06,搭捷运到台北找温尚翊收拾铺盖回宿舍五个错三个这种情况我从高一开始就全部适应了来自温捷运的内心
2013-11-02 16:25,搭捷运到台北找温尚翊盛晓雯张皓宸我爱你张皓宸我爱你
2013-11-02 15:27,搭捷运到台北找温尚翊想着我要在这大教室听着毛概消磨一下午我就爆粗记本期第二次来上毛概
2013-11-01 01:25,搭捷运到台北找温尚翊听干杯的时候突然想到万里狂奔的日子天又冷了今天去逛街的时候发现小开封都有人穿袄了呢这就又要入冬了怪兽哥和你又快过生日了呼呼啦啦又要一年我在小开封吃好玩好一切都啦除了特别想你们悲伤悲伤晚安了北投太子爷阿信阿信
2013-11-01 01:14,治愈小天使王二胖哈哈哈我勉强就接受你的爱好了我理想型米油回复我只是一方面最重要的是我很想我怪兽哥羞嗒嗒羞嗒嗒句姐你俩这又开始安详的去睡了岩姨在家还不来挖鼻屎偶尔能清楚地听见隔壁很胖的李丹在翻身整个床吱吱哑哑乱响的声音我一个人的夜总是辣么漫长重要的是要关注温捷运减肥史更新
2013-10-31 22:39,搭捷运到台北找温尚翊终于下载了这两个富贵的
2013-10-31 17:58,搭捷运到台北找温尚翊温柔演唱会现场版最爱的一场雪网页链接网页链接
2013-10-31 10:59,搭捷运到台北找温尚翊的温柔和天空之城的拥抱精神领袖
2013-10-31 02:31,搭捷运到台北找温尚翊温捷运的台湾梦
2013-10-31 01:43,搭捷运到台北找温尚翊睡不着的时候我就去逛豆瓣越逛越开心开心到我明天一早起床就变成了一米七的高个子
2013-10-30 23:21,我想说你只圈对一个哈哈哈哈哈哈孟逼
2013-10-30 00:44,搭捷运到台北找温尚翊捣鼓一晚上弄懂这些个洋蛋的东西只为去寻找小陈晖我的理想型睡前猛然感悟一大下睡觉的时候不放屁和洗澡的时候不尿尿都是令人难过的
2013-10-29 22:24,#治愈系小象#,搭捷运到台北找温尚翊乐呵呵滚去碎觉治愈系小象
2013-10-28 14:54,搭捷运到台北找温尚翊感冒的彬哥在顽强的抄作业感谢我暗恋者快回到我身边啊快回到我身边啊的各种药我知道你对我是真爱羞嗒嗒羞嗒嗒自己去上毛概课的傻逼很无聊吧哈哈哈二胖二胖
2013-10-28 13:29,搭捷运到台北找温尚翊被感冒折磨的怪阿姨躺在床上想着小什么时候能长大
2013-10-28 10:31,我多稀罕我爹妈啊
2013-10-28 08:55,据说我这种下里巴人是最好约的呢
2013-10-17 18:16,不能妄想在我们院看到帅哥挖鼻屎
2013-10-17 18:15,搭捷运到台北找温尚翊日子又开始充满了激情边追继承者们边等
2013-10-17 12:25,搭捷运到台北找温尚翊我始终觉得剧情有点快不过看见小水晶就可开心张皓宸我爱你张皓宸我爱你
2013-10-16 23:46,的时候一边看着蓝色大门一边塞着耳机摇头晃脑听着五月天惆怅着高考张士豪穿着附中校服蹬着单车出现的时候几乎满足了我对陈信宏高中时期所有的幻想好久不见的蓝色大门好久不见的张士豪好久不见的我自己至今在我心里排名第一的片子超过了追梦和诺亚的蓝色大门
2013-10-16 21:24,#继承者们郑秀晶#,安秀晶安秀晶安安秀晶秀晶
2013-10-16 10:39,搭捷运到台北找温尚翊小尼姑年芳二八正青春被师父削去了头发我本是女娇娥又不是男儿郎为何要腰系黄绦身披直缍哎呀我还是喜欢菊仙大姐呀我在金明大道金明大道
2013-10-15 23:56,国立台湾大学可惜成绩太差悲催
2013-10-14 22:42,搭捷运到台北找温尚翊再活五百年
2013-10-14 14:05,搭捷运到台北找温尚翊黑高粱句姐家生煎真好吃
2013-10-13 18:28,搭捷运到台北找温尚翊小萌蟹在溫家賴著不走啦小萌蟹在溫家賴著不走啦情敌快来看备注哈哈哈哈哈
2013-10-13 16:32,转发微博
2013-10-13 16:31,向前走走向我们的天空之城
2013-10-13 16:28,搭捷运到台北找温尚翊想起阿信讲的自强隧道脑子里浮现的画面是那时候还是高瘦的陳信宏大长腿一蹬坐在机车上塌毛随风飘扬光是这意淫已经把自己给迷得七荤八素了
2013-10-11 23:22,搭捷运到台北找温尚翊终于有一天走出了我们村拥有了推特账号感谢君王君王万岁万岁万万岁
2013-10-10 07:40,搭捷运到台北找温尚翊第二人生荣升一听就想哭行列
2013-10-09 15:13,搭捷运到台北找温尚翊神烦用尽心思要证明你比我忙你学校比我好都是一个真作死
2013-10-09 11:22,我感觉姥爷是八没错哈哈哈哈名字换的突然好嫌弃你挖鼻屎张皓宸我爱你张皓宸我爱你我陪你去疯我陪你去疯你是哈哈哈哈搭捷运到台北找温尚翊搭捷运到台北找温尚翊美女你怎么看搭捷运到台北找温尚翊搭捷运到台北找温尚翊我明明是害羞低调内敛型的成吗
2013-10-09 11:01,我明明是害羞低调内敛型的成吗爱我爱我爱我爱我爱我爱我搭捷运到台北找温尚翊搭捷运到台北找温尚翊第五个是黄桑大明湖畔的女士大明湖畔的女士第九个是爱妃
2013-10-08 20:32,奏知道你对我是真心的哈哈哈哈得意地笑不好意思羞嗒嗒羞嗒嗒二胖二胖你们几个奇葩我才一点都不喜欢你们挖鼻屎挖鼻屎五月天五月天小太阳请给我正能量小太阳请给我正能量搭捷运到台北找温尚翊搭捷运到台北找温尚翊禹凯月禹凯月骑着贾鱼看乌龟骑着贾鱼看乌龟
2013-10-08 18:07,搭捷运到台北找温尚翊星期二
2013-10-08 13:54,拔拔你没有走音好可惜奥小玫瑰尊萌啊我要把最萌奖从老陈手里夺过来给小玫瑰
2013-10-08 13:48,虽然你是我帅哥可是你要是给我带的话我会打你的哈哈哈哈哈哈哈哈哈哈哈爱我爱我爱我爱我爱我爱我
2013-10-08 10:00,如烟如烟现在刚开业做了几款促销产品喜欢吃张君雅小妹妹的看过来啦张君雅日式休闲丸子捏碎面甜甜圈这款限时打折哦转发转发大家有什么喜欢的都可以告诉我店铺会慢慢上新滴可爱
2013-10-07 13:23,搭捷运到台北找温尚翊如烟开始你的声音传出来那感觉就像突然获得了一个大的拥抱
2013-10-07 13:01,搭捷运到台北找温尚翊跟一群城乡结合十九中坐一起妈蛋味真难闻
2013-10-07 12:16,爱我爱我爱我爱我爱我爱我二胖二胖哈哈哈哈哈哈哈笑死我了
2013-10-07 00:47,有的人就是要和别人不一样挖鼻屎当他和世界不一样那就让他不一样笑的万分欢脱找不到眼还不穿校服留着一头老中青还自以为很好看哈哈哈哈可是就是越看越喜欢许愿
2013-10-06 02:00,搭捷运到台北找温尚翊大晚上的没有人给我争怪兽哥的归属真的好无聊啊情敌虽然我知道你现在肯定已经进入有怪兽哥的梦乡了羞嗒嗒羞嗒嗒小萌蟹在溫家賴著不走啦小萌蟹在溫家賴著不走啦
2013-10-05 22:48,明明长的不是太好看拍出来怎么回辣么好看纪念你被我屏蔽之后放出来的第一条微博
2013-10-05 11:29,搭捷运到台北找温尚翊最幸福的是我们把这个乐团捧在手心里呵护着而你们把我们放在心里一起走向未来想起昨晚上老陈看完视频眼眶湿湿的所有难过瞬间被治愈太阳太阳
2013-10-01 02:11,搭捷运到台北找温尚翊借我那把枪吧或者借我五毛钱我要搭上北方的快车头也不回杀了诚实吧或者杀了爱情吧在被风吹起的时候加入我们的队伍
2013-10-01 01:53,搭捷运到台北找温尚翊肃不清除不尽魑魅魍魉情敌每次唱这一句都好的感觉
2013-09-30 22:43,前夫没吃药挖鼻屎爱我爱我爱我爱我爱我爱我小萌蟹在溫家賴著不走啦小萌蟹在溫家賴著不走啦哈哈哈哈哈哈哈哈哈啊啊啊啊啊不要理我啊啊啊啊啊不要理我他是傻逼哈哈哈哈愛陳溫家的小愉愛陳溫家的小愉啊啊啊啊啊不要理我啊啊啊啊啊不要理我你男人咩事哈哈哈哈哈哈哈哈宋媛茹宋媛茹我操哈哈哈哈笑死我了温小雅温小雅没吃药嘛偷笑偷笑
2013-09-30 12:23,搭捷运到台北找温尚翊偶吧偶吧偶吧
2013-09-29 13:53,搭捷运到台北找温尚翊分享陈升的歌曲不再让你孤单我从遥远的地方来看你要说许多的故事给你听网页链接网页链接分享自虾米音乐虾米音乐
2013-09-29 12:39,所以我就没有惯着他怕他傲娇米油对他笑
2013-09-28 15:01,搭捷运到台北找温尚翊我要以挤公交的劲头战斗一生奥特曼奥特曼
2013-09-28 07:54,搭捷运到台北找温尚翊启程威武
2013-09-26 20:08,玛莎加冠佑明明是品冠
2013-09-26 00:55,搭捷运到台北找温尚翊每日一想温尚翊悦悦我刚刚查大地今天好像已经没有了心口疼晚安啦小萌蟹在溫家賴著不走啦小萌蟹在溫家賴著不走啦
2013-09-24 17:29,搭捷运到台北找温尚翊今天的纸牌特别难怎样都没有赢难道工商管理学院的电脑都这么高贵冷艳么
2013-09-23 23:36,搭捷运到台北找温尚翊就算我哪天吐槽吐到脱团去追陈升了温尚翊还是我最棒最好的怪兽哥温张氏要一直跟着温尚翊太阳太阳
2013-09-23 21:45,奔向思念的脸庞
2013-09-23 16:34,搭捷运到台北找温尚翊看一遍哭一遍这完全不是我的节奏今天一看到怪兽哥眼泪立马跑出来背上书包考试去不虐我自己了不虐我自己了
2013-09-22 23:29,搭捷运到台北找温尚翊悦悦我突然想起来今天看干杯还有第二人生的时候哭了都怪你跟我讲啊情敌看了几遍一直止不住哭这完全不是我的节奏啊小萌蟹在溫家賴著不走啦小萌蟹在溫家賴著不走啦
2013-09-22 01:20,搭捷运到台北找温尚翊冬冬女盆友以后请用美女二字来形容怪兽哥女盆友爱我爱我爱我爱我爱我爱我
2013-09-22 00:49,搭捷运到台北找温尚翊我要是哪天脱团爬墙了应该就是去追陈升去了黄粱一梦二十年陈升多米音乐网页链接网页链接
2013-09-21 21:39,哈哈哈我也很开熏这奇妙的缘分
2013-09-21 19:28,搭捷运到台北找温尚翊唯一能穿得起的季节过去了真桑感
2013-09-21 18:44,搭捷运到台北找温尚翊在没有人看到我的时候
2013-09-21 16:16,搭捷运到台北找温尚翊开元三点的米有了我又跑大地来了
2013-09-20 21:28,被那孩问的神烦
2013-09-20 18:07,#五月天#,有开封刘下下只有星空陪着刘下下只有星空陪着俊俊要做蔡升晏的粉俊俊要做蔡升晏的粉暮汐丶暮汐丶三儿林要攻数学三儿林要攻数学小萌蟹在溫家賴著不走啦小萌蟹在溫家賴著不走啦小伙伴们相信音乐相信音乐谢谢你们让方舟航得更远为入镜和没有入镜的你点个赞赞赞你不曾离开五月天
2013-09-20 13:52,
2013-09-20 13:50,怪兽哥
2013-09-20 10:13,搭捷运到台北找温尚翊开封诺亚方舟小包场其实有个人的但到照相时候最后有些人走了帅哥你们知道开封在哪嘛怪獸怪獸阿信阿信五月天五月天
2013-09-19 22:41,搭捷运到台北找温尚翊聊完之后果真是更难过了昨晚上没睡就早点去休息吧然后希望在国庆节那个大片纷飞的节日里咱能坐在电影院里尖叫怪兽哥草儿想当温家人草儿想当温家人
2013-09-19 01:23,搭捷运到台北找温尚翊最近失的眠比上的课还多怪獸怪獸阿信阿信帅哥我来为明个求个回复不要怪我米油看首映
2013-09-19 00:38,搭捷运到台北找温尚翊你是第二个比我难看还说我长得难看的人女朋友离开我我还要生活女朋友离开我我还要生活
2013-09-17 15:26,#夏天别走#,搭捷运到台北找温尚翊还有呀每一次找你的短途旅行都充满了热情与未知夏天别走
2013-08-31 21:30,这是陈信宏同学你的温柔啊每次听到温柔要翻唱都是既期待又忐忑
2013-08-26 03:03,#这些絮叨我想你懂#,搭捷运到台北找温尚翊这些絮叨我想你懂阿信阿信晚安
2013-08-25 11:48,没错就是温尚翊那矮子
2013-08-25 01:05,搭捷运到台北找温尚翊夏天里虽然结束了最后一次登船或者是演唱会结束一个星期还是傻逼的半夜听着录音不知是哭是笑走不出后遗症但这还是一个好夏天借你们的光务必请给我一新未来
2013-08-24 16:33,搭捷运到台北找温尚翊闭上眼就能感觉生命正在一分一秒飞奔远离我带着微博去旅行带着微博去旅行
2013-08-23 05:38,大叔在发光
2013-08-20 16:23,搭捷运到台北找温尚翊真下船了五月天我在这里北京北京西站北京北京西站
2013-08-19 17:19,搭捷运到台北找温尚翊俊俊俊俊今个圆明园之行累嘛印了这么多等去学校了给你
2013-08-19 17:12,搭捷运到台北找温尚翊老娘還在你來過的城市逗留內心有一股你無法彌補的尤桑感那不是買了或者是勾搭了台灣的小迷妹所能填滿的溫尚翊你最好是別想我我在这里北京星巴克北京三里屯北区店北京星巴克北京三里屯北区店
2013-08-19 13:12,搭捷运到台北找温尚翊晚风吻尽荷花叶任我醉倒在池边
2013-08-18 22:18,#0817 五月天 诺亚方舟 北京 鸟巢#,棒
2013-08-18 19:28,搭捷运到台北找温尚翊温尚翊最好是不要想我
2013-08-18 16:56,搭捷运到台北找温尚翊只有陈信宏能治愈我无限花钱的肝疼感
2013-08-18 02:11,#五月天鸟巢演唱会#,如画风光有你在歌唱
2013-08-18 01:35,五月天我们一起滚回去两年前好么
2013-08-18 01:30,猫叔只是路过猫叔只是路过美哭泪泪
2013-08-18 01:18,搭捷运到台北找温尚翊嘿是你的温张氏未知年份的未来我们再见心心
2013-08-18 01:00,骚逼陈信宏的词真是看不懂
2013-08-18 00:25,搭捷运到台北找温尚翊陈信宏讲的那句有人讲你们的梦想已经完成了老娘在地下撕心裂肺喊了一句麻痹我梦想还没有完成啊你们他妈的拜拜个屁啊
2013-08-18 00:03,搭捷运到台北找温尚翊我隐藏内心已久的刷屏因素爆发各位保重
2013-08-17 23:43,搭捷运到台北找温尚翊追船一年多青岛郑州西安北京六点半到十点感谢你给满满的爱或许两年或许三年或许四年后再见人生最后一站诺亚方舟再见吧温尚翊亲了又丢简直骚爆了我在这里北京光华路北京光华路
2013-08-17 12:53,搭捷运到台北找温尚翊干杯我在这里北京水立方国家游泳中心北京水立方国家游泳中心
2013-08-16 16:23,搭捷运到台北找温尚翊我在看搭舞台哈哈哈哈哈哈哈哈我在这里北京鸟巢国家体育场北京鸟巢国家体育场
2013-08-15 19:16,搭捷运到台北找温尚翊找到火车啦怪兽哥后天见机油后天见草儿想当温家人草儿想当温家人偷乐偷乐偷乐偷乐偷乐偷乐我在这里南阳南阳火车站南阳南阳火车站
2013-08-13 01:42,搭捷运到台北找温尚翊不再要求一个昏暗场地和一个下午
2013-08-12 02:00,#停电的时候看手机里唯一的一部蓝色大门#,搭捷运到台北找温尚翊我似乎看到多年以后你站在一扇蓝色的大门前下午三点的阳光你仍有几颗青春痘你笑着我跑向你问你好不好你点点头三年五年以后甚至更久更久以后我们会变成什么样的大人呢是体育老师还是我妈虽然我闭着眼睛也看不见自己但是我却可以看到你停电的时候看手机里唯一的一部蓝色大门
2013-08-11 02:48,搭捷运到台北找温尚翊当然还有很多比我爱你更动人的三字经譬如红楼梦宝玉看了林妹妹恍惚了憋出三个字你放心喜剧之王穷得只剩一个被嘲弄的梦想的周星星不管不顾地追出去对着柳飘飘的背影喊我养你又刘若英演唱会陈升说找个人嫁了吧奶茶似嗔似怨回一句你管我看到视频的时候我只有一句奶茶你当时还好么
2013-08-11 02:08,#Krystal#,搭捷运到台北找温尚翊美好的事物秒杀人总是不分性别的
2013-08-06 09:53,搭捷运到台北找温尚翊前几天逛街的时候已经可以看到橱窗里漂亮的薄外套买回来的葡萄也甜透了知了的大合唱却还不谢幕我要拼死抓住夏天的尾巴傻笑满脸去见你阿信阿信
2013-08-06 03:15,搭捷运到台北找温尚翊嘿给我来一份冰镇陈信宏吧阿信阿信
2013-07-14 20:23,搭捷运到台北找温尚翊二胖二胖我是不是个重要的人偷乐偷乐噢耶
2013-07-12 00:50,搭捷运到台北找温尚翊气势磅礴我爱你怪獸怪獸
2013-07-05 21:16,我不杀出条血路怎么带你回家怪獸怪獸
2013-06-29 14:36,搭捷运到台北找温尚翊分享图片
2013-06-26 22:33,搭捷运到台北找温尚翊奇怪呢很久以前我是很有想法主见心跳很执着
2013-06-22 10:32,回复阿信阿信晚上见吧阿信阿信
2013-06-17 23:59,搭捷运到台北找温尚翊见过点下床上厕所的没见过点下去换头像的二胖二胖岩姨又刷新了一个巅峰
2013-06-13 22:21,搭捷运到台北找温尚翊
2013-06-10 00:00,搭捷运到台北找温尚翊国母皇后大亲爱生日快乐你就大喊一声皇上万岁万岁万万岁然后来找我吧麻溜赶快承认你是最爱我的然后我可是好皇上蛋糕蛋糕摸花王雯雯時線摸花王雯雯時線
2013-06-09 13:11,搭捷运到台北找温尚翊你的青春都被证明在了一个叫做五月天的乐团里网页链接网页链接
2013-06-06 12:32,搭捷运到台北找温尚翊阿信阿信心心
2013-06-04 11:41,搭捷运到台北找温尚翊你能体谅我有雨天偶尔胆怯你都了解网页链接网页链接
2013-05-29 16:36,搭捷运到台北找温尚翊回到最开始有你的时间网页链接网页链接
2013-05-21 14:33,#521#,陈信宏就事是矫情装的一副贞女的样子不让说别人说他和我怪兽哥怎样怎样自己到头来还不是在台上各种调戏温尚翊看到这个好治愈嘴角一扬一脸痴汉样去睡觉了
2013-05-12 00:04,意气风发小少年变成肉肉呼呼大叔脸情愿你一直胖下去卡在我心里偶吧什么的我真的欣赏不动了陈信宏陈信宏趁夜深人静句晚安丢给你阿信阿信
2013-05-09 12:47,搭捷运到台北找温尚翊给你祝福你自由飞吧而我知道五月天高清音悦台而我知道五月天高清音悦台
2013-05-05 23:41,转发微博
2013-05-03 13:38,搭捷运到台北找温尚翊分享图片
2013-05-02 14:07,搭捷运到台北找温尚翊昨天骚情的致青春在圆圆圆圆圆儿心里漂在圆圆圆圆圆儿心里漂可是找不到小白杨了
2013-05-02 01:28,搭捷运到台北找温尚翊分享图片
2013-05-01 04:43,搭捷运到台北找温尚翊晚安阿信阿信
2013-04-30 08:52,搭捷运到台北找温尚翊哎呀高处不胜寒我在这里晋中平遥古城晋中平遥古城
2013-04-27 00:39,搭捷运到台北找温尚翊五月成人六月去见你七月打工八月奔去大鸟巢愿我生命如歌愿你永远青春听首拥抱就睡吧晚安阿信阿信
2013-04-27 00:02,#五迷主题曲#,再把我的最好的爱给你
2013-04-20 02:03,搭捷运到台北找温尚翊阿我愛早睡晚起的日子看星星看月亮看藍天看白雲然後仰天唱首小星星就睡吧晚安阿信阿信
2013-04-18 20:09,搭捷运到台北找温尚翊哎呦真激动
2013-04-18 18:02,搭捷运到台北找温尚翊阿信阿信阿信网页链接网页链接
2013-04-07 19:56,搭捷运到台北找温尚翊睡眠不好黑眼圈就肆无忌惮拜托
2013-04-07 10:19,#夏雨长的真有味儿#,搭捷运到台北找温尚翊夏雨长的真有味儿
2012-12-05 09:13,因为他们是最炫骚年团
2012-12-02 19:41,#给信信的生日礼物#,有我害羞害羞
2012-11-28 00:00,#五月天怪獸生日快乐#,搭捷运到台北找温尚翊阿翊哥生日快乐心心谢谢你你是我心中最美的小太阳五月天怪獸生日快乐
2012-11-24 23:14,谢谢五月天给我梦与爱的勇气高雄不是我想去想去就能去高雄不是我想去想去就能去别虐我闭嘴闭嘴
2012-11-17 21:16,那个改变我的你那个不肯老去的你高雄不是我想去想去就能去高雄不是我想去想去就能去陈信宏谢谢你路雨轩路雨轩陈信宏谢谢你眼镜妹小白白眼镜妹小白白泪泪泪泪泪泪陳信宏谢谢你五月天中文网五月天中文网小是头盔菲小是头盔菲只要还有音乐梦想就不会消失
2012-10-04 14:38,高雄不是我想去想去就能去高雄不是我想去想去就能去小肉包子的第二人生小肉包子的第二人生转发微博
2012-06-07 21:19,明日一战势杀全场加油阿信阿信准考證帶在身上把緊張藏在家裡把自信放在心裡讓幸運給你勇氣為你加油
2012-05-12 07:10,转发微博
2012-05-07 07:03,不仅是你们的梦阿信阿信午夜偶然看到這張照片有種說不出的感動動員了那麼多人鳥巢市政府保安單位彩虹志願者中演娛樂稻草製作相信音樂舞台燈光音響特效還有天涯四處趕來的你們都只為一個小小樂團的夢我心如鏡感謝無盡晚安
2012-05-06 06:56,搭捷运到台北找温尚翊你永远永远都是我的少年
