2018-02-25 08:14,哈尔滨地铁网哈尔滨地铁隧道里的青春资讯哈尔滨地铁网网页链接网页链接哈尔滨地铁网的秒拍视频哈尔滨地铁网的秒拍视频
2017-08-25 21:19,哈尔滨地铁网哈尔滨地铁助力哈马开辟绿色通道地铁播报哈尔滨地铁网网页链接网页链接
2017-08-15 05:31,哈尔滨地铁网哈尔滨地铁号线规模最大车站主体完工车站已封顶年底车站主体封顶地铁资讯哈尔滨地铁网网页链接网页链接
2017-08-12 06:58,哈尔滨地铁网哈尔滨地铁二号线座车站年底封顶规模最大车站主体完工地铁资讯哈尔滨地铁网网页链接网页链接
2017-08-10 20:15,哈尔滨地铁网哈尔滨地铁二号线建设正当时地铁播报哈尔滨地铁网网页链接网页链接
2017-08-07 06:42,哈尔滨地铁网哈尔滨地铁构筑多道防线保障项目安全地铁资讯哈尔滨地铁网网页链接网页链接
2017-08-07 06:28,哈尔滨地铁网哈尔滨地铁号线江底隧道探秘地铁资讯哈尔滨地铁网网页链接网页链接
2017-08-03 06:46,哈尔滨地铁网哈尔滨首条越江地铁已完成冰雪大世界站至世茂大道站总工程地铁资讯哈尔滨地铁网网页链接网页链接
2017-08-01 06:12,哈尔滨地铁网哈尔滨地铁号线二期东南半环快速推进地铁播报哈尔滨地铁网网页链接网页链接
2017-07-25 05:25,哈尔滨地铁网哈尔滨地铁月日将发行百年建筑地铁纪念票地铁资讯哈尔滨地铁网网页链接网页链接
2017-07-21 13:49,#哈尔滨米时兰尚婚纱摄影#,有这么好的活动快来抽票然后坐上哈尔滨的地铁去看电影吧
2017-07-07 09:59,#小黄人#,抽小黄人
2017-07-06 04:54,哈尔滨地铁网月日起哈尔滨地铁号线一期将缩短行车间隔地铁资讯哈尔滨地铁网网页链接网页链接
2017-06-28 14:31,#杨洋#,我参与了哈尔滨米时兰尚婚纱摄影哈尔滨米时兰尚婚纱摄影发起的投票哪张婚纱照最美呢你也快来表态吧
2017-06-28 13:26,哈尔滨地铁网今早日哈尔滨地铁号线哈南站突发道岔故障影响行车安全为确保乘客安全运营公司全力组织设备维修人员赶赴抢修上午点分故障已解决全线运营恢复正常刚刚地铁号线哈南站道岔故障已解决全线恢复正常地铁资讯哈尔滨地铁网展开全文
2017-06-07 06:32,转发微博
2017-05-25 05:44,哈尔滨地铁网龙江首届地铁图书漂流月活动火热进行中地铁资讯哈尔滨地铁网网页链接网页链接
2017-05-24 05:09,哈尔滨地铁网地铁号线省政府站六月底完成主体顶拱施工地铁播报哈尔滨地铁网网页链接网页链接
2017-05-12 05:40,哈尔滨地铁网哈尔滨地铁号线过江隧道月内开挖地铁资讯哈尔滨地铁网网页链接网页链接
2017-05-08 17:59,哈尔滨地铁网日起地铁施工沿线新增封闭路段地铁资讯哈尔滨地铁网网页链接网页链接
2017-04-29 20:13,哈尔滨地铁网地铁号线江南段首个车站提前封顶江北也有好消息地铁资讯哈尔滨地铁网网页链接网页链接
2017-04-29 20:13,哈尔滨地铁网哈尔滨地铁号线盾构加速超越者号盾构机始发地铁播报哈尔滨地铁网网页链接网页链接
2017-04-19 06:04,哈尔滨地铁网哈尔滨地铁号线首个盾构机下井始发地铁播报哈尔滨地铁网网页链接网页链接
2017-03-27 06:04,哈尔滨地铁网地铁号线来了快看看座车站哪站离你家近地铁资讯哈尔滨地铁网网页链接网页链接
2017-03-27 06:03,哈尔滨地铁网哈尔滨地铁号线今日全面复工地铁播报哈尔滨地铁网网页链接网页链接
2017-03-24 07:04,哈尔滨地铁网地铁号线三期施工提速啦年通车学府路去平房就分钟地铁资讯哈尔滨地铁网网页链接网页链接
2017-03-24 07:04,哈尔滨地铁网近在眼前地铁号线复工年内就要打通松花江了附各站点最新进度地铁资讯哈尔滨地铁网网页链接网页链接
2017-03-24 07:03,哈尔滨地铁网哈尔滨地铁四号线要来了快看看座车站经过你家吗地铁资讯哈尔滨地铁网网页链接网页链接
2017-03-22 12:20,哈尔滨地铁网哈尔滨地铁号线一期工程开始招标地铁播报哈尔滨地铁网网页链接网页链接
2017-03-21 06:19,哈尔滨地铁网哈尔滨地铁开始春季建设地铁播报哈尔滨地铁网网页链接网页链接
2017-03-20 06:26,哈尔滨地铁网哈尔滨地铁号线一期工程开始招标地铁资讯哈尔滨地铁网网页链接网页链接
2017-03-03 19:21,哈尔滨地铁网冰城开启地铁国铁零换乘模式地铁资讯哈尔滨地铁网网页链接网页链接
2017-03-01 07:01,哈尔滨地铁网哈尔滨地铁号线一期号线一期获准建设工程勘察监理公开招标地铁资讯哈尔滨地铁网网页链接网页链接
2017-02-22 15:02,吴磊春眠不觉晓春困有点早提个神满血开工
2017-02-23 04:54,哈尔滨地铁网哈尔滨地铁哈南停车场项目全面净地地铁资讯哈尔滨地铁网网页链接网页链接
2017-01-21 12:31,哈尔滨地铁网地铁号线一期今起开售首通纪念票限量发行套包括两枚车票售价为元地铁资讯哈尔滨地铁网网页链接网页链接
2017-01-02 18:38,哈尔滨地铁网新知秀地铁带你踏上一场璀璨的文化之旅地铁新知秀哈尔滨地铁网网页链接网页链接
2016-12-26 07:16,哈尔滨地铁网哈尔滨地铁客流量突破两亿地铁资讯哈尔滨地铁网网页链接网页链接
2016-12-10 08:03,哈尔滨地铁网哈尔滨地铁丁酉鸡生肖纪念票年月日发行今日起接受选号预订地铁资讯哈尔滨地铁网网页链接网页链接
2016-12-09 05:57,哈尔滨地铁网学讲话谋振兴闯新路做好三篇大文章冬令时的地道战地铁资讯哈尔滨地铁网网页链接网页链接
2016-12-09 05:57,哈尔滨地铁网学讲话谋振兴闯新路做好三篇大文章开往春天的地铁地铁资讯哈尔滨地铁网网页链接网页链接
2016-12-05 18:33,哈尔滨地铁网哈尔滨地铁二号线一期省政府站冬季施工不停歇地铁播报哈尔滨地铁网网页链接网页链接
2016-12-02 20:10,哈尔滨地铁网漫天大雪他们在地下米挖地铁车站地铁资讯哈尔滨地铁网网页链接网页链接
2016-11-27 19:31,哈尔滨地铁网哈尔滨地铁号线启动首次换轨大修地铁资讯哈尔滨地铁网网页链接网页链接
2016-11-25 13:10,哈尔滨地铁网冬日天寒施工炽热地铁暗挖昼夜掘进地铁资讯哈尔滨地铁网网页链接网页链接
2016-11-21 18:06,哈尔滨地铁网哈尔滨地铁施工架桥保交通获市长点赞地铁资讯哈尔滨地铁网网页链接网页链接
2016-11-21 18:06,哈尔滨地铁网哈尔滨地铁新线建设开足马力地铁资讯哈尔滨地铁网网页链接网页链接
2016-11-17 19:08,哈尔滨地铁网哈尔滨地铁项目号线二期工程与号线一期区间双线全面贯通地铁资讯哈尔滨地铁网网页链接网页链接
2016-11-17 19:08,哈尔滨地铁网哈尔滨地铁号线三期五座车站主体完工明年月底实现区间结构全线贯通地铁播报哈尔滨地铁网网页链接网页链接
2016-11-14 21:25,哈尔滨地铁网哈尔滨地铁三号线首座车站建设告捷地铁播报哈尔滨地铁网网页链接网页链接
2016-11-14 18:24,哈尔滨地铁网哈尔滨地铁号线二期工程首座车站松江生态园站主体结构顺利封顶地铁资讯哈尔滨地铁网网页链接网页链接
2016-11-07 21:18,哈尔滨地铁网哈尔滨地铁号线龙川路站主体结构封顶预计年开通试运营地铁资讯哈尔滨地铁网网页链接网页链接
2016-10-30 11:07,嘻嘻嘻嘻米城小姐米城小姐我觉得此时此刻哈尔滨地铁语音播报需要站出来了哈尔滨地铁报朝闻快线哈尔滨地铁报朝闻快线哈尔滨地铁网哈尔滨地铁网脑补东北话版得笑尿了
2016-10-29 08:27,哈尔滨地铁网西引力明年春节前哈市地铁号线一期工程载客试运营附已确认地铁线路图集冰城地铁哈尔滨交通网网页链接网页链接
2016-10-24 22:52,重庆妹子好漂亮
2016-10-16 14:30,哈尔滨地铁网哈尔滨第八届轨道列车司机职业技能黑龙江选拔赛启动冰城地铁哈尔滨交通网网页链接网页链接
2016-10-15 13:33,羞嗒嗒羞嗒嗒玩手机被发现了
2016-10-15 09:35,哈尔滨地铁网哈尔滨地铁号线进乡街站启动主体施工冰城地铁哈尔滨交通网网页链接网页链接
2016-10-14 18:28,哈尔滨地铁网地铁号线进乡街站今晚启动主体施工冰城地铁哈尔滨交通网网页链接网页链接
2016-10-13 21:53,哈尔滨地铁网哈尔滨地铁不文明现象曝光台感谢微有朱紫旭朱紫旭提供素材
2016-10-09 20:21,转发微博
2016-10-09 20:21,转发微博
2016-10-09 20:20,转发微博
2016-10-09 06:32,哈尔滨地铁网因哈尔滨地铁网正在改造升级中了解更多哈尔滨地铁资讯请您登录冰城地铁哈尔滨交通网网页链接网页链接或者关注哈尔滨地铁网地铁官方微信
2016-09-24 23:28,哈尔滨地铁网恭喜哈尔滨地铁号线一期接触网热滑工作圆满结束图为车三号线的第二辆车
2016-09-23 13:35,哈尔滨地铁网哈尔滨地铁三周年纪念票月日发行乘客出行哈尔滨地铁网网页链接网页链接
2016-09-19 18:11,哈尔滨地铁网万家团圆日地铁战犹酣工程建设哈尔滨地铁网网页链接网页链接
2016-09-17 19:06,哈尔滨地铁网哈尔滨地铁施工一线过中秋地铁播报哈尔滨地铁网网页链接网页链接
2016-09-17 19:05,哈尔滨地铁网哈尔滨中秋佳节坚守岗位安全顺畅地铁出行地铁播报哈尔滨地铁网网页链接网页链接
2016-09-16 14:56,哈尔滨地铁网我为冰城修地铁地铁播报哈尔滨地铁网网页链接网页链接
2016-09-15 14:53,哈尔滨地铁网举家团圆日工地奋战时工程建设哈尔滨地铁网网页链接网页链接
2016-09-13 18:46,哈尔滨地铁网抢工期仨月干了半年的活好消息征仪路下月提前恢复交通工程建设哈尔滨地铁网网页链接网页链接
2016-09-09 19:00,哈尔滨地铁网哈尔滨市地铁公安分局成功打掉一个外地扒窃犯罪团伙乘客出行哈尔滨地铁网网页链接网页链接
2016-09-09 18:56,哈尔滨地铁网哈尔滨地铁号线二期将在安通街建地铁车库工程建设哈尔滨地铁网网页链接网页链接
2016-09-08 19:14,哈尔滨地铁网火热龙江谱华章哈尔滨地铁抢抓工期建设提速网页链接网页链接更多资讯请登录哈尔滨地铁资讯网网页链接网页链接
2016-08-28 07:56,哈尔滨地铁网分享图片封路提示
2016-08-18 07:28,#用电先知道#,转发微博
2016-08-04 06:33,哈尔滨地铁网哈尔滨地铁三号线二期工程西北环启动勘察地铁播报哈尔滨地铁网网页链接网页链接
2016-08-04 06:33,哈尔滨地铁网哈尔滨地铁运营公司玻璃被弹弓打穿多个眼地铁播报哈尔滨地铁网网页链接网页链接
2016-07-25 06:19,哈尔滨地铁网王宪魁在哈尔滨调研视察地铁新线防汛情况工程建设哈尔滨地铁网网页链接网页链接
2016-07-16 17:22,哈尔滨地铁网哈尔滨学院与地铁集团开展校企合作地铁播报哈尔滨地铁网网页链接网页链接
2016-07-11 23:50,哈尔滨地铁网滴滴易到叫谁最便宜哈尔滨身边事哈尔滨身边事
2016-07-10 10:47,震惊震惊震惊
2016-07-06 05:20,哈尔滨地铁网地铁号线一期工程提前实现轨通工程建设哈尔滨地铁网网页链接网页链接
2016-07-03 16:11,哈尔滨地铁网受地铁施工影响哈尔滨市部分区域停水地铁播报哈尔滨地铁网网页链接网页链接
2016-07-03 16:10,哈尔滨地铁网哈尔滨地铁人才培养基地落户绥化地铁播报哈尔滨地铁网网页链接网页链接
2016-07-03 16:10,哈尔滨地铁网哈尔滨男子坐地铁丢货款女子拾金不昧做优秀党员地铁播报哈尔滨地铁网网页链接网页链接
2016-07-02 10:02,哈尔滨地铁网哈尔滨地铁三期施工多条公交线路进行调整地铁播报哈尔滨地铁网网页链接网页链接
2016-07-01 08:24,太开心太开心太开心太开心太开心太开心混世魔婆混世魔婆哈尔滨地铁网哈尔滨地铁网地铁安保人员也不错是两个年轻的小伙子接到报警后及时进到车厢安排人员散开给女孩空间并联系车站安排运送救治方案待女孩坐起后又确认女孩不需去医院才下车整个过程很温暖感觉更心心了
2016-07-01 08:23,有他们我们很踏实
2016-06-25 20:24,哈尔滨地铁网哈尔滨地铁荣膺感动哈尔滨年度人物群体地铁播报哈尔滨地铁网网页链接网页链接
2016-06-23 08:23,执子之手与子偕老子若不走将子拖走怒怒
2016-06-23 08:20,泪泪面壁思过
2016-06-18 09:09,哈尔滨地铁网哈尔滨地铁线路或将增至条争取年内完成修编工作地铁播报哈尔滨地铁网网页链接网页链接
2016-06-03 20:32,哈尔滨地铁网哈尔滨地铁环线快步走来地铁播报哈尔滨地铁网网页链接网页链接
2016-06-02 19:44,哈尔滨地铁网发布了头条文章西引力西引力西引力
2016-05-29 21:05,哈尔滨地铁网记者今天从哈尔滨地铁集团了解到为满足广大市民的出行需求地铁集团公司将在充分总结年客运经验基础上根据季节变化对地铁号线年夏令时及端午节行车安排进行调整其中自年月日起实行夏令时运行图将工作日双休日末班车时间延长至考虑端午节市民出行及踏青需展开全文
2016-05-29 06:15,哈尔滨地铁网四大金刚出手助力冰城地铁地铁播报哈尔滨地铁网网页链接网页链接哈尔滨地铁一二三号线全面施工各站点工程地铁播报哈尔滨地铁网网页链接网页链接用汗水铸就哈尔滨大地铁时代地铁播报哈尔滨地铁网网页链接网页链接
2016-05-24 18:47,哈尔滨地铁网哈尔滨地铁号线昼夜施工不停歇地铁播报哈尔滨地铁网网页链接网页链接
2016-05-21 17:08,哈尔滨地铁网分享图片
2016-05-17 19:38,哈尔滨地铁网哈尔滨地铁三条新线正在同步建设当中地铁播报哈尔滨地铁网网页链接网页链接哈尔滨地铁号线一期工程进入设备安装阶段地铁播报哈尔滨地铁网网页链接网页链接哈尔滨地铁三号线电气设备进场地铁建设正忙地铁播报哈尔滨地铁网网页链接网页链接
2016-05-17 19:37,哈尔滨地铁网地铁号线一期月完成电通号线一期工程年内完成车站围护结构施工地铁播报哈尔滨地铁网网页链接网页链接
2016-05-17 19:37,哈尔滨地铁网哈尔滨地铁三号线开始施工一期工程建设座车站地铁播报哈尔滨地铁网网页链接网页链接
2016-05-10 10:42,哈尔滨地铁网地铁建设者来时光邮筒投信提笔落字重温那一份情怀地铁播报哈尔滨地铁网网页链接网页链接
2016-05-06 18:32,转发微博
2016-05-06 18:32,转发微博
2016-05-05 19:19,转发微博
2016-04-29 16:51,哈尔滨地铁网配合地铁及地下管廊施工月日启动交通调整地铁播报哈尔滨地铁网网页链接网页链接
2016-04-27 18:11,哈尔滨地铁网地铁号线解放号列车明天首发地铁播报哈尔滨地铁网网页链接网页链接
2016-04-25 20:24,哈尔滨地铁网哈尔滨人注意取钱不必太着忙地铁站里有银行地铁播报哈尔滨地铁网网页链接网页链接
2016-04-22 13:01,哈尔滨地铁网哈市地铁号线机日起投用取存钱更方便了地铁播报哈尔滨地铁网网页链接网页链接
2016-04-22 12:58,哈尔滨地铁网明年哈尔滨开始第二轮地铁建设地铁播报哈尔滨地铁网网页链接网页链接
2016-04-18 17:40,哈尔滨地铁网哈尔滨地铁第二大地铁车库今年开建网页链接网页链接哈尔滨地铁打通地下交通大动脉施工人员工作原理和剃须刀有几分相似网页链接网页链接
2016-04-13 21:24,哈尔滨地铁网地铁号线过江隧道盾构施工明年启动地铁播报哈尔滨地铁网网页链接网页链接
2016-04-12 15:49,#盲·超度#,值得深思盲道盲道盲超度总号地域号黑龙江哈尔滨超度原因哈尔滨地铁一号线烟厂站四号口附近隔栏侵占盲道超度等级哈尔滨发布哈尔滨发布哈尔滨地铁网哈尔滨地铁网哈尔滨地铁报朝闻快线哈尔滨地铁报朝闻快线哈尔滨电视台哈尔滨新闻哈尔滨电视台哈尔滨新闻
2016-04-10 08:29,哈尔滨地铁网哈尔滨晚高峰地铁施工路段通行顺畅网页链接网页链接哈尔滨早高峰地铁施工与车流并行网页链接网页链接哈尔滨地铁三号线一期轨道铺设过半网页链接网页链接网页链接网页链接
2016-04-09 18:00,哈尔滨地铁网地铁施工冰城市民周末想去道里商圈快看停车指南地铁播报哈尔滨地铁网网页链接网页链接哈尔滨地图出版社推出手机版地铁施工限行图地铁播报哈尔滨地铁网网页链接网页链接地铁施工区市民上班改为开车步行打车公交等地铁播报哈尔滨地铁网网页链接网页链接
2016-04-08 14:29,哈尔滨地铁网地铁号线一期工程八月实现轨通地铁播报哈尔滨地铁网网页链接网页链接
2016-04-07 09:50,哈尔滨地铁网哈尔滨地铁号线一期工程正在建设中地铁播报哈尔滨地铁网网页链接网页链接
2016-04-07 09:50,哈尔滨地铁网哈尔滨地铁建设者打造城市交通幸福快生活地铁播报哈尔滨地铁网网页链接网页链接
2016-04-07 09:49,哈尔滨地铁网哈尔滨地铁号线三期工程镜泊站施工正在进行地铁播报哈尔滨地铁网网页链接网页链接
2016-04-07 09:48,哈尔滨地铁网哈尔滨条公交线路部分站台因地铁施工改站地铁播报哈尔滨地铁网网页链接网页链接
2016-04-05 06:56,哈尔滨地铁网哈尔滨地铁一号线三期全面开工地铁播报哈尔滨地铁网网页链接网页链接
2016-04-04 20:15,哈尔滨地铁网哈尔滨地铁二号线开工建设地铁播报哈尔滨地铁网网页链接网页链接
2016-04-04 20:15,哈尔滨地铁网哈尔滨地铁中央大街站正式开建地铁播报哈尔滨地铁网网页链接网页链接
2016-04-04 20:14,哈尔滨地铁网多方努力度过地铁阵痛期地铁播报哈尔滨地铁网网页链接网页链接
2016-04-01 13:35,哈尔滨地铁网哈尔滨多条地铁同步建设地铁播报哈尔滨地铁网网页链接网页链接
2016-04-01 13:34,哈尔滨地铁网哈尔滨探秘地铁弹簧浮置板铺设现场地铁播报哈尔滨地铁网网页链接网页链接
2016-04-01 13:32,哈尔滨地铁网哈尔滨铁龙号来了提速地铁建设地铁播报哈尔滨地铁网网页链接网页链接
2016-04-01 13:31,哈尔滨地铁网哈尔滨地铁施工封道首日实时航拍路况航拍高清地铁播报哈尔滨地铁网网页链接网页链接
2016-04-01 13:30,哈尔滨地铁网聚焦地铁施工期间交通出行地铁播报哈尔滨地铁网网页链接网页链接
2016-04-01 12:46,哈尔滨地铁网专题哈尔滨地铁施工封道首日东北网实时航拍路况东北网黑龙江专题哈尔滨地铁施工封道首日东北网实时航拍路况网页链接网页链接
2016-03-30 19:22,哈尔滨地铁网地铁施工区域这样走少挨堵地铁播报哈尔滨地铁网网页链接网页链接
2016-03-28 18:43,哈尔滨地铁网哈尔滨地铁播报网页链接网页链接三线并进哈尔滨市拉开史上规模最大的地铁建设序幕科学组织最大限度降低施工对交通影响四座车站施工涉及道路封闭交警部门为市民出行支招哈尔滨地铁召开新闻发布会第一期封闭路段先知晓公交临时改变线路市民出行需提前了解地铁施工一期封闭道路怎样绕行展开全文
2016-03-27 13:11,哈尔滨地铁网地铁施工条变单双号路上班回家免罚指南条主干道交通影响至少年半地铁播报哈尔滨地铁网网页链接网页链接
2016-03-27 13:10,哈尔滨地铁网哈尔滨地铁最新路线图个站点哪个离你近施工限号上班怎么办地铁播报哈尔滨地铁网网页链接网页链接
2016-03-27 06:18,哈尔滨地铁网哈尔滨地铁即将施工交通实行管制哈尔滨地铁即将施工交通实行管制哈尔滨地铁即将施工交通实行管制地铁播报哈尔滨地铁网网页链接网页链接查看图片
2016-03-27 06:17,哈尔滨地铁网哈尔滨地铁站里的夜行人哈尔滨地铁站里的夜行人哈尔滨地铁站里的夜行人地铁播报哈尔滨地铁网网页链接网页链接查看图片
2016-03-26 14:25,哈尔滨地铁网涉及地铁工程的相关部门就市民关心问题答记者问地铁播报哈尔滨地铁网网页链接网页链接
2016-03-26 14:25,哈尔滨地铁网地铁沿线条路段月日起封闭地铁播报哈尔滨地铁网网页链接网页链接
2016-03-26 08:10,哈尔滨地铁网哈尔滨平安地铁安全出行地铁播报哈尔滨地铁网网页链接网页链接
2016-03-26 07:48,哈尔滨地铁网月日起哈尔滨地铁号线一期施工启动地铁播报哈尔滨地铁网网页链接网页链接
2016-03-24 20:32,哈尔滨地铁网地铁新线建设人勤春来早地铁播报哈尔滨地铁网网页链接网页链接
2016-03-20 20:13,哈尔滨地铁网能文能武地铁线路维修工地铁播报哈尔滨地铁网网页链接网页链接
2016-03-16 20:17,哈尔滨地铁网哈尔滨地铁即将启动春季建设地铁播报哈尔滨地铁网网页链接网页链接
2016-03-16 20:03,哈尔滨地铁网地铁号线一期工程全面复工地铁播报哈尔滨地铁网网页链接网页链接
2016-03-10 19:29,哈尔滨地铁网哈尔滨地铁号线一期工程复工预计将于年底前通车地铁播报哈尔滨地铁网网页链接网页链接
2016-03-09 10:29,哈尔滨地铁网哈尔滨地铁号线一期工程运营人员开始培训地铁播报哈尔滨地铁网网页链接网页链接
2016-03-08 19:13,哈尔滨地铁网哈市地铁号线一期工程全线复工定向培训人地铁播报哈尔滨地铁网网页链接网页链接
2016-03-07 21:49,哈尔滨地铁网名地铁志愿者上岗文明地铁活动启动地铁播报哈尔滨地铁网名地铁志愿者上岗文明地铁活动启动名地铁志愿者上岗文明地铁活动启动
2016-03-04 19:20,哈尔滨地铁网校企合作培养职业技能人才地铁播报哈尔滨地铁网校企合作培养职业技能人才地铁播报哈尔校企合作培养职业技能人才地铁播报哈尔
2016-03-04 19:16,哈尔滨地铁网哈市举行文明出行爱心服务在地铁志愿服务活动地铁播报哈尔滨地铁网哈市举行文明出行爱心服务在地铁志愿服务活哈市举行文明出行爱心服务在地铁志愿服务活
2016-02-27 14:37,哈尔滨地铁网哈尔滨地铁正式复工地铁播报哈尔滨地铁网哈尔滨地铁正式复工地铁播报哈尔滨地铁网哈尔滨地铁正式复工地铁播报哈尔滨地铁网
2016-02-26 18:22,哈尔滨地铁网哈尔滨地铁三号线今日复工地铁播报哈尔滨地铁网哈尔滨地铁三号线今日复工地铁播报哈尔哈尔滨地铁三号线今日复工地铁播报哈尔
2016-02-26 18:13,哈尔滨地铁网哈尔滨地铁三号线一期年底试运行地铁播报哈尔滨地铁网哈尔滨地铁三号线一期年底试运行地铁播报哈尔滨地铁三号线一期年底试运行地铁播报
2016-02-26 18:03,哈尔滨地铁网哈尔滨地铁三号线一期年底试运行地铁播报哈尔滨地铁网哈尔滨地铁三号线一期年底试运行地铁播报哈尔滨地铁三号线一期年底试运行地铁播报
2016-02-26 17:34,哈尔滨地铁网地铁三号工程今天全线复工地铁播报哈尔滨地铁网网页链接网页链接
2016-02-26 17:30,哈尔滨地铁网新闻资讯地铁号线一期工程复工今年实现三通目标地铁播报哈尔滨地铁网新闻资讯地铁号线一期工程复工今年实新闻资讯地铁号线一期工程复工今年实
2016-02-26 16:55,哈尔滨地铁网哈尔滨地铁号线一期率先复工年内实现车通地铁播报哈尔滨地铁网哈尔滨地铁号线一期率先复工年内实现车通哈尔滨地铁号线一期率先复工年内实现车通
2016-02-24 20:51,哈尔滨地铁网哈尔滨地铁里比基尼美女开整地铁播报哈尔滨地铁网哈尔滨地铁里比基尼美女开整地铁播报哈尔滨地铁里比基尼美女开整地铁播报
2016-02-20 20:20,宇时风间自己做的地铁号线图帮忙看看有没有问题哈尔滨地铁网哈尔滨地铁网
2016-02-24 20:42,#哈尔滨身边事#,原木紫酱原木紫酱心心心心心心心心你的小稳当你的小稳当哈尔滨地铁发布哈尔滨地铁发布哈尔滨地铁网哈尔滨地铁网哈尔滨地铁报朝闻快线哈尔滨地铁报朝闻快线
2016-02-20 20:03,哈尔滨地铁网哈尔滨酒后地铁闹事一家三口被拘地铁播报哈尔滨地铁网网页链接网页链接
2016-02-20 19:34,哈尔滨地铁网哈尔滨地铁提醒您乘地铁时带容易出事地铁播报哈尔滨地铁网网页链接网页链接
2016-02-16 19:25,哈尔滨地铁网让地铁哈东站号口关闭小时大年初三一家三口全被拘了地铁播报哈尔滨地铁网网页链接网页链接
2016-02-16 18:47,哈尔滨地铁网哈尔滨地铁号线春节期间运送乘客万人次同比减少地铁播报哈尔滨地铁网网页链接网页链接
2016-02-15 21:27,哈尔滨地铁网大年初二哈尔滨地铁站务员午饭只吃方便面地铁播报哈尔滨地铁网网页链接网页链接
2016-02-08 14:46,哈尔滨地铁网地铁为啥不延长运营时间地铁播报哈尔滨地铁网地铁为啥不延长运营时间地铁播报哈尔滨地铁为啥不延长运营时间地铁播报哈尔滨哈尔滨地铁集团夜间要检测维修巡查保养调整测量
2016-02-08 14:41,哈尔滨地铁网深夜时地铁检修地铁播报哈尔滨地铁网深夜时地铁检修地铁播报哈尔滨地铁网深夜时地铁检修地铁播报哈尔滨地铁网
2016-02-07 14:49,感谢您对哈尔滨地铁的认可祝您新年快乐
2016-02-06 09:40,还请各位相互礼让文明乘车祝大家新春快乐
2016-02-05 19:33,哈尔滨地铁网哈尔滨地铁号线除夕末班车延长至晚十点地铁播报哈尔滨地铁网网页链接网页链接
2016-02-04 06:30,哈尔滨地铁网哈尔滨地铁号线除夕末班车延长至晚十点地铁播报哈尔滨地铁网哈尔滨地铁号线除夕末班车延长至晚十点哈尔滨地铁号线除夕末班车延长至晚十点月日腊月二十八之前的地铁运行方式与平日相同上线列车行车间隔分钟月日除夕上线列车行车间隔分秒上线列车行车间隔分钟
2016-02-02 08:12,哈尔滨地铁网听闻哈尔滨太平机场由原来分钟提前到分钟停止办乘机手续感叹还是地铁好班次随意改签嘻嘻嘻嘻
2016-01-26 18:14,转发微博
2016-01-26 18:07,转发微博
2016-01-25 21:44,转发微博
2016-01-25 21:33,哈尔滨地铁网最新消息哈尔滨地铁号线站点将建双向扶梯地铁播报哈尔滨地铁网最新消息哈尔滨地铁号线站点将建双向扶梯最新消息哈尔滨地铁号线站点将建双向扶梯
2016-01-25 21:28,哈尔滨地铁网新闻资讯地铁号线一期工程越江勘察工作月底完成地铁播报哈尔滨地铁网网页链接网页链接
2016-01-25 21:21,哈尔滨地铁网哈尔滨地铁号线一期工程启动越江勘察地铁播报哈尔滨地铁网哈尔滨地铁号线一期工程启动越江勘察地铁哈尔滨地铁号线一期工程启动越江勘察地铁
2016-01-23 17:28,#哈尔滨身边事#,为冰城地铁人点赞也希望您女儿可以早日康复
2016-01-22 18:08,哈尔滨地铁网地铁号线建设单位举办技术培训地铁资讯哈尔滨地铁网地铁号线建设单位举办技术培训地铁资讯地铁号线建设单位举办技术培训地铁资讯
2016-01-19 19:26,转发微博
2016-01-19 19:23,转发微博
2016-01-14 17:56,哈尔滨地铁网哈尔滨市公安局地铁分局破获手机扒窃案地铁播报哈尔滨地铁网网页链接网页链接
2016-01-14 17:55,哈尔滨地铁网哈尔滨地铁三号线即将邂逅一号线地铁播报哈尔滨地铁网网页链接网页链接
2016-01-14 17:55,哈尔滨地铁网哈尔滨地铁警方捣毁手机扒窃团伙部手机物归原主地铁播报哈尔滨地铁网网页链接网页链接
2016-01-12 18:18,哈尔滨地铁网哈市地铁三号线面向社会选人才地铁播报哈尔滨地铁网网页链接网页链接
2016-01-12 18:18,哈尔滨地铁网哈尔滨地铁号线车站建好相通医大二院换乘可达哈西站地铁播报哈尔滨地铁网网页链接网页链接
2016-01-12 18:17,哈尔滨地铁网哈尔滨地铁号线一期年底有望通车试运营地铁播报哈尔滨地铁网网页链接网页链接
2016-01-12 18:17,哈尔滨地铁网哈尔滨地铁号线一期工程年底实现载客试运营地铁播报哈尔滨地铁网网页链接网页链接
2016-01-11 19:44,哈尔滨地铁网地铁年底通哈西客站啦号线在医大二院换乘号线即可还面向全省招名员工地铁播报哈尔滨地铁网地铁年底通哈西客站啦号线在医大二院换乘地铁年底通哈西客站啦号线在医大二院换乘
2016-01-07 21:52,哈尔滨地铁网分享图片
2016-01-07 20:48,哈尔滨地铁网哈尔滨地铁网改版升级中更多地铁新闻资讯请关注哈尔滨地铁资讯网网页链接网页链接
2016-01-06 09:18,哈尔滨地铁网哈尔滨新区总体方案印发建设东北新增长极哈尔滨新区总体方案印发建设东北新增长极哈尔滨昆仑商城哈尔滨昆仑商城
2016-01-06 08:18,#历史上的今天#,黑龙江省图书馆历史上的今天在年前的今天年月日农历冬月二十中央军委副主席共和国元帅陈毅逝世
2016-01-06 06:15,哈尔滨地铁网哈市女子地铁晕倒急寻家人地铁播报哈尔滨地铁网网页链接网页链接
2016-01-04 19:33,转发微博
2016-01-03 14:59,这里是哈尔滨
2016-01-01 20:46,哈尔滨地铁网分享图片
2015-12-29 20:01,哈尔滨地铁网哈市地铁公安分局成功侦破跨地区团伙扒窃手机案件地铁运营哈尔滨地铁网网页链接网页链接
2015-12-29 09:06,#哈尔滨身边事#,转发微博
2015-12-27 07:13,#哈尔滨身边事#,转发微博
2015-12-24 07:23,#早安哈尔滨#,浮云浮云
2015-12-23 07:07,黑龙江晨报月日分路况信息目前哈同高速哈尔滨东站至佳西站解除封闭限速不限行
2015-12-23 07:02,哈尔滨地铁网国务院批复同意设立哈尔滨新区国务院批复同意设立哈尔滨新区哈尔滨木材街哈尔滨木材街
2015-12-22 22:11,好人性化的说泛银河关爱真神共同体泛银河关爱真神共同体哈尔滨地铁网哈尔滨地铁网
2015-12-22 08:53,哈尔滨地铁网今晨时分许在先锋路古铁市场门前路段一辆路公交车与一辆运送清油的货运火车相撞火车节油罐脱轨路公交车驾驶员被困车内腿部轻微受伤后被附近的市民救出驾驶室
2015-12-22 08:50,#龙图电影#,给力给力
2015-12-19 23:48,哈尔滨电视台哈尔滨新闻就是这么果断帅气笑笑
2015-12-17 20:34,哈尔滨地铁网哈尔滨地铁丙申猴生肖纪念票年月日发行今日起接受选号预订地铁运营哈尔滨地铁网网页链接网页链接
2015-12-15 23:56,#哈尔滨生活#,不错暖学长暖学长哈尔滨地铁网哈尔滨地铁网哈尔滨地铁朝闻快线哈尔滨地铁朝闻快线呼吁哈尔滨地铁也做一次类似活动免得有些乘客天天在座位上玩花式劈叉微笑微笑哈尔滨生活哈尔滨身边事
2015-12-12 15:38,哈尔滨地铁网哈尔滨地铁分局忠诚守护地铁生命线地铁运营哈尔滨地铁网网页链接网页链接
2015-12-02 07:09,哈尔滨地铁网现在室外温度由于路面积雪较厚提醒大家选择便捷的出行方式早点出门
2015-12-01 14:18,哈尔滨地铁网哈尔滨地铁发布哈尔滨地铁发布年月日年月日
2015-11-27 08:28,哈尔滨地铁网如约而至
2015-11-20 18:09,哈尔滨地铁网新线四项工程同步开启加速度哈尔滨地铁建设今冬不停工地铁运营哈尔滨地铁网网页链接网页链接
2015-11-17 06:20,哈尔滨地铁网哈尔滨地铁新线建设全面启动地铁播报哈尔滨地铁网哈尔滨地铁新线建设全面启动每日播报哈哈尔滨地铁新线建设全面启动每日播报哈
2015-11-15 20:22,哈尔滨地铁网哈尔滨地铁抢抓施工期地铁建设三线并进地铁播报哈尔滨地铁网网页链接网页链接
2015-11-15 20:21,哈尔滨地铁网哈尔滨地铁二号线一期工程施工进展顺利地铁播报哈尔滨地铁网网页链接网页链接
2015-11-13 18:55,哈尔滨地铁网哈尔滨地铁迎来客流高峰地铁播报哈尔滨地铁网网页链接网页链接
2015-11-13 18:36,哈尔滨地铁网助力地铁建设中交招银城市轨道基金落地冰城地铁播报哈尔滨地铁网网页链接网页链接
2015-11-13 18:35,哈尔滨地铁网哈尔滨地铁号线全面施工地铁播报哈尔滨地铁网网页链接网页链接
2015-11-13 18:33,哈尔滨地铁网哈尔滨为配合地铁施工部分区域将会停水地铁播报哈尔滨地铁网网页链接网页链接
2015-11-13 18:33,哈尔滨地铁网城市轨道基金落户冰城招标投标哈尔滨地铁网网页链接网页链接
2015-11-13 18:32,哈尔滨地铁网招行与中国交建创新注资哈市地铁号线项目招标投标哈尔滨地铁网网页链接网页链接
2015-11-13 18:32,哈尔滨地铁网哈尔滨地铁三条线四大工程全面开工工程建设哈尔滨地铁网网页链接网页链接
2015-11-13 18:31,哈尔滨地铁网哈尔滨地铁号线座车站年底前撤销围挡工程建设哈尔滨地铁网哈尔滨地铁号线座车站年底前撤销围挡工哈尔滨地铁号线座车站年底前撤销围挡工
2015-11-13 18:30,哈尔滨地铁网哈尔滨地铁号线座车站启动建设座车站年底前停工撤掉临时围挡工程建设哈尔滨地铁网网页链接网页链接
2015-11-11 19:07,哈尔滨地铁网地铁播报哈尔滨地铁网网页链接网页链接月号哈尔滨迎来了入冬以来的第一场大规模降雪哈尔滨地铁也随之迎来了有史以来的最高客流量即便是在雪后的第二天大部分路面已经清扫干净很多人还是心有余悸的选择了乘坐地铁出行龙视都市频道新闻夜航新闻夜航
2015-11-11 19:06,转发微博
2015-11-10 18:59,哈尔滨地铁网哈市地铁号线昨日客流量万人次创新记录地铁运营哈尔滨地铁网网页链接网页链接
2015-11-09 17:58,哈尔滨地铁网城市轨道交通应用创新技术论坛在京成功举办乘车畅谈哈尔滨地铁网网页链接网页链接
2015-11-07 21:34,转发微博
2015-11-07 21:32,哈尔滨地铁网长春地铁明年月下线全球地铁哈尔滨地铁网长春地铁明年月下线全球地铁哈尔滨地长春地铁明年月下线全球地铁哈尔滨地
2015-11-03 20:28,哈尔滨地铁发布哈尔滨地铁发布双十一有惊喜吗
2015-11-03 20:28,哈尔滨地铁报朝闻快线哈尔滨地铁报朝闻快线小编要不要颁发个最佳读者奖呀
2015-10-30 12:31,哈尔滨地铁网哈尔滨地铁号线人民广场站准备开工工程建设哈尔滨地铁网网页链接网页链接
2015-10-24 09:40,成都地铁运营今日霜降天气越来越凉今天时分霜降至气肃而凝露结为霜霜降是秋到冬的过渡天气渐冷初霜出现草木开始泛黄一年补透透不如补霜降霜降应淡补这个时节要注意防寒防燥防郁及时增减衣服多吃芝麻蜂蜜银耳等润燥食物多想些开心的事深秋已至
2015-10-23 14:07,哈尔滨开展地铁消防大演练地铁播报哈尔滨地铁网网页链接网页链接查看图片
2015-10-22 08:28,哈尔滨地铁网哈尔滨地铁上演灭火逃生地铁运营哈尔滨地铁网网页链接网页链接
2015-10-21 08:08,哈尔滨地铁网全球地铁哈尔滨地铁网网页链接网页链接今日关注北京地铁乘客抛掷杂物致地铁停驶青岛首条地铁北段年底试运营先开通站西安地铁四号线大雁塔部分完工快车道恢复通车上海地铁一男子吐痰爆粗口激起众怒被教训
2015-10-20 20:50,哈尔滨地铁网光明日报刊发冰城新动脉哈尔滨地铁建成开通便民出行纪实地铁播报哈尔滨地铁网网页链接网页链接
2015-10-19 14:45,哈尔滨地铁网哈尔滨地铁号线三期号线一期号线正在建设中围挡工程遍布哈市地铁新站是否就在你身边哈尔滨地铁与你一同见证地铁建设新进展诚邀拍摄照片上传地铁印象哈尔滨地铁网地铁印象哈尔滨地铁网地铁印象哈尔滨地铁网
2015-10-19 14:33,哈尔滨地铁新增五大站部分结构将完成地铁播报哈尔滨地铁网自从地铁走进我们哈尔滨人的生活不仅方便了自从地铁走进我们哈尔滨人的生活不仅方便了查看图片
2015-10-19 14:30,横跨三大区哈尔滨地铁号三期施工顺利地铁播报哈尔滨地铁网随着哈尔滨地铁两年多的运行市民出行更加依随着哈尔滨地铁两年多的运行市民出行更加依查看图片
2015-10-19 08:20,哈尔滨地铁网光明日报文章冰城新动脉哈尔滨地铁建成开通便民出行纪实乘客出行哈尔滨地铁网网页链接网页链接
2015-10-15 00:25,我也会去现场哟到时见
2015-10-09 18:45,哈尔滨地铁网西安直播间古城地下铁开通四周年每日新闻报江苏南京醉酒男子称地铁要爆炸看东方上海逃票者将曝真容新闻夜班车石家庄地铁建设转入各工序交叉施工阶段看东方上海地铁乘客站台晕倒抽搐北京新闻地铁昌平线二期年底通车新闻夜班南宁地铁三号线建设进展全球地铁网页链接网页链接
2015-10-09 12:00,哈尔滨地铁网哈市珠江路设置围挡地铁号线来了地铁播报哈尔滨地铁网哈尔滨珠江路的朋友肯定发现了一个变化珠江哈尔滨珠江路的朋友肯定发现了一个变化珠江
2015-10-05 17:54,哈尔滨地铁网封闭禁停单行哈尔滨地铁施工交通调整日起实施工程建设哈尔滨地铁网东北网月日讯记者张隽珊近日哈尔滨东北网月日讯记者张隽珊近日哈尔滨
2015-10-05 11:09,#肺源转运机场受阻#,我参与了微博新鲜事微博新鲜事发起的投票肺源转运机场受阻你觉得应该怎么办我投给了特事特办应开通应急绿色通道这个选项你也快来表态吧
2015-10-03 11:36,#哈尔滨身边事#,欢迎乘坐哈尔滨地铁准时准点从不迷路
2015-10-03 08:48,哈尔滨地铁网哈尔滨地铁三项工程全面启动号线座车站开始施工工程建设哈尔滨地铁网东北网月日讯记者陈南竹记者从哈尔滨地东北网月日讯记者陈南竹记者从哈尔滨地
2015-10-01 07:51,哈尔滨地铁网我刚换了政务套装好漂亮你们都快来试试我的首页微博随时随地发现新鲜事我的首页微博随时随地发现新鲜事
2015-10-01 07:51,哈尔滨地铁网我刚换了清新蓝套装好漂亮你们都快来试试的微博主页的微博主页
2015-10-01 07:51,哈尔滨地铁网我刚换了政务套装好漂亮你们都快来试试我的首页微博随时随地发现新鲜事我的首页微博随时随地发现新鲜事
2015-10-01 07:38,哈尔滨地铁禁饮食不处罚地铁播报哈尔滨地铁网网页链接网页链接查看图片
2015-10-01 07:37,哈尔滨为配合地铁工程施工月日起将调整沿线部分路段交通地铁播报哈尔滨地铁网自从哈尔滨地铁一号线开通以来快捷舒适的乘自从哈尔滨地铁一号线开通以来快捷舒适的乘查看图片
2015-09-30 17:54,哈尔滨地铁网关于调整地铁建设工程施工路段道路交通流量的通告工程建设哈尔滨地铁网为配合地铁号线三期工程和号线一期工程施工为配合地铁号线三期工程和号线一期工程施工
2015-09-28 19:27,哈尔滨地铁网一号线两岁了二号线三号线快来了地铁播报哈尔滨地铁网网页链接网页链接
2015-08-20 18:48,哈尔滨地铁网新闻践行三严三实哈地铁集团践行三严三实提升运营水平地铁播报哈尔滨地铁网网页链接网页链接
2015-08-16 20:01,#纪念抗战胜利70周年#,哈尔滨地铁网我参加了纪念抗战胜利周年制作爱国明信片活动让我们一起铭记历史珍视和平共同创建美好的未来吧一起点赞抗战胜利周年制作纪念抗战明信片制作纪念抗战明信片
2015-08-15 16:33,#纪念抗战胜利70周年#,转发微博
2015-08-15 16:32,#纪念抗战胜利70周年#,转发微博
2015-08-15 16:18,#纪念抗战胜利70周年#,哈尔滨地铁网纪念抗战胜利周年地铁视点抗战在铁道线上哈尔滨地铁网纪念抗战胜利年专题网页链接网页链接
2015-08-15 15:23,哈尔滨地铁网宋希斌科学组织统筹推进确保地铁工程建设安全有序地铁播报哈尔滨地铁网网页链接网页链接
2015-08-15 15:22,哈尔滨地铁网哈尔滨地铁号线一期工程建设全面启动地铁播报哈尔滨地铁网网页链接网页链接
2015-08-15 15:22,哈尔滨地铁网哈尔滨一男子带厘米刀具乘地铁行政拘留成被罚第一人地铁播报哈尔滨地铁网哈尔滨一男子带厘米刀具乘地铁行政拘留成哈尔滨一男子带厘米刀具乘地铁行政拘留成
2015-08-15 14:33,哈尔滨地铁网科学组织统筹推进确保地铁工程建设安全有序工程建设哈尔滨地铁网网页链接网页链接
2015-08-12 17:38,哈尔滨地铁网哈尔滨地铁首例携带管制刀具违法行为人被行政拘留地铁运营哈尔滨地铁网网页链接网页链接
2015-08-08 08:12,哈尔滨地铁网群力啥时候能通地铁地铁集团详细解答号线施工进展群力地铁东北网黑龙江群力啥时候能通地铁地铁集团详细解答号群力啥时候能通地铁地铁集团详细解答号
2015-08-08 07:37,哈尔滨地铁网哈尔滨地铁二号线即将开工联通松花江两岸地铁播报哈尔滨地铁网网页链接网页链接
2015-08-06 21:17,转发微博
2015-08-06 21:17,转发微博
2015-08-06 21:17,转发微博
2015-07-22 07:17,文明从我做起
2015-07-21 18:26,哈尔滨地铁网哈尔滨地铁首日安检地铁运营哈尔滨地铁网网页链接网页链接
2015-07-21 18:02,哈尔滨地铁网乘地铁白酒香水火机限量带地铁运营哈尔滨地铁网网页链接网页链接
2015-07-21 18:01,哈尔滨地铁网别再掐点赶地铁要不上班得迟到地铁运营哈尔滨地铁网网页链接网页链接
2015-07-20 12:28,哈尔滨地铁网月日开始哈尔滨地铁部分车站将开始模拟安检地铁播报哈尔滨地铁网网页链接网页链接
2015-07-19 08:14,哈尔滨地铁网下月起哈尔滨地铁全线安检地铁播报哈尔滨地铁网网页链接网页链接哈尔滨地铁将实行安检下周五个站点开始模拟检查地铁播报哈尔滨地铁网网页链接网页链接
2015-07-18 09:37,哈尔滨地铁网哈尔滨座地铁站日起模拟安检月日起坐地铁逢包必检地铁运营哈尔滨地铁网网页链接网页链接
2015-07-17 18:13,哈尔滨地铁网哈地铁安检即将启动乘降时留意随身物品地铁运营哈尔滨地铁网网页链接网页链接
2015-07-16 19:11,白盔白甲亮银枪白盔白甲亮银枪
2015-07-16 19:09,哈尔滨地铁网哈尔滨地铁号线车站安装安检系统地铁运营哈尔滨地铁网网页链接网页链接
2015-07-10 11:24,哈尔滨地铁网系列报道冰城地铁呼啸而来之地铁经济地铁运营哈尔滨地铁网网页链接网页链接
2015-07-06 19:12,哈尔滨地铁网哈尔滨地铁一号线三期工程有序推进地铁播报哈尔滨地铁网网页链接网页链接哈尔滨电视台哈尔滨新闻哈尔滨电视台哈尔滨新闻哈尔滨地铁一号线三期工程有序推进哈尔滨地铁一号线三期工程有序推进查看图片
2015-07-06 19:10,哈尔滨地铁网哈尔滨地铁号线客运量突破亿人次地铁播报哈尔滨地铁网网页链接网页链接哈尔滨电视台哈尔滨新闻哈尔滨地铁号线客运量突破亿人次哈尔滨地铁号线客运量突破亿人次查看图片
2015-07-06 19:09,哈尔滨地铁网哈尔滨地铁客流破一亿你不造的事儿有哪些地铁播报哈尔滨地铁网网页链接网页链接
2015-07-05 06:45,哈尔滨地铁网哈尔滨地铁迎来一亿人次地铁播报哈尔滨地铁网哈尔滨地铁迎来一亿人次哈尔滨地铁迎来一亿人次查看图片
2015-06-17 19:29,哈尔滨地铁网端午节前夜哈尔滨地铁末班车延长至时节日首班车时地铁运营哈尔滨地铁网网页链接网页链接
2015-06-15 19:18,哈尔滨地铁网哈尔滨首家地铁安检员指定培训基地成立地铁播报哈尔滨地铁网网页链接网页链接哈尔滨首家地铁安检员指定培训基地成立哈尔滨首家地铁安检员指定培训基地成立查看图片
2015-06-15 19:18,哈尔滨地铁网地铁如遇停电市民如何应对地铁播报哈尔滨地铁网网页链接网页链接地铁如遇停电市民如何应对地铁如遇停电市民如何应对查看图片
2015-06-15 19:16,哈尔滨地铁网坐地铁遇停电市民如何应对地铁播报哈尔滨地铁网网页链接网页链接坐地铁遇停电市民如何应对坐地铁遇停电市民如何应对查看图片
2015-06-13 18:07,哈尔滨地铁网哈尔滨地铁首批安检员开班培训地铁运营哈尔滨地铁网网页链接网页链接
2015-06-13 18:06,哈尔滨地铁网反恐应急知识展板挂进哈尔滨地铁车厢地铁运营哈尔滨地铁网网页链接网页链接
2015-06-13 18:05,哈尔滨地铁网哈尔滨地铁开展停电事故紧急疏散演练地铁运营哈尔滨地铁网网页链接网页链接
2015-06-08 19:36,哈尔滨地铁网哈尔滨地铁开辟绿色通道保顺畅助高考地铁播报哈尔滨地铁网网页链接网页链接网页链接网页链接我市地铁一号线为了高考期间方便考生及家长特意在高考期间开辟绿色通道更好的为考生及家长服务哈尔滨保顺畅助高考地铁开辟绿色通道哈尔滨保顺畅助高考地铁开辟绿色通道哈尔滨地铁开辟绿色通道保顺畅助高考哈尔滨地铁开辟绿色通道保顺畅助高考
2015-06-06 14:14,回复安妮的小管家安妮的小管家地铁号线三期工程预计年恢复通车地铁运营哈尔滨地铁网网页链接网页链接安妮的小管家安妮的小管家可不可以讲讲一号线延长线是什么意思因为要买房都拿这个当噱头谢谢
2015-06-05 18:53,哈尔滨地铁网哈尔滨地铁开辟绿色通道助力高考地铁运营哈尔滨地铁网网页链接网页链接哈尔滨考生乘地铁购票通行优先地铁运营哈尔滨地铁网网页链接网页链接哈尔滨地铁号线增备车辆地铁运营哈尔滨地铁网网页链接网页链接
2015-06-03 08:25,哈尔滨地铁网便民出行时间哦噢耶大学城大学城
2015-06-01 18:46,哈尔滨地铁网哈尔滨女孩遭遇地铁抢手机监控显元凶地铁播报哈尔滨地铁网网页链接网页链接
2015-06-01 18:45,哈尔滨地铁网哈尔滨地铁号线二期工程下半年开建为环线设座车站地铁运营哈尔滨地铁网网页链接网页链接
2015-05-31 21:07,哈尔滨地铁网哈尔滨地铁号线工程建设将正式全面启动二期工程预计年建成通车地铁播报哈尔滨地铁网哈尔滨地铁号线工程建设将正式全面启动二期哈尔滨地铁号线工程建设将正式全面启动二期网页链接网页链接查看图片
2015-05-30 15:47,哈尔滨地铁网月日起哈尔滨地铁号线末班车发车延长至晚九时三十分地铁播报哈尔滨地铁网月日起哈尔滨地铁号线末班车发车延长至晚月日起哈尔滨地铁号线末班车发车延长至晚网页链接网页链接查看图片
2015-05-01 09:26,哈尔滨地铁网哈尔滨地铁警方开展综合演练加强突发事件快速反应能力地铁运营哈尔滨地铁网网页链接网页链接
2015-04-24 13:21,哈尔滨地铁网上海地铁疑似被拐儿童照网络热传警方称正调查全球地铁哈尔滨地铁网网页链接网页链接
2015-04-24 13:21,哈尔滨地铁网朝闻天下纪念伟大卫国战争胜利周年莫斯科推出主题地铁全球地铁哈尔滨地铁网网页链接网页链接
2015-04-22 08:04,哈尔滨地铁网深圳地铁号线一乘客晕倒引发踩踏全球地铁哈尔滨地铁网网页链接网页链接
2015-04-22 08:03,哈尔滨地铁网哈尔滨地铁实行三方联动机制谨防踩踏事件地铁播报哈尔滨地铁网网页链接网页链接
2015-04-22 07:50,哈尔滨地铁网推荐地铁播报的频道给大家欢迎各位订阅网页链接网页链接快去看看吧分享自优酷优酷网页链接网页链接
2015-04-09 12:24,哈尔滨地铁网打可去地铁领东西动作要快啊地铁运营哈尔滨地铁网网页链接网页链接
2015-04-08 12:42,由于该区间地质结构发生变化勘测房建等专业正在进行检测调查目前该区间列车通行速度为以下
2015-04-08 08:20,#早安哈尔滨#,转发微博
2015-04-08 06:24,哈尔滨地铁网巴西地铁的丧尸恶作剧这么大制作被坑的人也是醉了全球地铁哈尔滨地铁网网页链接网页链接
2015-04-08 06:23,哈尔滨地铁网上班族秒懂地铁里出现的新词汇乘车畅谈哈尔滨地铁网网页链接网页链接
2015-04-05 10:36,哈尔滨地铁网哈尔滨地铁文明出行见闻乘客出行哈尔滨地铁网网页链接网页链接
2015-04-05 10:36,哈尔滨地铁网冰城地铁建设线并进本月起陆续复工看看你家门口地铁动工不工程建设哈尔滨地铁网网页链接网页链接
2015-04-05 10:36,哈尔滨地铁网后冰城地铁人搭救雨中迷路坠地小猫头鹰地铁运营哈尔滨地铁网网页链接网页链接
2015-04-03 16:18,哈尔滨地铁网哈尔滨地铁一号线三期开工新疆大街即将封闭地铁播报哈尔滨地铁网网页链接网页链接
2015-04-02 12:31,哈尔滨地铁网哈尔滨地铁号线三期工程将封闭新疆大街交通地铁播报哈尔滨地铁网网页链接网页链接哈尔滨地铁开进平房部分路段封闭地铁播报哈尔滨地铁网网页链接网页链接
2015-04-02 12:27,哈尔滨地铁网哈尔滨地铁号线三期新疆大街站日开建地铁运营哈尔滨地铁网网页链接网页链接
2015-04-02 12:27,哈尔滨地铁网哈尔滨地铁号线三期日起开工新疆大街周边条街禁停网页链接网页链接配合哈尔滨地铁一号线三期工程建设日起新疆大街部分路段封闭地铁运营哈尔滨地铁网网页链接网页链接
2015-04-01 19:10,哈尔滨地铁网地铁号线三期工程将封闭新疆大街交通预计年恢复通车地铁运营哈尔滨地铁网网页链接网页链接地铁号线三期将复工新疆大街封闭后该咋走工程建设哈尔滨地铁网网页链接网页链接
2015-04-01 18:56,哈尔滨地铁网男子潜伏哈尔滨地铁女厕所用小镜子偷窥女乘客被拘留乘客出行哈尔滨地铁网网页链接网页链接
2015-03-31 19:35,哈尔滨地铁网地铁常见意外伤摔伤晕倒和崴脚乘客出行哈尔滨地铁网网页链接网页链接车厢里有人突发意外乘客可用车上紧急通话装置通知司机救治
2015-03-26 16:54,哈尔滨地铁网哈尔滨地铁优惠卡非本人使用受处罚地铁播报哈尔滨地铁网网页链接网页链接
2015-03-22 17:42,转发微博
2015-03-22 17:42,转发微博
2015-03-09 19:19,先森先森哈尔滨地铁网哈尔滨地铁网魅力哈尔滨魅力哈尔滨哈尔滨也来一下
2015-03-09 18:01,哈尔滨地铁网哈东站地铁站有个帮人买票指路的许大爷乘客出行哈尔滨地铁网网页链接网页链接
2015-03-08 16:50,哈尔滨地铁网吃东西撒垃圾汤直击哈尔滨地铁内不文明现象地铁播报哈尔滨地铁网网页链接网页链接
2015-03-08 16:47,哈尔滨地铁网老人全部家当遗失在地铁里民警拾到将多万财物归还失主地铁运营哈尔滨地铁网网页链接网页链接
2015-03-08 16:46,哈尔滨地铁网哈尔滨地铁民警拾金不昧将余万财物归还失主地铁运营哈尔滨地铁网网页链接网页链接
2015-02-27 10:25,哈尔滨地铁网地铁号线完成过江段勘察工程建设哈尔滨地铁网网页链接网页链接
2015-02-27 09:11,哈尔滨地铁网哈尔滨地铁号线一期号线二期春季施工将启动工程建设哈尔滨地铁网网页链接网页链接
2015-02-26 21:12,#不文明现象曝光台#,不文明现象曝光台
2015-02-23 09:58,转发微博
2015-02-23 09:57,#羊年瑞雪龙江暖#,转发微博
2015-02-22 17:32,哈尔滨地铁网初四哈大高速解除交通管制部分路段仍然封闭公交论坛哈尔滨交通网网页链接网页链接
2015-02-22 12:43,哈尔滨地铁网羊春瑞雪龙江暖龙江卫视在直播公交论坛哈尔滨交通网网页链接网页链接
2015-02-22 12:26,哈尔滨地铁网特别报道羊年新春冰城迎大降雪公交论坛哈尔滨交通网网页链接网页链接
2015-02-18 11:59,哈尔滨地铁网走基层哈尔滨地铁检修工人给地铁安全把脉地铁播报哈尔滨地铁网网页链接网页链接
2015-02-17 18:37,哈尔滨地铁网哈尔滨地铁网恭祝羊年大吉地铁运营哈尔滨地铁网网页链接网页链接
2015-02-14 12:32,哈尔滨地铁网马年最后两天地铁营运延至晚十点地铁播报哈尔滨地铁网网页链接网页链接
2015-02-14 11:50,哈尔滨地铁网分享图片高大上的直播间小编也想要
2015-02-13 14:45,哈尔滨地铁网地铁号线春节期间运营时间地铁运营哈尔滨地铁网网页链接网页链接
2015-02-13 14:42,哈尔滨地铁网两车相撞雪佛兰又撞地铁站入口地铁运营哈尔滨地铁网网页链接网页链接
2015-02-13 06:58,#铁丝爱分享#,转发微博
2015-02-13 06:56,哈尔滨电视台哈尔滨新闻哈尔滨电视台哈尔滨新闻转发微博
2015-02-12 12:26,哈尔滨地铁网给幸福加油探访地铁休息室地铁播报哈尔滨地铁网网页链接网页链接
2015-02-12 12:26,哈尔滨地铁网地铁号线春节延长运营时间地铁播报哈尔滨地铁网网页链接网页链接
2015-02-11 15:59,哈尔滨地铁网哈尔滨地铁号线日末班车延长至时地铁运营哈尔滨地铁网网页链接网页链接
2015-02-10 17:42,拍婚纱照吃惊吃惊这是什么节奏帮转微博能打折吗
2015-01-24 07:14,哈尔滨地铁网地铁条新线路车辆风格各不同地铁运营哈尔滨地铁网网页链接网页链接
2015-01-22 17:01,转发微博
2015-01-22 17:00,哈尔滨地铁网哈尔滨下半年地铁号线座车站将启动安检地铁播报哈尔滨地铁网网页链接网页链接
2015-01-17 10:44,哈尔滨地铁网哈尔滨地铁号线一期工程年内全线轨通地铁播报哈尔滨地铁网网页链接网页链接
2015-01-17 10:43,哈尔滨地铁网哈尔滨今年将实现地铁号线一期工程全线轨通地铁运营哈尔滨地铁网网页链接网页链接
2015-01-17 10:15,哈尔滨地铁网哈尔滨地铁号线一期工程年内轨通工程建设哈尔滨地铁网网页链接网页链接
2015-01-15 18:33,哈尔滨地铁网哈尔滨地铁检修工人的不眠之夜寒夜中为列车体检的人们地铁运营哈尔滨地铁网网页链接网页链接
2015-01-14 20:15,哈尔滨地铁网爱情专列浪漫启程冰城地铁上演非诚勿扰地铁资讯哈尔滨地铁网网页链接网页链接
2015-01-14 08:12,哈尔滨地铁网开往爱情的地铁地铁播报哈尔滨地铁网网页链接网页链接
2015-01-12 20:21,哈尔滨地铁网哈尔滨地铁二号线破冰勘察哈尔滨地铁播报网页链接网页链接
2015-01-11 20:46,哈尔滨地铁网开往回忆的地铁昔年最潮黄房子如今陈列开埠史地铁播报哈尔滨地铁网网页链接网页链接
2015-01-11 17:53,转发微博
2015-01-11 17:52,转发微博
2015-01-11 17:52,转发微博
2015-01-06 16:19,虽然有但是地铁服务太赞了分钟解决问题魅丽哈尔滨魅丽哈尔滨哈尔滨地铁网哈尔滨地铁网
2015-01-10 18:48,转发微博
2015-01-10 18:45,哈尔滨地铁网哈尔滨地铁二号线一期开始越江勘察地铁播报哈尔滨地铁网网页链接网页链接
2015-01-10 11:55,哈尔滨地铁网哈尔滨地铁号线松北区域勘探工作全面展开地铁运营哈尔滨地铁网网页链接网页链接
2015-01-10 08:17,哈尔滨地铁网开往回忆的地铁大鹰楼传说中的棺材楼地铁播报哈尔滨地铁网网页链接网页链接
2015-01-09 00:46,饿了睡前码一发数了一下吃过十家你来猜我叫什么呀你来猜我叫什么呀转发微博
2015-01-08 21:24,哈尔滨地铁网开往回忆的地铁中俄法政大学短命高校的前世今生地铁运营哈尔滨地铁网网页链接网页链接
2015-01-08 19:54,哈尔滨地铁网带你追击哈尔滨地铁号线各站点美食乘客出行哈尔滨地铁网网页链接网页链接
2015-01-07 17:34,哈尔滨地铁网开往回忆的地铁梅耶洛维奇宫少年宫的前世今生地铁播报哈尔滨地铁网网页链接网页链接
2015-01-07 17:34,哈尔滨地铁网开往回忆的地铁中东铁路局大石头房子探秘地铁播报哈尔滨地铁网网页链接网页链接
2015-01-07 17:33,哈尔滨地铁网开往回忆的地铁捷克领事馆山鹰墙下渐离披地铁播报哈尔滨地铁网网页链接网页链接
2015-01-06 21:54,转发微博
2015-01-04 08:41,转发微博
2014-12-18 18:38,哈尔滨地铁网分享图片哈尔滨地铁公安分局举行警营开放日活动反恐设备亮相地铁运营哈尔滨地铁网网页链接网页链接
2014-12-17 19:34,哈尔滨地铁网外地老太谎称丢包万地铁监控助力捉赃地铁播报哈尔滨地铁网网页链接网页链接
2014-12-17 19:15,哈尔滨地铁网哈尔滨女子过地铁门帘时手机不慎被盗地铁播报哈尔滨地铁网网页链接网页链接
2014-12-15 18:39,哈尔滨地铁网电化教育进地铁道德模范在身边地铁播报哈尔滨地铁网网页链接网页链接
2014-12-13 08:14,哈尔滨地铁报朝闻快线哈尔滨地铁报朝闻快线肿么破宣奇宣奇真逗地铁的噪音盖住司机说话绰绰有余还广播看看司机心情你不要在这看自己心情造谣要负责的地铁族哈尔滨区地铁族哈尔滨区这个广播声音大小看司机心情啦不过也有个别情况比如哈尔滨地铁有名司机是不是在驾驶室里聊天怕外面有乘客听到
2014-12-10 17:43,哈尔滨地铁网马驰率风羊致清和哈尔滨地铁首套生肖纪念票乙未羊月日震撼发行今日起接受选号地铁运营哈尔滨地铁网网页链接网页链接
2014-12-09 22:25,转发微博
2014-12-06 18:01,转发微博
2014-12-06 07:21,蜡烛蜡烛蜡烛蜡烛蜡烛蜡烛
2014-12-05 14:01,哈尔滨地铁大广播哈尔滨地铁大广播哈尔滨地铁报朝闻快线哈尔滨地铁报朝闻快线龙视都市频道龙视都市频道
2014-12-05 14:00,哈尔滨地铁网地铁站下的平凡英雄孟繁强地铁播报哈尔滨地铁网网页链接网页链接
2014-12-05 07:13,哈尔滨地铁网雪后天冷路滑哈尔滨地铁客流日增万人次地铁运营哈尔滨地铁网网页链接网页链接
2014-12-04 10:57,转发微博
2014-12-03 20:29,哈尔滨地铁网哈尔滨地铁民警实弹武装巡逻随时接受群众报警地铁运营哈尔滨地铁网网页链接网页链接
2014-12-03 20:28,哈尔滨地铁网随手拍冰城地铁不文明乘车现象坐着地铁吃早餐地铁运营哈尔滨地铁网网页链接网页链接
2014-12-03 20:27,哈尔滨地铁网下雪天寒地铁日客流量涨万地铁运营哈尔滨地铁网网页链接网页链接
2014-12-03 19:37,哈尔滨地铁网温度骤降地铁乘车辆增大地铁运营进行调整地铁播报哈尔滨地铁网网页链接网页链接
2014-12-03 07:18,平安哈尔滨平安哈尔滨开门请注意
2014-12-02 13:48,转发微博
2014-12-02 13:47,转发微博
2014-12-01 17:27,哈尔滨地铁网深入地下米记者探秘贵阳地铁隧道南京地铁号线轨通啦暴力闯关被判刑坐地铁主动安检很难吗全球地铁哈尔滨地铁网网页链接网页链接
2014-12-01 07:31,哈尔滨地铁网月日清晨香坊区东北农业大学校门口二百米处一棚户区发生火灾截止到目前火势已得到控制失火原因不明平安哈尔滨平安哈尔滨哈尔滨微吧哈尔滨微吧凤凰黑龙江凤凰黑龙江哈尔滨电视台哈尔滨新闻哈尔滨电视台哈尔滨新闻哈尔滨微吧哈尔滨微吧微博黑龙江微博黑龙江
2014-11-30 16:00,哈尔滨地铁网北京地铁告别廉价哈尔滨地铁夺得最实惠称号地铁运营哈尔滨地铁网网页链接网页链接
2014-11-30 07:17,地铁族哈尔滨区地铁族哈尔滨区哈尔滨地铁发布哈尔滨地铁发布设备设施没人养护才年就这样了小编也是醉了
2014-11-29 15:07,哈尔滨地铁网地铁带给冰城市民的出行便捷所有人都是感同身受日前记者从哈尔滨地铁集团获悉哈尔滨地铁号线一期工程社会稳定风险分析及评估也开始向社会进行公示同时地铁二号线的站点设置也一并公布看看哪站到我家地铁号线站点公布地铁播报哈尔滨地铁网网页链接网页链接
2014-11-29 15:06,哈尔滨地铁网随着地铁的开通越来越多的市民看中其便捷舒适选择乘坐地铁出行但是今天早上有市民给我们打来热线反映乘坐地铁不方便了因为要带身份证这是怎么回事呢地铁安检查证件市民还需多配合地铁播报哈尔滨地铁网网页链接网页链接
2014-11-28 19:10,哈尔滨地铁网全球地铁哈尔滨地铁网网页链接网页链接厦门地铁施工占一还一确保通行能力北京公交地铁调价方案公布月日起执行郑州地铁号线再缩行车间隔工作日将增开列车列次
2014-11-27 20:50,哈尔滨地铁网地铁号线一期工程拟定座车站全长公里均为地下车站和地下线路地铁运营哈尔滨地铁网网页链接网页链接
2014-11-27 20:48,哈尔滨地铁志愿者哈尔滨地铁志愿者哈尔滨地铁报朝闻快线哈尔滨地铁报朝闻快线
2014-11-27 20:47,哈尔滨地铁网哈尔滨地铁便民出行宠物不可搭车地铁播报哈尔滨地铁网网页链接网页链接
2014-11-26 09:30,哈尔滨地铁报朝闻快线哈尔滨地铁报朝闻快线哈尔滨地铁志愿者哈尔滨地铁志愿者
2014-11-26 09:30,哈尔滨地铁报朝闻快线哈尔滨地铁报朝闻快线哈尔滨地铁志愿者哈尔滨地铁志愿者
2014-11-26 08:09,哈尔滨地铁网地铁安全不容忽视地铁播报哈尔滨地铁网网页链接网页链接
2014-11-26 08:09,哈尔滨地铁网乘客揣狗坐地铁和安检躲猫猫地铁集团坐地铁有规矩违规拒不改正最高被罚元地铁运营哈尔滨地铁网网页链接网页链接
2014-11-25 18:26,站务一定很漂亮嘻嘻嘻嘻
2014-11-25 16:57,哈尔滨地铁网室外超地铁车厢内必须低全球地铁哈尔滨地铁网网页链接网页链接
2014-11-25 16:51,转发微博
2014-11-24 20:35,哈尔滨地铁网全球地铁哈尔滨地铁网网页链接网页链接故障英国伦敦一地铁车厢起火郑州地铁号线下月开工建设郑州地铁号线延长线施工进入关键阶段杭州地铁号线东南段今日正式试运营最美女生海报进地铁
2014-11-24 00:25,哈尔滨地铁网乘坐火车选座攻略大全只要个位数是的车票都是靠窗的和是三人座靠窗的和是两人座靠窗的个位数是靠过道的和是三人座靠过道和是二人座靠过道和是三人座中间非常实用以后火车旅行就根据需要选座吧
2014-11-23 18:27,哈尔滨地铁网大连地铁辆列车完成静态调试即将上线动态调试全球地铁哈尔滨地铁网网页链接网页链接
2014-11-22 16:36,哈尔滨地铁网广州马拉松明日开跑运动员及工作人员可免费坐地铁全球地铁哈尔滨地铁网网页链接网页链接
2014-11-21 12:45,哈尔滨地铁网成都的地铁文化浪漫不失蜀味地铁印象哈尔滨地铁网网页链接网页链接
2014-11-21 01:14,地铁族哈尔滨区地铁族哈尔滨区福州发布福州发布福州那点事儿福州那点事儿福州街头巷尾福州街头巷尾福州圈福州圈福州微吧福州微吧
2014-11-20 21:20,哈尔滨地铁网藏在地下的艺术杰作莫斯科地铁剪影地铁印象哈尔滨地铁网网页链接网页链接
2014-11-20 21:18,哈尔滨地铁网真是穷疯了小偷偷走地铁厕所脚踏阀全球地铁哈尔滨地铁网网页链接网页链接
2014-11-20 10:52,龙视都市频道龙视都市频道好事啊哈尔滨人异地居住就医可选医院增至所申请办理异地居住人员可在居住地选择两所综合医院和一所专科医院作为本人就医定点医院异地居住人员返回哈市居住后应及时办理取消异地就医手续取消后一年可再次申请办理
2014-11-19 20:44,哈尔滨地铁网哈尔滨地铁桦树街站一孕妇情况危急众人出手相救地铁播报哈尔滨地铁网网页链接网页链接
2014-11-17 22:49,转发微博
2014-11-14 20:25,哈尔滨地铁网地铁号线三期冬季不停工工程建设哈尔滨地铁网网页链接网页链接
2014-11-14 20:24,哈尔滨地铁网日早高峰冰城地铁客流增两成乘客出行哈尔滨地铁网网页链接网页链接
2014-11-09 10:54,这对父母您把冰城人平均的形象都拉到脚后跟了你造吗怒怒
2014-11-07 15:17,#有奖竞猜#,便于司机在开车前瞭望检测屏蔽门与车门间是否存在异物嘻嘻嘻嘻
2014-11-06 20:30,哈尔滨地铁网哈尔滨条地铁工程疏解道路通车有效改善区域交通环境工程建设哈尔滨地铁网网页链接网页链接哈尔滨地铁报朝闻快线哈尔滨地铁报朝闻快线哈尔滨地铁志愿者哈尔滨地铁志愿者
2014-11-06 20:29,哈尔滨地铁报朝闻快线哈尔滨地铁报朝闻快线红绳的那一端没有不签不捐他也不瞎抠鼻屎
2014-11-03 20:19,转发微博
2014-11-01 17:40,哈尔滨地铁网地铁反恐演练有备无患保安全地铁播报哈尔滨地铁网网页链接网页链接
2014-11-01 10:58,哈尔滨地铁网哈尔滨霾天出行地铁不受天气影响方便快捷成市民首选地铁播报哈尔滨地铁网网页链接网页链接
2014-10-30 23:39,#今日生活报#,转发微博
2014-10-23 14:02,哈尔滨地铁网哈尔滨地铁号线开建啦看看沿途有啥好吃好玩的地铁零距离哈尔滨地铁网网页链接网页链接
2014-10-23 13:58,哈尔滨地铁网哈尔滨地铁播报网页链接网页链接
2014-10-23 08:57,哈尔滨地铁网传递地铁文明提升生活品质地铁运营哈尔滨地铁网网页链接网页链接
2014-10-21 13:11,哈尔滨地铁网哈尔滨地铁号线二期工程获批地铁运营哈尔滨地铁网网页链接网页链接
2014-10-15 22:25,给力给力
2014-10-10 06:24,衰衰衰衰衰衰
2014-10-08 13:53,转发微博
2014-10-08 13:49,哈尔滨地铁网国庆期间地铁博物馆站迎来开门忙地铁播报哈尔滨地铁网网页链接网页链接
2014-10-06 13:16,鼓掌鼓掌鼓掌鼓掌鼓掌鼓掌
2014-09-30 12:33,哈尔滨地铁网哈尔滨地铁播报地铁站务人员十一假期大家休息我忙碌冰城地铁一号线迎来周岁生日博物馆站开通将成客流最大站告别堵车地铁让生活少一份焦虑网页链接网页链接
2014-09-27 20:59,妹纸挺美
2014-09-27 09:38,哈尔滨地铁网哈尔滨地铁迎来一周岁龙视地铁传媒频道正式开播地铁播报哈尔滨地铁网网页链接网页链接
2014-09-27 09:38,哈尔滨地铁网哈尔滨地铁一号线正式运营满一年博物馆站正式开通地铁播报哈尔滨地铁网网页链接网页链接
2014-09-26 16:30,哈尔滨地铁号线南岗区哈尔滨火车站站开工现场随拍空子空子龙视都市频道龙视都市频道哈尔滨发布哈尔滨发布龙视晓慧龙视晓慧新闻夜航新闻夜航龙视新闻在线龙视新闻在线龙视新闻亦宁龙视新闻亦宁主播春涛主播春涛生活报生活报黑龙江日报黑龙江日报黑龙江晨报黑龙江晨报黑龙江电视台黑龙江电视台哈尔滨铁路局哈尔滨铁路局哈尔滨地铁网哈尔滨地铁网龙视新闻夜航午间播报龙视新闻夜航午间播报
2014-09-26 18:09,转发微博
2014-09-25 13:12,哈尔滨地铁网最多年冰城建成三条地铁地铁资讯哈尔滨地铁网网页链接网页链接
2014-09-25 13:12,哈尔滨地铁网哈尔滨市地铁号线博物馆站昨日模拟载客试运营地铁运营哈尔滨地铁网网页链接网页链接
2014-09-25 13:11,哈尔滨地铁网哈尔滨地铁号线博物馆站月日投入使用地铁播报哈尔滨地铁网网页链接网页链接
2014-09-25 13:11,哈尔滨地铁网冰城地铁未来轨道交通全覆盖地铁播报哈尔滨地铁网网页链接网页链接
2014-09-25 13:10,哈尔滨地铁网地铁号线三期明日开建共设站每站个出入口个地铁出入口哪个离你家近地铁运营哈尔滨地铁网网页链接网页链接
2014-09-25 13:10,哈尔滨地铁网冰城地铁天地铁运营哈尔滨地铁网网页链接网页链接
2014-09-25 13:09,哈尔滨地铁网地铁号线从人民广场过江一期工程由呼兰大学城至气象台太阳岛公园有站地铁运营哈尔滨地铁网网页链接网页链接
2014-09-25 13:09,哈尔滨地铁网哈尔滨地铁号线运行满年乘客超万人次地铁运营哈尔滨地铁网网页链接网页链接
2014-09-25 13:09,哈尔滨地铁网一年拾金不昧十万元地铁运营哈尔滨地铁网网页链接网页链接
2014-09-25 13:09,哈尔滨地铁网地铁站内的活铆钉地铁运营哈尔滨地铁网网页链接网页链接
2014-09-25 13:08,哈尔滨地铁网地铁夜班人员工作个半小时地铁运营哈尔滨地铁网网页链接网页链接
2014-09-25 13:07,哈尔滨地铁网沿线商场饭店人流剧增吃喝玩乐一线穿地铁运营哈尔滨地铁网网页链接网页链接
2014-09-25 13:07,哈尔滨地铁网哈尔滨地铁一号线开通一年沿线房价小幅度上涨地铁运营哈尔滨地铁网网页链接网页链接
2014-09-25 13:06,哈尔滨地铁网方便快捷不堵车能坐地铁决不打车运行一年乘客越来越文明乘客出行哈尔滨地铁网网页链接网页链接
2014-09-25 13:06,哈尔滨地铁网五年哈市主城区建十字加环线未来建条地铁线市民出行坐地铁工程建设哈尔滨地铁网网页链接网页链接
2014-09-25 13:05,哈尔滨地铁网三条地铁线日同时开工这些道路交通受影响工程建设哈尔滨地铁网网页链接网页链接
2014-09-25 13:05,哈尔滨地铁网到年冰城条地铁线将联网运营地铁运营哈尔滨地铁网网页链接网页链接
2014-09-24 13:28,哈尔滨地铁网哈尔滨地铁博物馆站即将开通地铁播报哈尔滨地铁网网页链接网页链接
2014-09-18 11:58,哈尔滨地铁网地铁号线友谊路段钻孔勘查地铁运营哈尔滨地铁网网页链接网页链接
2014-09-18 11:58,哈尔滨地铁网号线博物馆站即将投用地铁运营哈尔滨地铁网网页链接网页链接
2014-09-16 17:05,哈尔滨地铁网地铁号线三期工程本月内开工与号线一二期工程连接直通平房地铁运营哈尔滨地铁网网页链接网页链接
2014-09-15 16:30,哈尔滨地铁网哈尔滨地铁号线末车月日起调至时地铁播报哈尔滨地铁网网页链接网页链接
2014-09-15 16:24,哈尔滨地铁网哈尔滨地铁工程进入集中建设期地铁运营哈尔滨地铁网网页链接网页链接
2014-09-13 13:02,哈尔滨地铁网哈尔滨地铁一号线博物馆站即将启幕地铁印象哈尔滨地铁网网页链接网页链接
2014-09-13 12:49,哈尔滨地铁网哈尔滨地铁号线火车站站月开工地铁运营哈尔滨地铁网网页链接网页链接乘地铁日起首末车早晚地铁运营哈尔滨地铁网网页链接网页链接
2014-09-09 08:53,哈尔滨地铁网地铁视点号线周岁二超强运力风雨无阻地铁运营哈尔滨地铁网网页链接网页链接
2014-09-04 05:55,哈尔滨地铁网哈尔滨地铁司机晕厥乘客合力搭救地铁播报哈尔滨地铁网网页链接网页链接
2014-09-04 05:55,哈尔滨地铁网哈尔滨地铁周岁纪念票将发行地铁运营哈尔滨地铁网网页链接网页链接
2014-09-04 05:54,哈尔滨地铁网哈尔滨地铁二号线三号线开始地质勘察地铁播报哈尔滨地铁网网页链接网页链接
2014-09-01 09:11,哈尔滨地铁网地铁视点专栏号线周岁一五年跋涉地下通途地铁运营哈尔滨地铁网网页链接网页链接
2014-08-28 18:19,哈尔滨地铁网关注地铁号线地铁播报哈尔滨地铁网网页链接网页链接
2014-08-19 17:33,小毅小毅飞驰在平行线上飞驰在平行线上漂亮
2014-08-19 17:32,哈尔滨交通网哈尔滨交通网转发微博
2014-08-11 10:34,哈尔滨地铁报朝闻快线哈尔滨地铁报朝闻快线
2014-07-24 17:05,哈尔滨地铁网大力构建公交体系让百姓出行更便捷地铁播报哈尔滨地铁网网页链接网页链接
2014-07-16 18:46,转发微博
2014-07-16 18:46,转发微博
2014-07-15 23:04,哈尔滨指南哈尔滨指南请各位亲做好防雨准备
2014-07-15 08:31,哈尔滨地铁网工作人员很辛苦请大家共同保持地铁环境卫生哈尔滨地铁报朝闻快线哈尔滨地铁报朝闻快线
2014-07-13 10:10,哈尔滨地铁网地铁零距离高大上地铁当婚车完爆各种高档汽车地铁运营哈尔滨地铁网网页链接网页链接
2014-07-13 10:09,转发微博
2014-07-08 09:28,问中国当代史第一个不平等条约是答江浙沪包邮
2014-07-08 06:03,哈尔滨地铁网地铁视点地铁饮食论战地铁运营哈尔滨地铁网网页链接网页链接
2014-07-08 06:03,哈尔滨地铁网地铁视点朝闻快线去哪了地铁运营哈尔滨地铁网网页链接网页链接
2014-07-08 06:02,哈尔滨地铁网地铁视点地铁恐慌事件乘客你怎么看地铁运营哈尔滨地铁网网页链接网页链接
2014-07-08 00:21,鼓掌鼓掌鼓掌鼓掌鼓掌鼓掌
2014-07-06 20:12,部分市民或许不清楚在地铁里禁止饮食请您善意告知为提升哈尔滨整体形象而努力
2014-06-26 23:34,哈尔滨地铁网霁虹桥为横跨哈尔滨市道里与南岗两区的交通要冲一类保护建筑文物保护单位原为木桥是哈尔滨桥梁史上真正意义上的立交桥霁虹桥造型以古埃及式方尖碑为桥头堡塔座为长方形四周各有个花环状装饰浮雕桥下面的柱子上还刻有狮子头像在钢栏杆上镶嵌了标志着飞轮中东铁路路徽
2014-06-26 23:19,思考思考也不知道赚不赚钱哈尔滨地铁报朝闻快线哈尔滨地铁报朝闻快线地铁行乞是一种影响轨交运营市民出行车厢秩序的违规行为本报一直呼吁维护文明有序的地铁环境如果确定是行乞团伙我们就要用实际行动扭转这些人群不劳而获的不良逻辑
2014-06-19 05:36,哈尔滨地铁网探索哈南站地铁车库出口地铁印象哈尔滨地铁网网页链接网页链接
2014-06-18 06:13,#地铁视点#,哈尔滨地铁网亮出观点看出亮点哈尔滨地铁网地铁视点关注你发现的新闻有新闻记得哈尔滨地铁网哈尔滨地铁网地铁视点
2014-06-17 20:15,教授不授课教授不授课
2014-06-17 20:14,哈尔滨地铁网地铁视点地铁站名还是地铁运营哈尔滨地铁网网页链接网页链接
2014-06-16 06:35,#地铁视点#,哈尔滨地铁网哈尔滨地铁网地铁视点网罗热点话题期待你将地铁见闻自我观点告诉我们有新闻记得哈尔滨地铁网哈尔滨地铁网地铁视点
2014-06-14 17:29,哈尔滨地铁网哈尔滨地铁流动风景线道德模范在身边地铁播报哈尔滨地铁网网页链接网页链接
2014-06-12 19:33,哈尔滨地铁网哈尔滨地铁号线上演反恐演练地铁运营哈尔滨地铁网网页链接网页链接
2014-06-12 19:31,哈尔滨地铁网哈尔滨地铁公安分局与地铁集团联合举行反恐演练地铁播报哈尔滨地铁网网页链接网页链接
2014-06-09 21:01,混世魔婆混世魔婆
2014-06-09 21:00,哈尔滨地铁网地铁视点乘降地铁有规范直出侧进两不误地铁运营哈尔滨地铁网网页链接网页链接
2014-06-08 07:47,哈尔滨地铁网哈尔滨地铁号线为高考考生开辟绿色通道地铁播报哈尔滨地铁网网页链接网页链接
2014-06-08 07:46,哈尔滨地铁网哈尔滨地铁号线黑大站组织开展消防演练地铁播报哈尔滨地铁网网页链接网页链接
2014-06-08 07:46,哈尔滨地铁网持准考证优先购票进站地铁运营哈尔滨地铁网网页链接网页链接
2014-06-08 07:45,哈尔滨地铁网哈尔滨地铁号线增备车辆助力高考地铁运营哈尔滨地铁网网页链接网页链接
2014-06-08 07:45,哈尔滨地铁网哈尔滨地铁号线举行消防演习地铁运营哈尔滨地铁网网页链接网页链接
2014-06-03 05:56,哈尔滨地铁网全球地铁哈尔滨地铁网网页链接网页链接江西南昌启动地铁号线票价编制工作宁波驶入地铁时代轨交号线开通试运营中国将在莫斯科投资建地铁中国北车长客股份公司获深圳地铁近亿元订单南京地铁号线号线今晚割接
2014-05-30 06:34,哈尔滨地铁网哈尔滨地铁号线月执行夏令时末班车延至地铁运营哈尔滨地铁网网页链接网页链接
2014-05-28 09:45,哈尔滨地铁网全球地铁哈尔滨地铁网网页链接网页链接北京地铁号线月全线动调排爆神器亮相长沙地铁北京地铁部分车站人物同检平稳度过周一早高峰
2014-05-26 06:31,哈尔滨地铁网全球地铁网页链接网页链接北京称将往河北城市修地铁地铁考古之旅纽约地铁演出遭吐槽不想活不敢自杀才杀人台北地铁行凶者说明动机被喊服务员地铁站员发飙雅典地铁渗水了地铁打翻酸奶小女孩蹲地擦干净南昌号线南延段年完成调试并通车地铁现古墓派传人无锡地铁试乘周
2014-05-25 12:32,哈尔滨地铁网哈尔滨地铁号线三期工程图解地铁资料哈尔滨地铁网网页链接网页链接
2014-05-25 12:30,哈尔滨地铁网这站地铁咋不报站了哈尔滨地铁集团现已恢复正常地铁运营哈尔滨地铁网网页链接网页链接
2014-05-22 08:31,哈尔滨地铁网全球地铁哈尔滨地铁网网页链接网页链接台北地铁发生砍人事件致人死亡凶徒见人就砍共伤人北京地铁车厢里是否禁食将进行审议韩国特色图书馆地铁无人图书馆受韩国上班族热捧
2014-05-20 06:24,哈尔滨地铁网全球地铁哈尔滨地铁网网页链接网页链接韩国地铁站发生爆炸致数人受伤四川到年全省新增城市地铁运营里程公里以上芬兰边走边看杂志掉进地铁轨道
2014-05-19 06:49,哈尔滨地铁网全球地铁哈尔滨地铁网网页链接网页链接长客加紧制造北京地铁号线地铁列车长沙地铁开通半月深圳地铁严重延误最高可罚万武汉公交都市方案获批年内将新建条地铁首列武汉造地铁列车今天下线
2014-05-16 12:49,哈尔滨地铁网地铁安检作用大市民大多有期待地铁播报哈尔滨地铁网网页链接网页链接
2014-05-16 09:46,哈尔滨地铁网哈尔滨地铁一号线公交换乘方案线路规划哈尔滨地铁网网页链接网页链接
2014-05-15 09:20,哈尔滨地铁网哈地铁一号线三期年内开工预计年建成地铁视点哈尔滨地铁网网页链接网页链接
2014-05-14 14:13,回复嘻嘻嘻嘻这能还个简约大方高大上些吗
2014-05-14 06:03,哈尔滨地铁网全球地铁哈尔滨地铁网网页链接网页链接爱心大营救老人地铁晕倒众人紧急施救长沙地铁破获首起扒窃案西安地铁三号线高架段今天全线贯通
2014-05-13 06:36,哈尔滨地铁网哈尔滨地铁播报网页链接网页链接哈尔滨地铁号线三期延至平房设站全长约公里哈尔滨松电小区一商户地面塌陷原因待查居民称与地铁施工有关哈地铁桦树街站附近一家商户地面出现塌陷
2014-05-13 06:34,哈尔滨地铁网全球地铁哈尔滨地铁网网页链接网页链接杭州地铁四号线彭埠至近江站明年开通西安地铁四号线开工在即计划年建成通车广州地铁站内两男斗殴因乘客虚惊逃散
2014-05-12 05:59,哈尔滨地铁网全球地铁哈尔滨地铁网网页链接网页链接首尔提出地铁运营系统整改方案地铁试点改进闸机让逃票者无机可乘深圳地铁号线因乘客携带移动电源爆炸紧急停车
2014-05-12 04:39,哈尔滨地铁网早安哈尔滨
2014-05-11 01:56,#用电快报#,辛苦了
2014-05-11 01:48,#用电快报#,国网哈尔滨供电公司用电快报亲们注意仍没来电的用户请耐心等待合闸送电需要逐级进行首先是事故线路送电工作人员在事故线路送电后需要对整条线路再次巡视确认无故障之后进行下级变电站所供出的千伏配电线路合闸送电千伏线路需要逐条送出这也是别人家有电而自己家仍停电的原因请耐心等待谢谢
2014-05-10 09:20,哈尔滨地铁网哈尔滨地铁号线三期将延至平房区地铁播报哈尔滨地铁网网页链接网页链接
2014-05-09 08:14,哈尔滨地铁网地铁号线三期延至平房设站工程建设哈尔滨地铁网网页链接网页链接
2014-05-09 06:36,哈尔滨地铁网全球地铁哈尔滨地铁网网页链接网页链接武汉地铁号线年内全面开建网传北京地铁调价方案存在误广州地铁调整个限流站缓解部分站客流压天津地铁五号线今起全面盾构
2014-05-07 11:44,天津地铁社区天津地铁社区转发微博
2014-05-07 11:33,#地下铁百科#,广州地铁广州地铁地下铁百科城市轨道交通的分类根据不同敷设方式分为隧道包括地下水下高架和地面三种特大大容量轨道交通在交通较繁忙地区多采用隧道和高架形式在市郊则采用全封闭地面形式中容量可兼有种敷设形式小容量一般采用地面形式可与机动车混行运输效率较低
2014-05-07 11:10,#地下铁百科#,地下铁百科城市轨道交通的分类根据不同敷设方式分为隧道包括地下水下高架和地面三种特大大容量轨道交通在交通较繁忙地区多采用隧道和高架形式在市郊则采用全封闭地面形式中容量可兼有种敷设形式小容量一般采用地面形式可与机动车混行运输效率较低
2014-05-07 10:34,如果您认为是由于机器故障导致多收费现象请主动到售票厅说明情况工作人员会核对金额如果是机器的问题会把差价退还给您另外如经常需要乘坐地铁建议办理一卡通卡
2014-05-06 05:32,哈尔滨地铁网全球地铁哈尔滨地铁网网页链接网页链接上海地铁迪士尼专线开始铺轨整体结构工程完成近七成五一假期广州地铁日均客运量达万人次太原地铁号线一期工程初步设计获批将进入全面建设实施阶段五一假期万人体验昆明地铁持续关注韩国首尔地铁相撞或因信号灯故障
2014-05-04 05:48,哈尔滨地铁网全球地铁哈尔滨地铁网网页链接网页链接持续关注首尔地铁相撞约人受伤或因错误指令纽约地铁列车脱轨致人受伤北京地铁号线一测试车辆冲进绿地
2014-05-03 07:49,哈尔滨地铁网韩国首尔地铁相撞约人受伤全球地铁哈尔滨地铁网网页链接网页链接
2014-05-02 19:40,哈尔滨地铁网后冰城地铁驾驶员五一以地铁列车为伴度过自己岁生日地铁运营哈尔滨地铁网网页链接网页链接哈尔滨地铁报朝闻快线哈尔滨地铁报朝闻快线
2014-05-02 09:13,哈尔滨地铁网哈尔滨地铁网网页链接网页链接向坚守在全球城市轨道交通的一线员工建设者致以节日的问候
2014-05-02 09:05,哈尔滨地铁网全球地铁哈尔滨地铁网网页链接网页链接中国第一条高原地铁昆明地铁号号线首期工程投运长沙地铁号线迎来首场小考小长假第一天杭州地铁进入大客流模式伦敦为何频发地铁罢工上海地铁昨日客流超万创纪录天津地铁启动假期专用运行图延长晚高峰运营时长
2014-04-30 13:34,工作人员很辛苦请大家共同维护公共环境卫生
2014-04-30 08:35,哈尔滨地铁网哈尔滨地铁网全球地铁播报直播湖南长沙首条地铁开通试运营网页链接网页链接两型范地铁为长沙代言网页链接网页链接湘湘说两型地铁的历史网页链接网页链接长沙地铁二号线开通在即地铁运行图已经出炉网页链接网页链接
2014-04-30 08:31,哈尔滨地铁网全球地铁哈尔滨地铁网网页链接网页链接北京地铁号线儿童大学专列开通运营昆明地铁号号线首期工程开通试运营准备情况上海玉兔姐姐现身地铁站搭建公共文化科普平台伦敦地铁五一前后将进行罢工兰州地铁工地塌方两工人遇难武汉地铁号线全线开建下穿汉江
2014-04-30 08:25,哈尔滨地铁网地铁生活因你而改变中集乘车畅谈哈尔滨地铁网网页链接网页链接
2014-04-29 13:01,冰翼一直想吐槽这几家的国旗挖鼻屎
2014-04-29 06:29,哈尔滨地铁网天津地铁二号线机场延伸线将于月底进行试跑全球地铁哈尔滨地铁网网页链接网页链接
2014-04-29 06:28,哈尔滨地铁网地铁生活因你而改变上集乘车畅谈哈尔滨地铁网网页链接网页链接
2014-04-28 18:23,哈尔滨地铁网中文国际日走遍中国播出地铁生活因你而改变乘车畅谈哈尔滨地铁网网页链接网页链接
2014-04-28 16:26,推荐大家安装
2014-04-28 06:08,哈尔滨地铁网全球地铁哈尔滨地铁网网页链接网页链接南昌地铁首列车辆月到家月试跑福州地铁一号线白湖亭标段将首先完工二号线月日开工
2014-04-25 17:19,哈尔滨地铁网配合地铁施工哈市下月启动三条道路拓宽打通工程地铁播报哈尔滨地铁网网页链接网页链接
2014-04-25 17:06,哈尔滨地铁网全球地铁哈尔滨地铁网网页链接网页链接无锡地铁号线首次动态调试广州地铁号线年底通车乌鲁木齐地铁一号线今年完成基础施工光腿搭地铁谢绝老爷们儿南昌地铁号线完成编制规划
2014-04-23 06:31,哈尔滨地铁网全球地铁哈尔滨地铁网网页链接网页链接大连地铁首辆列车下线西安地铁号线累计掘进米暗挖累计掘进米北京地铁售票室月底标准化郑州地铁号线个车站全部开工太原地铁二号线一期年底开工
2014-04-23 00:25,哈尔滨地铁网年月日黑龙江省哈尔滨市地铁一号线车上余名青年男女与外国友人齐聚用无裤的快闪方式宣传公益环保更多网页链接网页链接
2014-04-22 07:16,哈尔滨地铁网博物馆站前奏曲地铁印象哈尔滨地铁网网页链接网页链接
2014-04-22 06:25,哈尔滨地铁网全球地铁播报哈尔滨地铁网网页链接网页链接广交会广州地铁出行情况网页链接网页链接长沙地铁试乘八旬老哥俩结伴尝鲜网页链接网页链接杭州地铁早晚高峰行车间隔时间缩短网页链接网页链接南宁个土地孙下地助力地铁一号线建设网页链接网页链接
2014-04-21 11:21,小编表示已经开始收拾行囊准备改行
2014-04-21 07:02,哈尔滨地铁网长沙地铁即将试运营多环节确保乘车安全全球地铁哈尔滨地铁网网页链接网页链接
2014-04-21 07:02,哈尔滨地铁网体验长沙地铁号线安全舒适贴心分钟跑完全程全球地铁哈尔滨地铁网网页链接网页链接
2014-04-18 08:08,哈尔滨地铁网纽约一男子在地铁卧轨自杀侥幸幸存全球地铁哈尔滨地铁网网页链接网页链接
2014-04-18 08:08,哈尔滨地铁网成都男子带活鸡强闯地铁一招撂翻保安全球地铁哈尔滨地铁网网页链接网页链接
2014-04-18 08:07,哈尔滨地铁网长沙地铁二号线本月号试运营全球地铁哈尔滨地铁网网页链接网页链接
2014-04-17 16:44,哈尔滨地铁网长沙地铁二号线票价块钱公里全程不超过块全球地铁哈尔滨地铁网网页链接网页链接
2014-04-17 16:44,哈尔滨地铁网石家庄号盾构机留村站启动地铁建设施工提速全球地铁哈尔滨地铁网网页链接网页链接
2014-04-17 16:43,哈尔滨地铁网地铁里的公共安全广州少年列车上玩防狼喷雾引混乱全球地铁哈尔滨地铁网网页链接网页链接
2014-04-17 16:43,哈尔滨地铁网辽宁沈阳地铁车门破碎致多车次延误全球地铁哈尔滨地铁网网页链接网页链接
2014-04-13 17:49,哈尔滨地铁网哈尔滨地铁二号线一期线路调整哈尔滨地铁播报哈尔滨地铁网哈尔滨地铁二号线一期线路调整每日播报哈尔滨地铁二号线一期线路调整每日播报
2014-04-13 16:20,哈尔滨地铁网黑龙江火车脱线事故致趟旅客列车停运次旅客列车脱线致人受伤轻轨高铁哈尔滨地铁网网页链接网页链接
2014-03-27 19:33,哈尔滨地铁网地铁运行半年运送乘客万人次哈尔滨地铁号线一二期工程的开通改变了哈尔滨人的出行方式也让我们感受到了立体交通带来的便捷截至今天地铁一号线运行已经整整半网页链接网页链接来土豆土豆订阅我的频道网页链接网页链接
2014-03-27 19:16,哈尔滨地铁网地铁运行已半年方便快捷百姓乐哈尔滨地铁播报网页链接网页链接
2014-03-27 19:16,哈尔滨地铁网地铁运行半年运送乘客万人次哈尔滨地铁播报网页链接网页链接
2014-03-27 19:15,哈尔滨地铁网冰城地铁安全越冬夏令是否延时待定地铁运营哈尔滨地铁网网页链接网页链接
2014-03-27 19:15,哈尔滨地铁网地铁通车半年载客近万人次日均客流量万人次每天列车上线运营地铁运营哈尔滨地铁网网页链接网页链接
2014-03-27 19:15,哈尔滨地铁网地铁号线半年载客万人次顺利通过首个冬季严寒考验地铁运营哈尔滨地铁网网页链接网页链接
2014-03-27 18:21,哈尔滨地铁网哈尔滨地铁一号线平稳运营六个月自年月号启用到今天哈尔滨地铁号线已经安全平稳运营了个月运营里程达万公里累计运送乘客近万人次网页链接网页链接来土豆土豆订阅我的频道网页链接网页链接
2014-03-27 18:11,哈尔滨地铁网乘坐地铁需警惕小偷防患于未然刑警的这些防盗技巧不止是在地铁里在其他一些人流量密集的地方也同样适用另外哈尔滨地铁的方方面面的安全保障做得还是很不错的告诉大网页链接网页链接来土豆土豆订阅我的频道网页链接网页链接
2014-03-27 07:20,哈尔滨地铁网哈尔滨地铁一号线平稳运营六个月哈尔滨地铁播报网页链接网页链接
2014-03-27 07:20,哈尔滨地铁网乘坐地铁需警惕小偷防患于未然哈尔滨地铁播报网页链接网页链接
2014-03-26 15:53,转发微博
2014-03-26 15:50,哈尔滨地铁虽然安装有屏蔽门不存在掉下站台的问题但在站内行走也要注意安全哦上下车乘坐扶梯时看手机是可以滴但一定要注意脚下安全另外气温一天比一天高夏季在向我们招手美女们又将他们心仪的长裙拿粗来穿啦在地铁站内乘坐扶梯时请小心裙子被卷入到扶梯的缝隙中
2014-03-26 15:45,转发微博
2014-03-26 15:40,#治理逃票、冒用票专项活动#,一位家长领着孩子逃票面对记者追问时还理直气壮这对孩子的成长来说不太好小编前几日乘坐咱们哈尔滨地铁的时候也亲眼目睹了父亲带领孩子逃票的过程地铁是现代化的文明的交通出行方式请遵守相关规定逃票时被抓到将按照最高票价的五倍进行罚款损失了钱财是小事儿丢人可是无法弥补的
2014-03-26 15:24,哈尔滨地铁一号线列车也是这样滴进行编码的哦
2014-03-26 15:23,持学生卡乘坐地铁享受半价优惠非高峰时段持老年卡乘坐地铁免费小编提醒大家在地铁上遇到老年人要主动让座哦普通卡用户乘坐地铁无优惠
2014-03-26 13:09,威武威武
2014-03-25 09:46,#早安哈尔滨#,回复永不离弃永不离弃平安哈尔滨平安哈尔滨永不离弃永不离弃举报我未婚妻大瑶谣遥瑶加油大瑶谣遥瑶加油毛毛毛毛叶晓文雯叶晓文雯被黑社会长期恐吓性侵犯性虐待敲诈勒索吃屎等犯罪手段残忍高明还利用高科技偷窥我们的私生活窃听我们的手机等犯罪哈尔滨地铁网哈尔滨地铁网转发微博
2014-03-23 07:49,#早安哈尔滨#,转发微博
2014-03-22 11:21,哈尔滨地铁网关注哈尔滨地铁就在哈尔滨地铁播报网页链接网页链接
2014-03-21 06:51,哈尔滨地铁网哈尔滨地铁司机在轨道上书写青春地铁视频哈尔滨地铁网网页链接网页链接
2014-03-21 06:46,哈尔滨地铁网哈尔滨地铁司机在轨道上书写青春他们是一群满活力的年轻人却常年工作在地下默默地坚守着那份枯燥与寂寞他们是一群平凡而简单的人却每天将数以万计的乘客安全准点送网页链接网页链接来土豆土豆关注我网页链接网页链接
2014-03-17 10:04,#哈市城建新亮点#,哈尔滨指南哈尔滨指南转发微博
2014-03-14 13:31,许愿国家电网哈尔滨供电国家电网哈尔滨供电地铁建设运行造福百姓履行社会责任国网哈尔滨供电公司义不容辞威武威武
2014-03-12 11:50,#植树节#,发芽植树节发芽植树节发芽植树节
2014-03-11 16:10,哈尔滨地铁网地铁安全乘坐扶梯五不要不背对电梯不逆向奔跑玩耍不踩在两个梯级相连的部位防止孩子将手放入间隙内不在扶梯进出口处逗留不要将鞋及衣物触及扶梯挡板不在扶梯上走或跑不攀爬倚
2014-03-10 17:57,小编我们要不要在哈尔滨也试一下呢
2014-03-07 15:24,哈尔滨地铁网开往哈东站方向的列车即将进站很多乘客进入地铁站后一听到地铁广播报地铁即将进站立马一路小跑冲下站台生怕错过这班车尤其是上下班高峰时这样的情景并不少见阿地提醒您上下楼梯要特别注意脚下安全尽量靠右行别总是赶着点让生活轻松一些
2014-03-07 11:29,哈尔滨地铁网昨日地铁号线供电故障停运两小时乘降全景哈尔滨地铁网网页链接网页链接
2014-03-07 11:16,抱抱抱抱
2014-03-07 01:26,威武威武
2014-03-06 21:45,哈尔滨地铁网哈尔滨地铁因供电故障停运两小时地铁视频哈尔滨地铁网网页链接网页链接
2014-03-06 18:40,哈尔滨地铁网哈尔滨地铁一号线雷锋站授旗仪式地铁视频哈尔滨地铁网哈尔滨地铁一号线雷锋站授旗仪式每日播哈尔滨地铁一号线雷锋站授旗仪式每日播
2014-03-06 18:40,哈尔滨地铁网哈尔滨地铁采取相关措施预防广州地铁踩踏事故地铁视频哈尔滨地铁网网页链接网页链接
2014-03-06 18:39,哈尔滨地铁网冰雪融化哈尔滨地铁迎来大考地铁视频哈尔滨地铁网网页链接网页链接
2014-03-06 18:39,哈尔滨地铁网哈尔滨地铁博物馆站出入口主体结构三月底完成地铁视频哈尔滨地铁网网页链接网页链接
2014-03-06 18:39,哈尔滨地铁网乘坐地铁今天你文明了吗地铁视频哈尔滨地铁网网页链接网页链接
2014-03-06 15:22,哈尔滨地铁网日上午分哈尔滨地铁号线因供电出现故障暂时停止运营分车内乘客全部疏导出站分故障处理完毕地铁号线恢复运营网页链接网页链接分享自爆料平台爆料平台爆料平台
2014-03-06 13:10,#哈尔滨地铁故障#,泪泪阿地对给大家带来的不便深表歉意
2014-03-06 13:02,哈尔滨地铁网哈尔滨地铁号线已于中午时排除故障逐渐恢复正常运营哈尔滨发布哈尔滨发布哈尔滨地铁报朝闻快线哈尔滨地铁报朝闻快线哈尔滨身边事哈尔滨身边事哈尔滨微吧哈尔滨微吧
2014-03-06 11:16,哈尔滨地铁网各位尊敬的乘客我们非常抱歉的通知您由于设备故障号线的列车服务暂时停止请改乘其他交通工具出站时请听从工作人员的指引感谢您的谅解与合作哈尔滨地铁报朝闻快线哈尔滨地铁报朝闻快线哈尔滨身边事哈尔滨身边事哈尔滨微吧哈尔滨微吧
2014-03-05 12:08,
2014-03-05 06:09,哈尔滨地铁网分享图片地铁播报播报天下地铁事
2014-03-05 06:07,哈尔滨地铁网兰州地铁号线一期工程全线开工进入实质性阶段地铁播报哈尔滨地铁网网页链接网页链接
2014-03-05 06:04,哈尔滨地铁网北京新增三地铁站人物同检地铁播报哈尔滨地铁网网页链接网页链接
2014-03-05 06:01,哈尔滨地铁网瑞典地铁创意广告秀发被风吹起地铁播报哈尔滨地铁网网页链接网页链接
2014-03-05 05:51,哈尔滨地铁网巴黎地铁站可根据需求定制拍摄场景地铁播报哈尔滨地铁网网页链接网页链接
2014-03-03 06:26,哈尔滨地铁网分享图片每日地铁播报
2014-03-03 06:23,哈尔滨地铁网郑州地铁加密班次缩短行车间隔地铁播报哈尔滨地铁网网页链接网页链接
2014-03-03 06:17,哈尔滨地铁网上海女子沉迷低头玩手机不料跌落地铁轨道地铁播报哈尔滨地铁网网页链接网页链接
2014-03-03 06:11,哈尔滨地铁网天津地铁月日起启用全新运行图高峰时段增加组列车地铁播报哈尔滨地铁网网页链接网页链接
2014-03-03 06:04,哈尔滨地铁网南京地铁号线空载试运行分钟穿越长江地铁播报哈尔滨地铁网网页链接网页链接
2014-03-03 05:58,哈尔滨地铁网深圳外企女经理地铁口晕倒身亡分钟无人相扶急救地铁播报哈尔滨地铁网网页链接网页链接
2014-03-03 05:51,哈尔滨地铁网香港城铁地铁或因高峰时段拥挤拆椅腾空间地铁播报哈尔滨地铁网网页链接网页链接
2014-02-27 06:56,哈尔滨地铁网分享图片
2014-02-27 06:48,哈尔滨地铁网天津地铁号线南段下半年开建每日播报哈尔滨地铁网网页链接网页链接
2014-02-27 06:44,哈尔滨地铁网元起步分段收费长沙地铁票价听证方案公布每日播报哈尔滨地铁网网页链接网页链接
2014-02-27 06:40,哈尔滨地铁网南京地铁失火案进入审查起诉阶段每日播报哈尔滨地铁网网页链接网页链接
2014-02-27 06:36,哈尔滨地铁网江西南昌地铁号线下月铺轨每日播报哈尔滨地铁网网页链接网页链接
2014-02-27 06:32,哈尔滨地铁网北京今年建空中小火车从石景山至丰台可换乘条地铁每日播报哈尔滨地铁网网页链接网页链接
2014-02-27 06:29,哈尔滨地铁网北京应对雾霾地铁公交多举措保证早高峰出行每日播报哈尔滨地铁网网页链接网页链接
2014-02-27 06:25,哈尔滨地铁网废弃地铁站变公园再利用每日播报哈尔滨地铁网网页链接网页链接
2014-02-27 06:23,哈尔滨地铁网北京携单车坐地铁市民倡导周一绿色出行每日播报哈尔滨地铁网网页链接网页链接
2014-02-27 06:17,哈尔滨地铁网武汉地铁突击行动清查假证逃票每日播报哈尔滨地铁网网页链接网页链接
2014-02-27 06:12,哈尔滨地铁网成都地铁号机场专线最快下月开建每日播报哈尔滨地铁网网页链接网页链接
2014-02-25 00:07,回复哈尔滨地铁一向倡导与市民共同维护良好的乘车环境禁止在站内车厢内饮食希望广大乘客可以遵守如遇到其他乘客在地铁内饮食请理性与之沟通或通知地铁站务人员或随车相关人员出面协商制止哈尔滨地铁网哈尔滨地铁网怎么看
2014-02-24 07:30,哈尔滨地铁网杭州今年四条线路开工每日播报哈尔滨地铁网网页链接网页链接
2014-02-24 07:26,哈尔滨地铁网上海地铁广播禁食提醒市民反响不一每日播报哈尔滨地铁网网页链接网页链接
2014-02-24 07:22,哈尔滨地铁网地铁迷药抢劫调查每日播报哈尔滨地铁网网页链接网页链接
2014-02-24 07:16,哈尔滨地铁网西安地铁六号线设个站点南客站至劳动南路段今年开工每日播报哈尔滨地铁网网页链接网页链接
2014-02-24 07:11,哈尔滨地铁网北京地铁七号线新车亮相今年底全线通车每日播报哈尔滨地铁网网页链接网页链接
2014-02-24 07:04,哈尔滨地铁网广州条地铁今年全面开建每日播报哈尔滨地铁网网页链接网页链接
2014-02-24 06:57,哈尔滨地铁网关注北京地铁禁食乘客反应不一官方回应疑问每日播报哈尔滨地铁网网页链接网页链接
2014-02-21 10:30,哈尔滨指南哈尔滨指南转发微博
2014-02-17 07:14,哈尔滨地铁网那些逼停地铁的事故上海女子故意脚卡屏蔽门逼停地铁每日播报哈尔滨地铁网网页链接网页链接
2014-02-17 07:10,哈尔滨地铁网那些逼停地铁的事故南京抢上车男子被夹地铁站台屏蔽门每日播报哈尔滨地铁网网页链接网页链接
2014-02-17 07:05,哈尔滨地铁网北京地铁工地架起亲人专线传递建设者思乡情每日播报哈尔滨地铁网网页链接网页链接
2014-02-13 11:31,哈尔滨地铁网哈尔滨地铁发生利用地铁关门间隙抢手机的首起案例请朋友们乘坐地铁时注意人身和财产安全网页链接网页链接哈尔滨身边事哈尔滨身边事哈尔滨微吧哈尔滨微吧地铁族哈尔滨区地铁族哈尔滨区哈尔滨地铁发生利用地铁关门间隙抢手机的首起哈尔滨地铁发生利用地铁关门间隙抢手机的首起
2014-02-13 02:45,哈尔滨地铁网有时候眼见未必是事实
2014-02-12 06:06,哈尔滨地铁网成都地铁站建停车场绕城改造为快速路每日播报哈尔滨地铁网网页链接网页链接
2014-02-12 06:02,哈尔滨地铁网长沙地铁乘车卡票面设计敲定每日播报哈尔滨地铁网网页链接网页链接
2014-02-12 05:58,哈尔滨地铁网记者试乘长沙地铁宽敞明亮平稳安静每日播报哈尔滨地铁网网页链接网页链接
2014-02-12 05:54,哈尔滨地铁网北京地铁元起步元封顶不实每日播报哈尔滨地铁网网页链接网页链接
2014-02-10 06:08,哈尔滨地铁网上海地铁广播提醒禁食将逐步推广至所有列车每日播报哈尔滨地铁网网页链接网页链接
2014-02-10 06:04,哈尔滨地铁网南京地铁工地上的年味儿每日播报哈尔滨地铁网网页链接网页链接
2014-02-10 06:00,哈尔滨地铁网郑州女童好奇致地铁紧急停车每日播报哈尔滨地铁网网页链接网页链接
2014-02-10 05:54,哈尔滨地铁网长沙地铁号线月日试运营票价将通过市民听证会确定每日播报哈尔滨地铁网网页链接网页链接
2014-02-10 05:47,哈尔滨地铁网长沙地铁二号线春节期间试跑不停歇地铁司机不少是老口子每日播报哈尔滨地铁网网页链接网页链接
2014-02-10 05:41,哈尔滨地铁网北京地铁安全行车第一人廖明每日播报哈尔滨地铁网网页链接网页链接
2014-02-07 06:38,哈尔滨地铁网英国伦敦地铁大罢工大批民众出行受阻每日播报哈尔滨地铁网网页链接网页链接
2014-02-06 06:27,哈尔滨地铁网哈尔滨新春佳节到地铁人拜年每日播报哈尔滨地铁网
2014-02-06 06:21,哈尔滨地铁网北京市地铁运营公司值守每日播报哈尔滨地铁网
2014-02-05 07:26,哈尔滨地铁网分享图片哈尔滨地铁网地铁播报向春节期间坚守岗位保障地铁建设运行运营的同仁们致敬
2014-02-05 07:15,哈尔滨地铁网成都地铁建设者的忙碌新年每日播报哈尔滨地铁网网页链接网页链接
2014-02-05 07:11,哈尔滨地铁网石家庄地铁抢工期建设者工地过新年每日播报哈尔滨地铁网网页链接网页链接
2014-02-05 07:06,哈尔滨地铁网南京地铁司机杨文静一位后女孩的坚守每日播报哈尔滨地铁网网页链接网页链接
2014-02-05 07:01,哈尔滨地铁网哈尔滨开往新春的地铁每日播报哈尔滨地铁网网页链接网页链接
2014-02-05 06:55,哈尔滨地铁网北京地铁建设者们过节不回家每日播报哈尔滨地铁网网页链接网页链接
2014-02-05 06:52,哈尔滨地铁网武汉停不下的除夕夜开往春天的地铁每日播报哈尔滨地铁网网页链接网页链接
2014-02-05 06:46,哈尔滨地铁网天津地铁司机的除夕夜每日播报哈尔滨地铁网
2014-02-05 06:38,哈尔滨地铁网江西南昌地铁号线将延伸至昌北机场每日播报哈尔滨地铁网网页链接网页链接
2014-02-05 06:38,哈尔滨地铁网台湾捷运两车站入选全球最美地铁每日播报哈尔滨地铁网网页链接网页链接
2014-02-05 06:37,哈尔滨地铁网上海地铁站内抽烟不听劝殴打老人被拘留罚款每日播报哈尔滨地铁网网页链接网页链接
2014-02-04 20:02,可爱的小菇凉爱你爱你
2014-02-03 23:03,哈尔滨地铁网今年春节只能在地铁上过了记一位后哈尔滨地铁司机宣奇宣奇的春节假期网页链接网页链接
2014-02-03 09:55,转发微博
2014-02-03 09:55,转发微博
2014-02-03 09:55,哈尔滨地铁网哈尔滨地铁一号线在站内进行布置让乘客感受年味地铁视频哈尔滨地铁网网页链接网页链接
2014-02-03 09:55,哈尔滨地铁网新春走基层地铁里的轨道医生地铁视频哈尔滨地铁网网页链接网页链接
2014-02-01 01:27,#春节#,哈尔滨地铁报朝闻快线春节春节期间最可爱的人有个铁丝儿半夜饿了去楼下的麦当劳打算买点东西吃发现麦当劳的工作人员居然在吃不知道这事德克士怎么看呢肯德基肯德基麦当劳麦当劳德克士德克士
2014-01-31 20:30,辛苦了
2014-01-30 19:49,哈尔滨地铁网各位秀年夜饭的童鞋们你们知道当你们发照片的时候还有很多人在工作的第一线嘛还有很多人为全国人民市民的安全出行而工作在此对工作在一线的全国各地的地铁职工铁路职工致以崇高的敬意明明小小苏明明小小苏傻瓜先生傻瓜先生哈尔滨地铁报朝闻快线哈尔滨地铁报朝闻快线
2014-01-30 15:54,哈尔滨地铁网今晚除夕夜哈尔滨地铁末班车时间延后一小时时哈东哈南对发祝大家新年快乐
2014-01-27 09:25,哈尔滨地铁网南京过闸机致肠穿孔地铁赔老人万元每日播报哈尔滨地铁网网页链接网页链接
2014-01-27 09:20,哈尔滨地铁网广州年廿八至初二地铁延迟收车每日播报哈尔滨地铁网网页链接网页链接
2014-01-23 19:33,俺觉得朝闻君说的对爱你爱你哈尔滨地铁报朝闻快线哈尔滨地铁报朝闻快线朝闻君希望大家能够爱护地铁干净舒适的环境啊把废纸神马的扔在地铁君的身体里好不舒服啊任火火任火火哈尔滨地铁网哈尔滨地铁网没打马赛克就转发不太好吧看看哈尔滨地铁报朝闻快线哈尔滨地铁报朝闻快线怎么说馋嘴馋嘴萌奇奇北苑路大屯北萌奇奇北苑路大屯北哈尔滨地铁网哈尔滨地铁网
2014-01-23 16:53,没打马赛克就转发不太好吧看看哈尔滨地铁报朝闻快线哈尔滨地铁报朝闻快线怎么说馋嘴馋嘴萌奇奇北苑路大屯北萌奇奇北苑路大屯北哈尔滨地铁网哈尔滨地铁网
2014-01-22 05:43,哈尔滨地铁网南京地铁四号线车身图惊艳亮相每日播报哈尔滨地铁网网页链接网页链接
2014-01-21 05:40,哈尔滨地铁网郑州地铁加大检修力度保障春运每日播报哈尔滨地铁网网页链接网页链接
2014-01-20 06:18,哈尔滨地铁网北京晨报地铁票价拟按距离收费每日播报哈尔滨地铁网网页链接网页链接
2014-01-17 23:40,爱你爱你
2014-01-17 08:55,哈尔滨地铁网上海地铁号线现板凳族引争议每日播报哈尔滨地铁网网页链接网页链接
2014-01-06 06:50,哈尔滨地铁网郑州公交卡换卡时间推迟岁老人持身份证可乘地铁每日播报哈尔滨地铁网网页链接网页链接
2014-01-02 07:46,哈尔滨地铁网郑州地铁载着幸福飞驰每日播报哈尔滨地铁网网页链接网页链接
2014-01-02 07:41,哈尔滨地铁网福州地铁号线个车站主体封顶每日播报哈尔滨地铁网网页链接网页链接
2014-01-02 07:38,哈尔滨地铁网上海年最后一天地铁客流直逼万大关每日播报哈尔滨地铁网网页链接网页链接
2014-01-01 14:51,哈尔滨身边事哈尔滨身边事哈尔滨微吧哈尔滨微吧哈尔滨地铁报朝闻快线哈尔滨地铁报朝闻快线哈尔滨地铁网哈尔滨地铁网求扩散想去买鞋垫哈尔滨地铁报朝闻快线哈尔滨地铁报朝闻快线见到她买双鞋垫别讲价泪流满面走一起买鞋垫去
2014-01-01 14:46,工人们好辛苦呼吁周边商家可以请他们进屋喝杯热水暖和暖和新年快乐
2014-01-01 14:44,求美女求交往求深交求求电话求真心求火还在等什么呢赶快调戏哈尔滨地铁报朝闻快线哈尔滨地铁报朝闻快线美女小编吧
2014-01-01 08:09,哈尔滨地铁网哈尔滨地铁网恭祝新年快乐每日播报哈尔滨地铁网网页链接网页链接
2014-01-01 01:15,新年快乐希望哈地铁一切安好
2014-01-01 00:00,哈尔滨地铁网你好
2013-12-31 13:50,#大伙来转发，小编就爆照#,我还是蛮期待爆社长私照的偷笑偷笑小伙伴们难道你们不想见见萌小编长神马样吗
2013-12-31 06:30,哈尔滨地铁网沈阳地铁二号线今起向北延长三站每日播报哈尔滨地铁网网页链接网页链接
2013-12-31 06:25,哈尔滨地铁网长沙地铁试运行每日播报哈尔滨地铁网网页链接网页链接
2013-12-31 01:15,泪流满面败家赵败家赵哈尔滨地铁网哈尔滨地铁网不着急不着急该来的总是会来的上海轨道交通俱乐部上海轨道交通俱乐部年中国地铁城市排行榜
2013-12-30 09:06,哈尔滨地铁网哈尔滨地铁报朝闻快线哈尔滨地铁报朝闻快线今日试刊莫非他就是传说中营养快线的哥哥更多图片陆续上传中网页链接网页链接
2013-12-30 08:10,小伙伴们你们领到报纸和礼物没阿太懒没起床勤快的你赶快拍张照片我吧我吧
2013-12-30 06:39,哈尔滨地铁网上海地铁音乐角公益演出场每日播报哈尔滨地铁网网页链接网页链接
2013-12-30 06:39,哈尔滨地铁网苏州地铁号线昨起试运行高峰期行车间隔为分秒每日播报哈尔滨地铁网网页链接网页链接
2013-12-29 16:56,哈尔滨地铁网哈尔滨地铁家族扩容地铁号线一期年内投入使用网页链接网页链接
2013-12-29 16:08,领取报纸还有礼物赠送喔
2013-12-28 19:43,小伙伴们你们知道吗
2013-12-28 16:41,哈尔滨地铁网哈尔滨地铁网哈尔滨地铁网邀您关注郑州地铁开通网页链接网页链接
2013-12-27 16:30,哈尔滨地铁网网友爆料有乘客在地铁内随地丢弃糖果包装在此呼吁朋友们珍惜爱护公共环境卫生也欢迎大家登录哈尔滨地铁曝光台网页链接网页链接提交不文明现象哈尔滨地铁报朝闻快线哈尔滨地铁报朝闻快线哈尔滨身边事哈尔滨身边事
2013-12-26 07:09,哈尔滨地铁网郑州地铁号线本月日开通试运行网页链接网页链接网页链接网页链接
2013-12-25 17:14,哈尔滨地铁网世界地铁之旅地铁世界哈尔滨地铁网网页链接网页链接
2013-12-25 14:21,哈尔滨地铁网站务员对值班站长说小主站外漫漫的美景如画站厅一角那一个人好似玉梭穿越苍茫人海中的那一抹绿甚是叫人满心起疑若等他自荐是极好的若吾等上前问明了踌躇而不知是或不是岂不辜负了值班站长说人话站务员有暗访的值班站长
2013-12-25 10:58,您好行车时间大约分钟
2013-12-25 07:36,郑州地铁社区网郑州地铁社区网郑州地铁郑州地铁郑州地铁网郑州地铁网
2013-12-25 07:29,哈尔滨地铁网关注郑州地铁郑州地铁号线与号线二期工程建设启动网页链接网页链接郑州地铁一卡通发售首日市民购买热情高网页链接网页链接网页链接网页链接
2013-12-24 22:27,#哈尔滨地铁圣诞节活动#,哈尔滨地铁网哈尔滨地铁圣诞节活动哈尔滨地铁即将度过它第一个圣诞节在这洋溢着节日气氛的日子里黑大站员工除精心装饰车站外还准备了一份特别的礼物平安果送给幸运的乘客详情网页链接网页链接哈尔滨身边事哈尔滨身边事哈尔滨地铁报朝闻快线哈尔滨地铁报朝闻快线
2013-12-24 19:03,旭棠旭棠法师你过圣诞节佛祖知道么
2013-12-24 06:39,哈尔滨地铁网平安夜西安地铁将关闭钟楼等个站点网页链接网页链接网页链接网页链接
2013-12-24 06:38,哈尔滨地铁网沈阳地铁一二号线平安夜延时运营到凌晨一点网页链接网页链接网页链接网页链接
2013-12-23 10:51,哇知白小民知白小民努力赚钱买车的包冠努力赚钱买车的包冠哈尔滨地铁网哈尔滨地铁网真心啊心声啊
2013-12-23 06:41,哈尔滨地铁网郑州地铁无人驾驶司机成替补网页链接网页链接网页链接网页链接
2013-12-23 06:39,哈尔滨地铁网方便寻找易于定位地铁推广数字标识网页链接网页链接网页链接网页链接
2013-12-23 06:37,哈尔滨地铁网郑州地铁号线建设大事记网页链接网页链接网页链接网页链接
2013-12-23 06:35,哈尔滨地铁网郑州地铁进行时记者探站郑州火车站站网页链接网页链接网页链接网页链接
2013-12-23 06:34,哈尔滨地铁网郑州地铁进行时记者探秘地铁文化墙三黄河南路站钧妙天成网页链接网页链接网页链接网页链接
2013-12-23 06:32,哈尔滨地铁网北京日报北京地铁最复杂换乘点军博站启用网页链接网页链接网页链接网页链接
2013-12-23 06:30,哈尔滨地铁网地铁时代更快的出行更大的商机网页链接网页链接网页链接网页链接
2013-12-22 07:19,哈尔滨地铁网哈市地铁医大一院出站口电梯不能用只能爬楼梯网页链接网页链接
2013-12-20 06:35,哈尔滨地铁网记者探秘郑州地铁文化墙二新东站中州揽胜秀河网页链接网页链接网页链接网页链接
2013-12-20 06:32,哈尔滨地铁网长沙地铁票首露面绿色圆饼像硬币网页链接网页链接网页链接网页链接
2013-12-20 06:31,哈尔滨地铁网沈阳地铁二号线北延线今日市民试乘网页链接网页链接网页链接网页链接
2013-12-19 06:57,哈尔滨地铁网记者探秘郑州地铁墙一农业南路站五彩祈福网页链接网页链接网页链接网页链接
2013-12-19 06:56,哈尔滨地铁网沈阳地铁二号线北延线最快年底通车网页链接网页链接网页链接网页链接
2013-12-19 06:55,哈尔滨地铁网北京地铁票价差别化方案还在研究中网页链接网页链接网页链接网页链接
2013-12-19 06:54,哈尔滨地铁网北京地铁扶梯安黑匣子发生重大事故可罚万网页链接网页链接网页链接网页链接
2013-12-19 06:53,哈尔滨地铁网郑州地铁号线试乘体验方案今日公布网页链接网页链接网页链接网页链接
2013-12-19 06:52,哈尔滨地铁网首辆宁波制造地铁列车今天正式下线网页链接网页链接网页链接网页链接
2013-12-19 06:50,哈尔滨地铁网解决地铁拥挤不能一涨了之网页链接网页链接网页链接网页链接
2013-12-18 01:58,少年你的联想已经突破天际了
2013-12-17 23:37,哈尔滨地铁网女子和男友在地铁上吵架男你到底想怎样可不可以不要无理取闹女无理取闹是是是我无理取闹你作为一个男人说声对不起不行吗你跟我说声对不起不就完了吗男对不起女你以为说声对不起就完了吗偷笑偷笑
2013-12-16 06:16,哈尔滨地铁网青岛条地铁线路获国家批复网页链接网页链接网页链接网页链接
2013-12-16 06:15,哈尔滨地铁网福州地铁号线车型确定网页链接网页链接网页链接网页链接网页链接网页链接
2013-12-15 08:08,哈尔滨地铁网郑州地铁试运行三个月邀请市民试乘网页链接网页链接网页链接网页链接
2013-12-15 08:07,哈尔滨地铁网北京地铁元坐到底将终结网页链接网页链接网页链接网页链接
2013-12-15 08:04,哈尔滨地铁网关注郑州地铁建设地铁号线将直通航空港网页链接网页链接网页链接网页链接
2013-12-15 08:02,哈尔滨地铁网北京地铁盖挖逆作施工把对社会影响降到最低网页链接网页链接网页链接网页链接网页链接网页链接
2013-12-15 08:01,哈尔滨地铁网郑州地铁票务政策出台网页链接网页链接网页链接网页链接网页链接网页链接
2013-12-14 18:22,转发微博
2013-12-14 10:45,泪泪
2013-12-14 01:51,薛利莎薛利莎住
2013-12-13 07:15,哈尔滨地铁网圆梦郑州地铁一号线河南新闻联播李哲圆梦郑州地铁一号线河南新闻联播李哲圆梦郑州地铁一号线网页链接网页链接查看图片
2013-12-12 07:10,哈尔滨地铁网哈尔滨地铁客流突破千万人次大关黑龙江新闻联播哈尔滨地铁客流突破黑龙江新闻联播哈尔滨地铁客流突破网页链接网页链接查看图片
2013-12-12 07:09,哈尔滨地铁网北京市领导检查年底开通地铁准备情况市领导检查年底开通地铁准备情况北京新闻市领导检查年底开通地铁准备情况北京新闻网页链接网页链接查看图片
2013-12-12 07:04,哈尔滨地铁网导盲犬珍妮坐地铁被拒成都地铁公开道歉导盲犬珍妮坐地铁被拒成都地铁公开道歉导盲犬珍妮坐地铁被拒成都地铁公开道歉网页链接网页链接查看图片
2013-12-11 07:21,哈尔滨地铁网苏州地铁二号线启动万人试乘苏州地铁二号线启动万人试乘新闻苏州地铁二号线启动万人试乘新闻网页链接网页链接查看图片
2013-12-10 12:20,这里是哈尔滨地铁太平桥车辆段小田切龙同学小田切龙同学这地铁也挺还修出露天段了
2013-12-10 06:14,哈尔滨地铁网巴黎地铁幽默手册帮人讲文明英国福布斯网站巴黎地铁幽默手册帮人讲文英国福布斯网站巴黎地铁幽默手册帮人讲文网页链接网页链接查看图片
2013-12-09 23:52,好有爱的妹子微公益爱心
2013-12-09 10:51,哈尔滨地铁网今晨惊现圣诞老人莅临哈地铁浩哥
2013-12-09 06:35,哈尔滨地铁网郑州地铁一号线运营时刻表出炉最早时发车中原午报郑州地铁一号线运营时刻表出中原午报郑州地铁一号线运营时刻表出网页链接网页链接查看图片
2013-12-09 06:34,哈尔滨地铁网株洲南车株机签下深圳地铁亿大单株洲南车株机签下深圳地铁亿大单株洲南车株机签下深圳地铁亿大单网页链接网页链接查看图片
2013-12-07 06:17,哈尔滨地铁网北京地铁号线军博站月内开通实现与一号线换乘地铁号线军博站月内开通实现与一号线换乘地铁号线军博站月内开通实现与一号线换乘网页链接网页链接查看图片
2013-12-07 06:16,哈尔滨地铁网郑州地铁一号线综合应急救援演练举行河南新闻联播郑州地铁一号线综合应河南新闻联播郑州地铁一号线综合应网页链接网页链接查看图片
2013-12-07 06:13,哈尔滨地铁网长沙地铁大脑试运转巨无霸大屏堪比电影院地铁大脑试运转巨无霸大屏堪比电影院地铁大脑试运转巨无霸大屏堪比电影院网页链接网页链接查看图片
2013-12-06 06:26,哈尔滨地铁网男子爬上车厢地铁运营受影响男子爬上车厢地铁运营受影响午间新闻男子爬上车厢地铁运营受影响午间新闻网页链接网页链接查看图片
2013-12-06 06:25,哈尔滨地铁网青奥会前通车运营南京地铁机场线宝石绿列车试跑青奥会前通车运营南京地铁机场线宝石绿列青奥会前通车运营南京地铁机场线宝石绿列网页链接网页链接查看图片
2013-12-06 06:23,哈尔滨地铁网江西南昌地铁一号线开始铺轨江西南昌地铁一号线开始铺轨晨光新视界江西南昌地铁一号线开始铺轨晨光新视界网页链接网页链接查看图片
2013-12-06 00:06,哈尔滨地铁网这世上最高冷最飞扬跋扈不可一世的群体是即将交班的出租车司机们幸好我有地铁
2013-12-05 05:50,哈尔滨地铁网地铁禁食令其他城市如何做地铁禁食令其他城市如何做网罗天下地铁禁食令其他城市如何做网罗天下网页链接网页链接查看图片
2013-12-05 01:16,哈尔滨地铁网毅腾正式注册黑龙江年月日哈尔滨毅腾足球俱乐部正式向黑龙江省足协递交了注册申请并得到批复自毅腾落户哈尔滨以来俱乐部完成了从中乙到中甲再到中超的大跨越并于本赛季成功晋级下赛季中超联赛经俱乐部研究决定俱乐部将继续留在哈尔滨
2013-12-04 07:25,哈尔滨地铁网南京开往机场的地铁今天试跑开往机场的地铁今天试跑零距离开往机场的地铁今天试跑零距离网页链接网页链接查看图片
2013-12-03 14:26,哈尔滨地铁曝光台现已发布赶快下载哈尔滨地铁手机客户端网页链接网页链接拍下你身边不文明现象吧黑龙江大学微博协会黑龙江大学微博协会哈尔滨地铁网哈尔滨地铁网值得效仿
2013-12-03 06:51,哈尔滨地铁网站内湿滑摔伤地铁方应负责站内湿滑摔伤地铁方应负责法治集结号站内湿滑摔伤地铁方应负责法治集结号网页链接网页链接查看图片
2013-12-02 18:25,哈尔滨地铁网冰城地铁末班车恢复时发车出行谍报哈尔滨地铁网网页链接网页链接
2013-12-02 05:50,哈尔滨地铁网无锡地铁号线首列车顺利运抵无锡无锡地铁号线首列车顺利运抵无锡新无锡地铁号线首列车顺利运抵无锡新网页链接网页链接查看图片
2013-12-01 17:20,哈尔滨地铁网刚刚得到的消息从今天起年月日哈尔滨地铁号线末车时间改为点整首车时间不变仍为点整望大家相互转告以免错过乘车加入哈尔滨地铁网群及时获取信息
2013-11-30 07:03,哈尔滨地铁网沈阳地铁号线站点明年五一开工沈阳地铁号线站点明年五一开工第一时间沈阳地铁号线站点明年五一开工第一时间网页链接网页链接查看图片
2013-11-29 02:19,嘻嘻嘻嘻哈尔滨身边事哈尔滨身边事
2013-11-27 17:11,哈尔滨地铁网为了您和他人的安全未发生火险时非巡检人员请不要开启消防设施勿撕毁消防设施封签请巡检人员及时检查更换封签图片拍摄于医大二院地铁站的站台层哈尔滨身边事哈尔滨身边事哈尔滨微吧哈尔滨微吧
2013-11-27 10:36,吃惊吃惊甘雨波甘雨波人家这可是个站点快是咱的一倍了苏骝亮苏骝亮比哈尔滨地铁贵一元嘻嘻嘻嘻哈尔滨地铁网哈尔滨地铁网映象网映象网郑州地铁票价处于较低水平郑州地铁号线一期起步价元全程最高元与全国其他城市地铁票价水平相比处于较低水平详情网页链接网页链接你觉得贵么
2013-11-26 16:05,#微公益#,我是第位爱心传递者聆听无声有色由您支持需要您的帮助每一人转发捐助者马可中国马可中国就认捐元转发也是力量快加入微公益地址转发捐助聆听无声有色由您支持转发捐助聆听无声有色由您支持
2013-11-24 21:09,哈尔滨地铁网明起地铁延长分钟运营时间哈东站哈南站末班车对发时间由原来的时延长至时分网页链接网页链接
2013-11-21 15:01,维护公共卫生提升城市形象
2013-11-21 07:13,哈尔滨地铁网回顾暴雪锁城三昼夜地铁载客新高峰乘降全景哈尔滨地铁网网页链接网页链接
2013-11-20 18:10,哈尔滨地铁网万人次日哈尔滨地铁日载客创新高目录哈尔滨地铁网网页链接网页链接
2013-11-20 18:10,哈尔滨地铁网万人次日哈尔滨地铁日载客创新高目录哈尔滨地铁网网页链接网页链接
2013-11-20 10:28,与人方便就是于己方便文明礼让乘车塑造哈尔滨城市形象
2013-11-20 07:36,哈尔滨地铁网地铁发车间隔缩短昨天载客约万人次出行谍报哈尔滨地铁网网页链接网页链接
2013-11-20 07:31,哈尔滨地铁网地铁分钟一趟客流略减出行谍报哈尔滨地铁网网页链接网页链接
2013-11-20 07:29,哈尔滨地铁网日地铁运客万截至日时分地铁号线客流量为人与日同一时段客流相比减少约人目前全线运行正常王媛
2013-11-19 16:38,哈尔滨地铁网一上午地铁客流万高于平时万多今早时至时地铁号线客流量达人与昨日同一时段客流相比减少约人但远高于平时万多人次的客流目前全线运行正常王媛
2013-11-19 10:11,#让这个冬天不在寒冷#,辛苦致敬最东北最东北有爱很温暖努力赚钱组山地车的包冠努力赚钱组山地车的包冠东北网东北网新浪黑龙江新浪黑龙江烧烤学硕士烧烤学硕士全图解全图解央视新闻央视新闻哈尔滨地铁网哈尔滨地铁网网络新闻联播网络新闻联播安北安北冰城警察冰城警察平安哈尔滨平安哈尔滨城市之间义工联盟网城市之间义工联盟网最东北最东北
2013-11-19 06:23,哈尔滨地铁网日时哈尔滨暴雪致地铁单日载客超万人次哈尔滨暴雪已持续超过小时截至目前中国首条高寒地铁哈尔滨地铁一号线日载客量超过万人次日哈尔滨地铁一号线相继加开了两辆列车以缓解哈尔滨交通压力
2013-11-19 01:40,哈尔滨地铁网向为保障行车安全默默奉献的朋友们致敬图为哈尔滨地铁太平桥车辆段员工正在清理轨道积雪威武威武给力给力赞赞围脖围脖温暖帽子手套咖啡
2013-11-18 20:58,人美心更美村官韩洪柏村官韩洪柏暖人心哈尔滨地铁网哈尔滨地铁网心心哈尔滨微吧哈尔滨微吧一杯热栆水一份温暖情大雪无情人有情心心
2013-11-18 20:58,冰城之美
2013-11-18 19:11,哈尔滨地铁网哈尔滨地铁首次加开备用车截至时哈尔滨地铁号线客流量万人次创下日客流量新高目前地铁已经在上午和下午各加一列车距今日末车还有个小时
2013-11-18 17:22,哈尔滨地铁网地铁晚高峰目前地铁号线运行正常地铁已进入高峰时段在此提示乘客上车时请往车厢中部走不要停留在车门口处以免造成拥堵
2013-11-18 12:56,得意地笑苏骝亮苏骝亮是的是的作用发挥了呵呵傻瓜先生傻瓜先生明明小小苏明明小小苏哈尔滨地铁网哈尔滨地铁网侯宪利侯宪利作用显现啦赞赞
2013-11-17 18:20,哈尔滨地铁网简讯冰城降暴雪地铁稳中行出行谍报哈尔滨地铁网网页链接网页链接
2013-11-17 09:35,哈尔滨新闻网今冬撒融雪剂技术人员随车监督今冬融雪剂的管理采取了统一采购储备配发等方式严格控制融雪剂的使用市清冰雪办组成了一支余人的监督小队其中每名成员均为清冰雪的技术人员各区撒布融雪剂时技术人员将随车监督并予以科学指导保证撒布后的质量
2013-11-17 07:57,哈尔滨地铁网雪天路况实时更新城市资讯哈尔滨地铁网网页链接网页链接
2013-11-15 11:27,哈尔滨地铁网哈尔滨地铁一号线最后一辆车最后一节地铁族哈尔滨区地铁族哈尔滨区
2013-11-14 22:54,哈尔滨地铁将所有敞开式出站口外都加盖的临时活动板房
2013-11-14 14:56,哈尔滨地铁网每次在地铁站听到广播说请勿携带超长物品进站乘车就很害怕被赶出来黑线黑线
2013-11-14 13:45,#地铁车站欣赏#,地铁车站欣赏属鼠的喵属鼠的喵漂亮霸气呀哈尔滨地铁网哈尔滨地铁网
2013-11-14 12:01,带小孩的朋友在乘坐地铁时注意安全啊应该给孩子眼睛打上马赛克压力水冰云飞水冰云飞转发微博
2013-11-14 08:59,有照顾不周的地方请你谅解依旧四脚依旧四脚麻痹艾特你你得回啊哈尔滨地铁网哈尔滨地铁网看到这条消息我很气愤欢迎大家把地铁不文明的行为和遭遇不和谐的事给我并发布到网站上予以曝光大家行动起来文明地铁从你我做起哈尔滨身边事哈尔滨身边事微博黑龙江微博黑龙江
2013-11-14 01:33,看到这条消息我很气氛欢迎大家把地铁不文明的行为和遭遇不和谐的事给我并发布到网站上予以曝光大家行动起来文明地铁从你我做起
2013-11-11 18:01,虽然车门上方有开启车门方向的指示灯但也请各位亲不要倚靠屏蔽门哦叫我黄小土叫我黄小土哈尔滨地铁网哈尔滨地铁网
2013-11-11 17:59,嘿嘿希望这种健身的方式可以在中国推广笑哈哈笑哈哈朋友们你在微博里生活中发现新奇好玩的东西也欢迎我在这里先谢过大家了半吊子的老王半吊子的老王哈尔滨地铁网哈尔滨地铁网
2013-11-08 06:42,哈尔滨地铁网分享图片地铁播报播报天下地铁事传递核心正能量网页链接网页链接
2013-11-07 15:36,好冷啊今日哈尔滨开始降温希望朋友们都注意保暖
2013-11-07 11:18,哈尔滨地铁客室和车站内都有禁止饮食的标识相关图片网页链接网页链接希望哈地铁同仁以身作则树立哈尔滨地铁服务良好形象也欢迎市民监督加仁饭饭加仁饭饭我一直很好奇地铁哪写了不让吃东西了一大早上起来在地铁上吃个早餐还得怕别人拍下来发微博上被骂各种没素质
2013-11-07 10:24,热切期待中
2013-11-03 07:48,哈尔滨地铁网周末乘坐地铁体验城市速度乘降全景哈尔滨地铁网网页链接网页链接网页链接网页链接
2013-11-03 07:48,哈尔滨地铁网周末乘坐地铁体验城市速度乘降全景哈尔滨地铁网网页链接网页链接
2013-11-02 13:14,#镜头里的生活#,地铁一号线目前有六座地铁车站自助售票机可为城市通卡充值分别是哈东站站交通学院站工程大学站西大桥站理工大学站和哈达站
2013-11-02 13:07,哈尔滨地铁网叫你别倚靠车门就是不听结果乘坐地铁时不要倚靠车门否则像下面这位童鞋一样那就悲具了
2013-11-01 15:18,#周末天气提示#,外出时要注意带上口罩或围巾等防护用品由于明天有降雨天气外出时要注意随身携带雨具
2013-11-01 15:17,哈尔滨地铁网温馨提示用手机听音乐的童鞋要当心啦现在不少盗窃团伙专盯耳机族这伙扒手眼睛只盯用手机听音乐的人仅凭耳机线就能判断出手机高档与否经常在地铁和闹市下手因为人们在这个时候容易放松警惕所以童鞋们一定要将手机放到安全的地方比如有拉链的口袋或者包包的内层京港地铁京港地铁
2013-11-01 05:22,哈尔滨地铁网每日地铁播报杭州地铁号线再次延迟末班车网页链接网页链接武汉女子抱孩子在地铁内吃薯片被罚元网页链接网页链接网页链接网页链接
2013-10-28 15:37,哈尔滨地铁网哈尔滨地铁龙江新风采哈尔滨的新速度地铁网视哈尔滨地铁网网页链接网页链接
2013-10-28 15:37,哈尔滨地铁网地铁满月累计运送万人次地铁网视哈尔滨地铁网网页链接网页链接
2013-10-28 14:57,哈尔滨地铁网地铁安全上下车注意脚下因列车行驶时车身会左右小幅摆动站台与列车间必须留出一定的空隙确保安全通行为尽可能防止踏空站台边缘加装橡胶条以缩小缝隙但仍需留出安全空隙因此无法做到完全无缝尤其是在曲线站台空隙更大提示上下列车请切切留心脚下安全跨前一步保安全
2013-10-28 06:09,哈尔滨地铁网每日地铁播报南京地铁站里的残破自行车亟待清理网页链接网页链接北京地铁号线下穿施工创国内纪录网页链接网页链接网页链接网页链接
2013-10-27 05:55,哈尔滨地铁网每日地铁播报长春地铁号线繁荣路站主体结构已完成网页链接网页链接沈阳公交地铁刷手机年轻人率先尝鲜网页链接网页链接网页链接网页链接
2013-10-26 05:43,哈尔滨地铁网每日地铁播报武汉地铁开放日市民与地铁亲密接触网页链接网页链接沈阳今起刷手机就能乘坐公交和地铁网页链接网页链接网页链接网页链接
2013-10-25 21:56,高端大气上档次
2013-10-25 15:35,哈尔滨地铁网错误标牌将以最快速度改正地铁资讯哈尔滨地铁网网页链接网页链接
2013-10-25 15:22,哈尔滨地铁网记者探访地铁车辆夜生活地铁资讯哈尔滨地铁网网页链接网页链接
2013-10-25 15:22,哈尔滨地铁网黑龙江工程学院学生反映一地铁站名不对地铁资讯哈尔滨地铁网网页链接网页链接
2013-10-24 10:14,哈尔滨地铁网名优秀环卫工免费乘地铁地铁资讯哈尔滨地铁网网页链接网页链接
2013-10-24 10:13,哈尔滨地铁网哈尔滨地铁加强城建管理聚人气促发展地铁网视哈尔滨地铁网网页链接网页链接
2013-10-24 10:12,哈尔滨地铁网哈尔滨地铁找零吐出卢布地铁网视哈尔滨地铁网网页链接网页链接
2013-10-24 10:12,哈尔滨地铁网哈尔滨地铁不公示充值站点市民吐槽服务缺少人性化地铁网视哈尔滨地铁网网页链接网页链接
2013-10-23 06:03,哈尔滨地铁网每日地铁播报江西南昌一医院大楼被爆破拆除为地铁让路网页链接网页链接北京地铁新规月实施异常情况信息发布时间缩短网页链接网页链接网页链接网页链接
2013-10-22 19:27,哈尔滨地铁网哈尔滨大雾市民纷纷选择乘坐地铁出行地铁网视哈尔滨地铁网网页链接网页链接
2013-10-22 19:27,哈尔滨地铁网哈尔滨地铁早高峰进站人次多一倍地铁网视哈尔滨地铁网网页链接网页链接
2013-10-22 19:26,哈尔滨地铁网哈尔滨被雾霾攻陷公交难等地铁优势凸显地铁网视哈尔滨地铁网网页链接网页链接
2013-10-22 06:12,哈尔滨地铁网每日地铁播报上海二号线早高峰乘客被卡事故乘客腿部被卡地铁缝隙影响二号线半小时网页链接网页链接申通回应今晨地铁事故网页链接网页链接网页链接网页链接
2013-10-21 18:48,哈尔滨地铁网冰城地铁自动售票机找零吐出卢布地铁资讯哈尔滨地铁网网页链接网页链接
2013-10-21 18:38,哈尔滨地铁网哈尔滨地铁今天中午全线晚点持续一小时现恢复运营地铁资讯哈尔滨地铁网网页链接网页链接
2013-10-21 13:23,#哈尔滨大雾#,可爱
2013-10-21 13:22,哈尔滨地铁网我参与了台湾自由行台湾自由行发起的投票台湾自由行应该开放哪些城市我投给了哈尔滨这个选项你也快来表态吧网页链接网页链接
2013-10-21 12:06,哈尔滨地铁网地铁号线客流翻倍如客流持续增加或增加车辆地铁资讯哈尔滨地铁网网页链接网页链接
2013-10-21 06:52,哈尔滨地铁网每日地铁播报精彩解说地铁上的拳击赛网页链接网页链接上海地铁号线一元借阅还书七成网页链接网页链接网页链接网页链接
2013-10-20 17:39,哈尔滨地铁网哈尔滨地铁一号线个站点介绍及周边商服住宅详情网页链接网页链接欢迎大家跟帖补充
2013-10-20 15:06,哈尔滨地铁网地铁末班车开往幸福浪漫与温暖的终点扈俊宇岁火车司机扈俊宇说我在末班地铁上总是小睡一下我当火车司机已经年了常常一个月只能在家待天地铁不仅仅是城市重要的交通工具更是一个个故事的相遇和开网页链接网页链接
2013-10-20 05:57,哈尔滨地铁网每日地铁播报上海地铁肉搏战仅一人挺身劝阻午间新闻上海地铁肉搏战仅一人挺身劝阻午间新闻上海地铁肉搏战仅一人挺身劝阻网页链接网页链接查看图片
2013-10-19 07:58,哈尔滨地铁网哈市拟建条公交优先走廊新晚报讯记者从哈尔滨高寒城市智能公交系统建设项目世界银行评估总结会上获悉哈市拟在友谊路红旗大街新阳路及条街路延长线部分路段建设条公交优先走廊并将在部分主要交通节点设立公交信号灯预计网页链接网页链接
2013-10-19 06:05,哈尔滨地铁网每日地铁播报南京地铁票价听证会听证代表建议号号方案取长补短网页链接网页链接昆山跨省市地铁花桥站公交配套不足大批乘客滞留网页链接网页链接网页链接网页链接
2013-10-17 17:12,哈尔滨地铁网坐地铁丢包监控帮找回地铁资讯哈尔滨地铁网网页链接网页链接
2013-10-17 17:11,哈尔滨地铁网地铁迈入跨省时代中共十八大以来神州大地改革开放进入新阶段旨在加快结构调整的中国经济开始升级版以转变政府职能为核心的行政管理体制改革提速中国百姓开始分享前所未有的改革红利本报从今天起开设改革发展新看点专网页链接网页链接
2013-10-17 05:56,哈尔滨地铁网每日地铁播报首条跨省地铁从江苏到上海看高铁地铁如何龟兔赛跑网页链接网页链接伦敦市长体验北京地铁感叹干净但人多网页链接网页链接网页链接网页链接
2013-10-16 16:57,哈尔滨地铁网中国首条跨省地铁今开通江苏昆山到上海票价元快报讯记者毛丽萍今天上午我国首条跨省地铁线开通试运行从江苏昆山搭乘地铁到上海市区将成为现实目前江苏已有南京和苏州开通了地铁从今天上午点半开始昆山也将迈入地铁网页链接网页链接
2013-10-16 10:41,哈尔滨地铁网哈市将步入供暖期如果屋里冷可以拨打这些电话哈市供热办道里供热办道外供热办南岗供热办香坊供热办松北区供热办平房供热办呼兰供热办利民供热办阿城供热办黑龙江信息港
2013-10-15 09:40,#放不下的思念#,围观围观威武威武飘红飘红回复新浪龙江旅游新浪龙江旅游船舶院里新浪龙江旅游新浪龙江旅游飘红姐是哪里啊
2013-10-15 08:46,哈尔滨地铁网地铁沿线房产租售涨声一片地铁资讯哈尔滨地铁网网页链接网页链接
2013-10-15 06:51,哈尔滨地铁网哈尔滨百姓提出新建地铁存在的不方便之处地铁网视哈尔滨地铁网网页链接网页链接
2013-10-15 00:53,哈尔滨地铁网在车上我旁边坐了一个帅哥的个子黑色的衬衫银色的手表细长白嫩的手指短短的黑发总之真的很帅啦属于一看就想侵犯的那种看的我都把持不住了如果不是他突然打开车窗飞出一口痰并且又被风吹回来黏在车窗上的话亲们不恰当的言行或许会错过一段美好艳遇哦文明出行从我做起哈尔滨身边事哈尔滨身边事
2013-10-14 19:16,哈尔滨地铁网地铁高科技安保六大利器地铁资讯哈尔滨地铁网网页链接网页链接
2013-10-14 19:16,哈尔滨地铁网冰城地铁商圈初显小镇效应地铁资讯哈尔滨地铁网网页链接网页链接
2013-10-14 06:30,哈尔滨地铁网每日地铁播报每日播报哈尔滨地铁网网页链接网页链接
2013-10-13 06:28,哈尔滨地铁网郑州地铁号线第一阶段试运行结束上海地铁号线花桥段本月通车今后有望对接苏州轨交网多点多极支撑竞相追赶发展成都地铁号线东延线桥通地铁施工南湖将现无水天坑每日地铁播报每日播报哈尔滨地铁网网页链接网页链接
2013-10-11 07:53,哈尔滨地铁网冰城现公里地铁出行圈地铁资讯哈尔滨地铁网网页链接网页链接
2013-10-11 06:09,哈尔滨地铁网快捷北京地铁号线明年开建深圳地铁龙华线又出故障数千人上班受影响倒带搜搜看地铁不文明小学生车厢内玩单杠南京交通局长亲身体验挤地铁昆明地铁首期工程北段全线轨道贯通每日地铁播报每日播报哈尔滨地铁网网页链接网页链接
2013-10-10 13:18,哈尔滨地铁网生活必备小常识
2013-10-10 06:28,哈尔滨地铁网每日地铁播报每日播报哈尔滨地铁网网页链接网页链接
2013-10-09 18:32,哈尔滨地铁网今晚谁陪你看流星雨世纪最大流星雨今晚点来袭准备许愿吧许愿天龙座流星雨今晚将大爆发头顶的苍穹将变成一块星空屏幕每小时将过百颗的流星拖着绚丽的尾巴划过天际这也将是进入世纪以来地球上能看到的最大规模的一次哈尔滨的小伙伴们你们都准备好了吗网页链接网页链接
2013-10-09 17:22,馋嘴馋嘴
2013-10-09 11:25,哈尔滨地铁网地铁让生活更美好地铁网视哈尔滨地铁网网页链接网页链接
2013-10-09 11:24,哈尔滨地铁网哈市一男子女友被抢伙同朋友砸碎地铁门泄气地铁网视哈尔滨地铁网网页链接网页链接
2013-10-09 11:24,哈尔滨地铁网哈尔滨特殊人群地铁优惠政策今天实施地铁网视哈尔滨地铁网网页链接网页链接
2013-10-09 11:24,哈尔滨地铁网冰城地下地上交通双快初显节后首日早高峰地铁厢厢爆满沿线公交松快了地铁资讯哈尔滨地铁网网页链接网页链接
2013-10-09 11:23,哈尔滨地铁网残疾人朋友体验地铁一号线无障碍出行更方便地铁资讯哈尔滨地铁网网页链接网页链接
2013-10-09 11:23,哈尔滨地铁网乘地铁上班能多睡半小时懒觉地铁资讯哈尔滨地铁网网页链接网页链接
2013-10-09 11:23,哈尔滨地铁网网友争晒地铁照内容由秀特色逐渐变成晒不文明拜托请爱护家乡地铁地铁资讯哈尔滨地铁网网页链接网页链接
2013-10-09 11:22,哈尔滨地铁网地铁拽走乘客路调整运力日起开通区间车冬运前开通大站快车地铁资讯哈尔滨地铁网网页链接网页链接
2013-10-09 11:21,转发微博
2013-10-08 18:43,哈尔滨地铁网地铁很美磨合待续地铁资讯哈尔滨地铁网网页链接网页链接
2013-10-07 02:47,#末班车#,再有十来分钟哈尔滨地铁辛苦的司机们就要起床开始每日的工作了
2013-10-06 06:27,哈尔滨地铁网北京地铁号线大妈为抢座连打带骂哈尔滨警方小时破获地铁出入口玻璃损坏案北京地铁南中轴本月中旬开工蹲点杭州地铁五出站口冲黄线乱塞卡英国小伙自编地铁歌分钟唱出个地名每日地铁播报每日播报哈尔滨地铁网网页链接网页链接
2013-10-05 20:44,拍的很漂亮
2013-10-05 14:52,哈尔滨地铁网哈尔滨警方小时破获地铁出入口玻璃损坏案哈尔滨电视台社评地铁开来了文明别溜走地铁网视哈尔滨地铁网网页链接网页链接
2013-10-04 14:27,哈尔滨地铁一号线运营时间冬季网页链接网页链接
2013-10-04 01:59,如果哈尔滨地铁也有地上线那将是别样的感觉
2013-10-04 01:10,首先感谢您对哈尔滨地铁的关心哈尔滨地铁禁止在车站内车厢内饮食并在显著区域贴有禁止标识详细描述网页链接网页链接
2013-10-03 06:36,哈尔滨地铁网哈尔滨地铁大事记文化馆哈尔滨地铁网网页链接网页链接
2013-10-03 06:24,哈尔滨地铁网长假蹲点杭州地铁一人满为患客流超平时三倍每日地铁播报每日播报哈尔滨地铁网网页链接网页链接
2013-10-02 19:09,嗯嗯冬暖夏冷冷冷冷冷冷
2013-10-02 19:09,#吃客-随拍#,希望大家还是尽量往中间走不要拥堵在楼梯处
2013-10-02 19:06,美女哦铁路局站更多图片网页链接网页链接
2013-10-02 05:49,哈尔滨地铁网每日地铁播报每日播报哈尔滨地铁网青岛地铁首列列车下线亮相三项技术国内领先冰城地铁五年圆梦地铁票价方案引吐槽南京市物价部门听证方案有可能再调整林彬我们守护地铁安全网页链接网页链接
2013-10-01 06:09,哈尔滨地铁网每日地铁播报每日播报哈尔滨地铁网网页链接网页链接
2013-09-29 12:33,#济铁微提示#,在打印车票钱请亲们仔细确认屏幕上显示的乘车区间车次乘车日期以及乘车人姓名无误后再按确认键打印车票车票打印后只可在窗口办理一次改签和退票手续人民铁道网人民铁道网买票注意事项
2013-09-29 12:28,#in地铁#,这个好客流大时可以灵活控制出站流量地铁工作人员负责车票的回收和公交卡的刷卡工作
2013-09-29 10:56,哈尔滨地铁网过闸机时很多人将票卡贴放在刷卡处有时票卡带静电造成乘客通过闸机但票卡未拿下来的情况无形中引发乘客滞留其实地铁车票是非接触感应车票票卡不需要贴放在刷卡处只需轻轻在上方一刷即可带小孩出行的旅客请您抱起小孩通过闸机带大件行李的乘客请走宽体闸机
2013-09-29 08:30,哈尔滨地铁网日哈尔滨地铁号线迎周末的大客流全天运载乘客万人次乘车畅谈哈尔滨地铁网网页链接网页链接
2013-09-29 08:05,佳淇诺辉佳淇诺辉哈尔滨零距离哈尔滨零距离哈尔滨地铁网哈尔滨地铁网哈尔滨地铁论坛哈尔滨地铁论坛新浪黑龙江新浪黑龙江
2013-09-29 07:20,哈尔滨地铁网自助购票通过闸机两个易堵点这样能更快乘车畅谈哈尔滨地铁网网页链接网页链接
2013-09-29 06:45,哈尔滨地铁网畅通与安全的艺术表达设计者李璞解读哈尔滨地铁标识寓意文化馆哈尔滨地铁网网页链接网页链接
2013-09-29 06:23,哈尔滨地铁网每日地铁播报每日播报哈尔滨地铁网网页链接网页链接
2013-09-28 21:14,哈尔滨地铁网地铁一号线通车三天平稳运营地铁网视哈尔滨地铁网网页链接网页链接
2013-09-28 21:14,哈尔滨地铁网哈尔滨交通提档文明出行需升级地铁网视哈尔滨地铁网网页链接网页链接
2013-09-28 17:00,转发微博
2013-09-28 16:59,#文文明明 与你牵手#,转发微博
2013-09-28 16:59,大笨熊啊熊啊熊大笨熊啊熊啊熊哈尔滨指南哈尔滨指南给力给力
2013-09-28 13:20,哈尔滨地铁网为了在年底前完成试通车计划保证地铁试通车及正式运营后安全正点行驶今日哈尔滨地铁集团运营分公司举行了假想地铁信号故障时的电话闭塞行车法演练据哈尔滨冰城地铁演练假想地铁信号系统出故障咋办新闻中心搜狐焦点网网页链接网页链接
2013-09-28 13:17,#国庆铁路双语提示#,人民铁道网人民铁道网不大圆满不大圆满法拉利之神法拉利之神丰台货运中心丰台货运中心国庆铁路双语提示来啦
2013-09-28 13:14,哈尔滨地铁网排队购票刷票进站投票出站车票回收循环利用文明地铁你我共同努力
2013-09-28 13:05,哈尔滨地铁网当您乘坐地铁列车时在非紧急情况下请不要擅自触动此装置擅自触动将被追究法律责任触动此装置将导致列车触发紧急制动
2013-09-28 13:03,#市民开放日#,哈尔滨地铁车辆也有此功能广州地铁广州地铁遇紧急情况需要疏散时应手扶疏散平台两边的安全绳快步下行你找到茬了吗围观围观童鞋们记住咯
2013-09-28 10:51,刷卡进站刷卡出站自动扣费快捷方便
2013-09-28 10:50,转发微博
2013-09-28 10:49,转发微博
2013-09-28 10:49,#乘车常识#,转发微博
2013-09-28 10:49,转发微博
2013-09-28 10:49,转发微博
2013-09-28 10:30,#乘车常识#,转发微博
2013-09-28 10:28,转发微博
2013-09-28 10:28,转发微博
2013-09-28 08:38,转发微博
2013-09-28 08:17,转发微博
2013-09-28 08:17,请广大乘客文明乘车请勿在车厢内跑跳进食便溺共同抵制卖艺乞讨行为文明地铁你我共同努力呵呵
2013-09-28 08:14,转发微博
2013-09-27 23:55,看成一张五块和一张三块了晕晕童鞋们早点歇息吧明天是个特别的日子北京地铁号线的生日也是的生日还有五分钟求祝福爱你爱你
2013-09-27 20:59,哈尔滨地铁网地铁报站声音是他录制的日中秋节的上午李曦子是在录音棚里为地铁报站名度过的岁的李曦子毕业于哈三中现在是中国传媒大学英语播音主持专业的大二学生地铁车厢内广播里传出的中英文全程报站及服务信息就出自李曦子之口
2013-09-27 14:47,转发微博
2013-09-27 12:46,哈尔滨地铁网小编提示如果您乘坐地铁时需要报销凭证您可以在车站售票处购买时索取在自动售票机购买单程票卡后乘客须当日凭购买凭证到车站售票处索取
2013-09-27 12:43,转发微博
2013-09-27 11:42,哈尔滨地铁网哈尔滨地铁一号线冬季运营时间首末车在各站停靠时间地址网页链接网页链接
2013-09-27 11:21,#D字号#,哈尔滨地铁一号线列车的车门属于内藏们
2013-09-27 11:20,转发微博
2013-09-27 11:14,祝沈阳地铁一号线周岁生日快乐沈阳地铁运营沈阳地铁运营幼儿园大班本科研习中挤眼挤眼
2013-09-27 10:49,先下后上注意站台间隙勿倚靠屏蔽门车门即将关闭时请勿强行上车文明地铁你我共同努力玄铁左臂玄铁左臂哈尔滨地铁网哈尔滨地铁网好有心的总结
2013-09-27 10:43,刷卡进站刷卡出站自动扣费快捷方便建议大家多采取刷城市通卡乘坐地铁列车老道外中华巴洛克老道外中华巴洛克冰城地铁试运营首日载客万人次
2013-09-27 10:42,#太铁微看点#,谢谢太原铁路太原铁路发来贺电呵呵
2013-09-27 10:42,我们希望看到这种现象大家更多采取坐地铁的方式出行地面的交通压力就会得到极大的缓解同时也为节能减排做出了贡献哈尔滨指南哈尔滨指南笑哈哈笑哈哈知白小民知白小民转发微博
2013-09-27 10:40,哈尔滨地铁网欢迎加入我们共同探讨哈尔滨地铁和地铁文化哈尔滨地铁网论坛地址
2013-09-27 10:34,口口喵喵口口喵喵国王国王哈尔滨地铁网哈尔滨地铁网爱你爱你
2013-09-27 10:34,转发微博
2013-09-27 08:28,哈尔滨地铁网冰城地铁幸福起航每日地铁播报每日播报哈尔滨地铁网网页链接网页链接
2013-09-27 08:26,哈尔滨地铁网网页链接网页链接
2013-09-26 19:21,哈尔滨地铁可以刷公交卡或购买单程票纪念票进站乘车
2013-09-26 16:40,从日起执行秋冬季运行时间表即早班首车时末班车时客流高峰时段为时至时时至时根据行车计划博物馆站跃站不停车全程共停靠车站站单程行车时间为分秒每站站停时间为秒行车间隔为分秒
2013-09-26 16:10,爱你爱你
2013-09-26 16:08,#直播哈尔滨地铁今日开通#,这个我只能说大家辛苦了安妮球球安妮球球据说有人早上四点就去了真是感动天和地
2013-09-26 16:07,#直播哈尔滨地铁今日开通#,吃惊吃惊话说老夫也见到他了不认识染香不认识染香好一个红发骚年
2013-09-26 16:00,#直播哈尔滨地铁今日开通#,晕晕三两风吹啊吹三两风吹啊吹动次大次动次大次嘿嘿哈尔滨的地铁是我的爱第一次坐上地铁我真开怀不堵车的前进是最呀最摇摆
2013-09-26 13:01,#直播哈尔滨地铁今日开通#,爱你爱你
2013-09-26 12:48,欢迎好朋友们的热情来访感谢你们带来的关心留下的建议哈尔滨地铁因你会做的更好代表哈尔滨地铁网哈尔滨地铁网欢迎方舟到来同时也期盼更多朋友来哈参观游玩
2013-09-26 12:34,文明乘车从我做起飞天小女警飞天小女警文明乘车从自身做起请大家转发乘坐电梯时自觉靠右侧站立左侧留给急行的人郎崽友乾仁郎崽友乾仁哈尔滨地铁网哈尔滨地铁网黑龙江晨报黑龙江晨报
2013-09-26 12:15,爱你爱你南京人大南京人大回复郎崽友乾仁郎崽友乾仁赞赞给力给力郎崽友乾仁郎崽友乾仁冰城人民向地铁献礼黑龙江晨报黑龙江晨报哈尔滨地铁网哈尔滨地铁网
2013-09-26 11:26,回复秦静晨秦静晨秦静晨秦静晨祝贺黑车们又要活跃了会有很多人在地铁站门口等活儿火车站去吗地铁清风地铁清风俄似好男人俄似好男人野田树野田树
2013-09-26 09:09,从日起执行秋冬季运行时间表即早班首车时末班车时客流高峰时段为时至时时至时根据行车计划博物馆站跃站不停车全程共停靠车站站单程行车时间为分秒每站站停时间为秒行车间隔为分秒微博黑龙江
2013-09-26 01:37,哈尔滨地铁网友情提示哈尔滨地铁号线将于今天上午时分开始正式售票并对公众开放除博物馆站外其余座车站均可进站乘车以下是关于地铁车站介绍及公交换乘信息网页链接网页链接感谢您对哈尔滨地铁的支持
2013-09-25 08:20,转发微博
2013-09-25 08:19,转发微博
2013-09-25 08:16,哈尔滨地铁网网页链接网页链接哈尔滨地铁官方网站
2013-09-24 16:35,#地下铁百科#,转发微博
2013-09-24 16:27,哈尔滨地铁网月日上午时分哈尔滨地铁我们不见不散现在就加入哈尔滨地铁网群和广大市民分享你与地铁的事共同等待地铁的开通吧
2013-09-24 16:00,回复阳光雨夏阳光雨夏向公众开放阳光雨夏阳光雨夏我想问试运营是什么人都能坐吗
2013-09-23 18:06,哈尔滨地铁网幸福地铁即将起航月日上午到哈尔滨电视台新闻综合频道推出哈尔滨地铁一号线载客试运营大型新闻直播节目两小时全景式直播记录地铁开通过程追溯地铁建设历程提供乘坐服务信息展现幸福地铁生活敬请关注
2013-09-23 10:12,预祝大会圆满成功带着微博去旅行带着微博去旅行给力给力围观围观奥特曼奥特曼猪头猪头雪人落叶
2013-09-23 10:03,日不见不散回望如昔回望如昔激动
2013-09-23 10:03,呵呵远方天空远方天空哈尔滨地铁开通后希望市民能够爱护我们的地铁环境哈尔滨地铁网哈尔滨地铁网文明从教育开始从你我做起小胖儿小胖儿希望哈尔滨地铁网哈尔滨地铁网在运行之初始就保持一种良好的风气保持车内干净与卫生每个人都做主人爱护地铁环境
2013-09-23 09:53,转发微博
2013-09-23 00:24,晚安武直直特幺洞次武直直特幺洞次我为天兔加油勃列日涅夫的眉毛眉毛勃列日涅夫的眉毛眉毛天兔加油子上权倾谋朝子上权倾谋朝我在广州我为天兔加油瑗子高冷地说瑗子高冷地说我在广州我为天兔加油蜡烛蜡烛
2013-09-22 21:44,哈尔滨地铁网还有个多个小时哈尔滨第一条地铁就要开通试运营啦亲们激动吗为此哈尔滨地铁网发布两款手机客户端供大家使用地址网页链接网页链接
2013-09-22 18:45,文明从教育开始从你我做起小胖儿小胖儿希望哈尔滨地铁网哈尔滨地铁网在运行之初始就保持一种良好的风气保持车内干净与卫生每个人都做主人爱护地铁环境
2013-09-22 14:47,回复僧小贤僧小贤长春正在建设中的地铁号线均为高寒地铁僧小贤僧小贤我就好奇了全国还哪能有高寒地铁
2013-09-22 10:24,回复余双余双单程票需要进站通过售票窗口或自动售票机购买余双余双请问地铁是买票还是刷卡黑大附近在哪买哈尔滨地铁网哈尔滨地铁网吃惊吃惊李奕潼李奕潼别闹我还没准备好
2013-09-22 09:52,#轨交出行#,利人利己冬宝贝儿冬宝贝儿哈尔滨地铁网哈尔滨地铁网望转发虽然只是尽量但是希望为了大家的出行环境都讲究多一些文明行为吧
2013-09-21 09:55,#歪粉课堂#,不明觉厉晕晕哈尔滨地铁网哈尔滨地铁网
2013-09-21 09:51,感谢您的建议
2013-09-21 09:49,吃惊吃惊李奕潼李奕潼别闹我还没准备好
2013-09-20 22:04,售卖地点索菲亚教堂广场哈尔滨游乐园正门前哈铁文化宫正门前黑龙江大学正门前防洪纪念塔广场中央商城及全市邮政各网点详情网页链接网页链接后的革命后的革命在哪里可以买到
2013-09-20 21:55,好漂亮啊
2013-09-20 19:49,哈尔滨地铁网哈尔滨地铁号线首通纪念车票邮票珍藏版详情网页链接网页链接
2013-09-19 11:28,哈尔滨地铁网地铁号线通过国家级专家评估在得到省交通运输厅批复后最快将于本月日实现通车试运营详情网页链接网页链接
2013-09-18 23:08,明天休息睡个好觉大家晚安
2013-09-18 16:34,可爱苏小熊猫正在努力学韩语苏小熊猫正在努力学韩语这不是我梦中的工作么
2013-09-18 14:56,哈尔滨地铁网为了纪念哈尔滨首条地铁的开通从日时起哈尔滨地铁集团将在全市个发售点及邮政各网点公开发售地铁纪念车票详情网页链接网页链接
2013-09-18 00:04,哈尔滨地铁网铭记历史勿忘国耻
2013-09-17 23:59,哈尔滨地铁网青年问禅师王菲李亚鹏周迅张柏芝谢霆锋都单身了明星们个体很耀眼为何在一起就不行禅师拿出一碟芝麻一碟花生一碟瓜子一碟核桃一碟杏仁让青年分别品尝问他好吃吗青年点了点头禅师又拿出一块五仁月饼给青年品尝青年吐完恍然大悟
2013-09-16 17:50,哈尔滨地铁欢迎你嘻嘻嘻嘻超级电容知识微普及中国南车株机中国南车株机何为超级电容通俗地讲就是第三代储能装置第一代为机械式储能如飞轮发条等第二代为化学式储能如铅酸蓄电池镍氢电池锂电池等而第三代就是以超级电容为代表的物理式储能装置高铁见闻高铁见闻上海轨道交通俱乐部上海轨道交通俱乐部海子铁路网海子铁路网
2013-09-16 16:26,#哈尔滨地铁初体验#,沾沾喜气笑哈哈笑哈哈默默複古大香菇默默複古大香菇喵谢谢龙视网络台啦有地铁了城市会发展的更好支持支持爱你爱你鼓掌鼓掌鼓掌鼓掌耶耶威武威武独立设计师汉泉独立设计师汉泉谢谢龙视网络台的工作人员爱你爱你带着微博去旅行带着微博去旅行也感谢哈尔滨地铁网哈尔滨地铁网希望我们的冰城地铁继续安全创新地向好发展大家一起努力
2013-09-15 16:48,哈尔滨地铁网哈尔滨地铁一号线站点介绍及公交换乘信息详情网页链接网页链接
2013-09-14 12:42,嘴大的朋友生病生病生病生病生病生病解培华解培华转发微博
2013-09-14 00:49,端门紧急疏散装置设置在列车两端驾驶室内如需要疏散请大家沉着冷静听从工作人员指挥有序的通过紧急疏散出口离开列车
2013-09-13 14:47,大亮专注领卡年专注领卡年这活没法干每天都要更新安全锤片片片片真是不理解此举动的动机专注领卡年专注领卡年宣奇宣奇
2013-09-13 11:01,与人方便与己方便哈尔滨地铁论坛哈尔滨地铁论坛谷谷谷谷明岩谷谷谷谷明岩我想说我检修工不想边检车边打扫卫生希望哈尔滨的市民多多注意吧那可是有监控的哦
2013-09-13 09:49,怒怒怒怒怒怒
2013-09-12 22:28,明仔望山双色球中奖五元大奖哈哈哈哈哈哈哈哈哈哈哈哈哈哈哈哈哈哈哈哈哈哈哈哈哈哈哈哈哈哈哈哈哈哈哈哈哈哈哈哈哈哈哈哈新浪彩票新浪彩票我在学院路学院路
2013-09-13 00:16,高端大气上档次有木有
2013-09-12 23:42,物件虽小影响深远网页链接网页链接今天有一位乘客反应了这个情况说有一乘客偷了车末节车厢的铁锤然后往前走了我跟行调反应了这个情况不知道是否找到了铁锤真希望咱们哈尔滨市民提高自己的素质同时也非常感谢向车站反应情况的这位好心乘客
2013-09-12 23:31,美女是哈尔滨地铁的一道风景啊欢迎更多美女发靓照到哈尔滨地铁论坛哈尔滨地铁论坛网页链接网页链接
2013-09-12 20:23,耶耶
2013-09-12 19:23,年月日广州地铁号线一名乘客因将行李落在站台拉动紧急手柄引发混乱年月成都地铁号线一位余岁的小男孩因贪玩扳动紧急手柄造成列车紧急停车分钟年月上海地铁号线一名乘客因为同行的父亲没能上车在列车启动后拉下紧急手柄使列车紧急停车
2013-09-12 16:10,转发微博
2013-09-12 15:49,#随手拍#,每天认识一位美女校友的节奏嘻嘻嘻嘻免费姓唐免费姓唐哈尔滨地铁网哈尔滨地铁网
2013-09-12 11:40,哈尔滨地铁网凌晨点的哈尔滨好心酸哈尔滨地铁论坛哈尔滨地铁论坛
2013-09-11 22:38,#高寒地铁#,我只是说说我对睡衣的赞美抱抱抱抱默默複古大香菇默默複古大香菇哈尔滨地铁网哈尔滨地铁网我只是说说我对地铁的感受泪泪
2013-09-11 18:34,#临时停车#,嘻嘻嘻嘻嘻嘻嘻嘻嘻嘻嘻嘻中国南车株机中国南车株机临时停车开着火车去相亲嘻嘻嘻嘻
2013-09-11 17:30,帅哥一枚鉴定完毕亲爱的朋友们如果在试乘过程中拍摄精美的照片欢迎上传至哈尔滨地铁论坛哈尔滨地铁论坛地址网页链接网页链接李小欠李小欠高端大气上档次就是有点冷
2013-09-11 17:29,拍的不错如果方便就吧图片发送到论坛上吧地址网页链接网页链接
2013-09-11 17:24,回复复古英伦风复古英伦风沈阳属于温带半湿润大陆性气候冬季平均最低温度度历史最低度沈阳地铁保证室外度时科室不低于度所以沈阳地铁车站车辆无需采用特殊防寒设计因此沈阳地铁不属于高寒地铁哈市冬季最低温度度历史最低温度度哈尔滨地铁耐寒能力度属于高寒地铁
2013-09-11 08:52,生病生病生病生病生病生病等了一届奥运会还零一年终于等到时尚简约国际范儿的德国工业设计最佳交通工具设计奖的哈拉滨地铁也算是值带着微博去旅行带着微博去旅行
2013-09-10 18:15,回复小毅小毅这款试乘套票一共有六张一班人我不告诉他偷笑偷笑小毅小毅哈尔滨地铁网哈尔滨地铁网
2013-09-10 18:10,回复小赵在地球小赵在地球有好的照片欢迎大家上传哈尔滨地铁论坛哈尔滨地铁论坛地址网页链接网页链接另外请大家抓拍列车进站瞬间时照关掉闪光灯以免影响行车安全小赵在地球小赵在地球偷乐偷乐没错昨天去的在学府路进的和兴路出来的等地铁的时候不少人拿手机啊相机啥的等着拍地铁进站的一瞬间
2013-09-10 15:16,和兴路站地铁大厦口偷笑偷笑
2013-09-09 10:58,感谢您的建议我们会转述您的建议到相关职能部门哈尔滨微吧哈尔滨微吧哎呦是个大美女感谢提供建议
2013-09-09 09:24,哈尔滨地铁网哈尔滨地铁时间轴乘车畅谈哈尔滨地铁论坛网页链接网页链接
2013-09-09 09:24,哈尔滨地铁网哈尔滨地铁进入倒计时三市民全程体验哈尔滨地铁载客模拟试运营乘车畅谈哈尔滨地铁论坛网页链接网页链接
2013-09-09 09:23,哈尔滨地铁网冰城地铁站亭彰显欧陆风一号线载客临近乘车畅谈哈尔滨地铁论坛网页链接网页链接
2013-09-09 09:21,哈尔滨地铁网凉快干净手机信号好打游戏都不卡地铁初体验又快又稳当乘车畅谈哈尔滨地铁论坛网页链接网页链接
2013-09-08 19:49,#D字号#,回复败家赵败家赵哈尔滨地铁部分车站采用访欧的设计败家赵败家赵哈尔滨地铁网哈尔滨地铁网哈尔滨地铁论坛哈尔滨地铁论坛你们怎么看
2013-09-08 09:28,回复独立设计师汉泉独立设计师汉泉啊啊啊这个想法太过于天马行空不过哈尔滨地铁有很多特色展不知您昨天参观否分别是铁血抗战主体的烟厂站宗教的历史主题的医大一院站美丽的黑龙江主题的博物馆站未建成城市的起点主题的铁路局站深空梦想主题的哈工大站
2013-09-08 08:51,回复小螃蟹说要撞地球小螃蟹说要撞地球不要羡慕别人你也可以新晚报新晚报邀请万读者免费坐地铁活动现在开始啦其间将向市民发放万张乘车券每份新晚报可兑换一张乘车券每日限量兑换张兑券时间为今起至本月日乘车时间为日
2013-09-08 08:46,回复独立设计师汉泉独立设计师汉泉您可能说的是工程改造的侧式站台这样的车站在哈尔滨有六座分别是烟厂站医大一院站博物馆站铁路局站哈工大站西大桥站独立设计师汉泉独立设计师汉泉地铁工作人员一个比一个帅哈哈哈哈站台略窄我还是建议不要仓促慢慢来晚点开没关系的爱你爱你
2013-09-07 23:49,吃惊吃惊人生完整了小螃蟹说要撞地球小螃蟹说要撞地球看起来好艰难的样子鼓掌鼓掌人生完整了哈尔滨地铁网哈尔滨地铁网感觉怎么样
2013-09-07 23:23,感觉怎么样
2013-09-07 23:23,嘻嘻嘻嘻
2013-09-07 12:23,哈尔滨地铁网
2013-09-07 10:46,三号线一期工程联络线医大二院站汽车车轮厂站正在建设中预计年建成通车
2013-09-07 09:09,猜猜都有哪些站
2013-09-06 20:02,向默默为哈尔滨地铁事业奉献的朋友们说一声你们辛苦了沈弼强同學沈弼强同學王奉小秋秋王奉小秋秋同时欢迎大家将您身边的地铁工作者给我们
2013-09-06 09:31,哈尔滨地铁网道歉信首先和各位说声抱歉由于受到个别人士的打压号的试乘活动已无法通过哈尔滨地铁论坛正常继续下去我作为活动负责人具有不可推卸的责任在此代表网站向一直以来默默关心网站发展以及期待试乘的朋友诚挚的说声对不起让你们失望了
2013-09-05 13:12,转载本论坛图片请注明尊重原创拍摄者劳动成果
2013-09-05 13:10,这组太平桥因该是转自哈尔滨地铁论坛吧哈尔滨微吧哈尔滨微吧太平桥站图网页链接网页链接
2013-09-05 10:30,回复败家赵败家赵如果说可以你会来哈地铁做贡献吗败家赵败家赵这个坐地铁能免费吗
2013-09-04 17:52,哈尔滨地铁网今天活动圆满结束欢迎大家把照片分享到网站上网页链接网页链接预计本月日还会组织一次试乘活动请大家关注哈尔滨地铁论坛哈尔滨地铁论坛和群
2013-09-04 08:14,#早安，朋友们#,早
2013-09-03 23:37,
2013-09-03 20:45,哈尔滨地铁也有特色站比如哈工大铁路局详情查阅网页链接网页链接
2013-09-03 19:50,哈尔滨地铁网召集月日哈尔滨地铁员工观光券如果有空闲的票的朋友请与我私信联系方便提供给更多期待体验哈地铁的朋友还剩不到一天时间紧任务重大家多多转发注禁止利用网站图片进行任何形式的造假行为网页链接网页链接
2013-09-03 15:15,哈尔滨地铁网城建委员会地铁运营时间安排为首班车末班车全天列车上线运行个小时网页链接网页链接
2013-09-01 15:34,哈尔滨市轨道交通号线一期工程由哈北站至哈站至金山路站全长约将连通松花江南北两岸设置车站座其中换乘站座全线均为地下车站投资估算亿元
2013-09-01 02:22,不到一个月了好鸡冻啊
2013-08-28 15:04,#看图猜站#,体恤有限金币无限在地铁开通后我们还会做类似抽奖活动希望大家踊跃参与竞猜活动赚取地铁币笑哈哈笑哈哈
2013-08-28 12:21,#地铁知识#,
2013-08-27 23:49,#哈尔滨市地铁#,正如你所图片为交通学院站该站充分体现哈地铁的特性四个常规出口一部上行电梯抠鼻屎小螃蟹说要撞地球小螃蟹说要撞地球我就说要不要每个出站口都介么两个出站口相隔不到十米真棒我还记得年就说通车来着偷乐偷乐
2013-08-27 17:56,冰城地铁蓄势待发郑州与地铁号线第一次亲密接触
2013-08-27 13:44,#哈尔滨市地铁#,哈尔滨市地铁号线起始哈尔滨东站站终点至哈尔滨南站站站段全线长公里共设座地下车站将于年年底前运营通车
2013-08-26 12:03,东京现地铁超级英雄地铁江汉路站渗水似水帘洞乘客站内打伞成都地铁号线首个标段主体工程今日完成深圳轨道办及地铁公司现场倾听乘客意见
2013-08-26 11:36,为了高情商中午多吃点笑哈哈笑哈哈网页链接网页链接
2013-08-26 00:19,#地铁知识#,哈尔滨地铁号线列车属于型车由中国北车长客股份公司制造最大载客量人
2013-08-25 16:02,转发微博
2013-08-03 08:27,哈尔滨地铁网每日地铁播报地铁世界哈尔滨地铁论坛网页链接网页链接
2013-08-02 05:44,哈尔滨地铁网每日地铁播报地铁世界哈尔滨地铁论坛网页链接网页链接
2013-08-02 02:31,行善要以保证生命安全为大前提
2013-08-01 22:55,哈尔滨地铁网网页链接网页链接
2013-08-01 16:56,哈尔滨地铁网票价定价听证会日举行哈市物价局征求地铁票价方案意见乘车畅谈哈尔滨地铁论坛网页链接网页链接
2013-07-31 06:54,哈尔滨地铁网每日地铁播报地铁世界哈尔滨地铁论坛网页链接网页链接
2013-07-30 19:54,哈尔滨地铁网简讯推进号线三期和号线一期工程乘车畅谈哈尔滨地铁论坛网页链接网页链接
2013-07-30 06:16,哈尔滨地铁网每日地铁播报地铁世界哈尔滨地铁论坛网页链接网页链接
2013-07-29 00:12,七月初的哈尔滨地铁号线东端终点哈东站开通日估计赶不上了顺路打个前站吧幸福延长线幸福延长线方舟静儿方舟静儿学风熊宝宝学风熊宝宝傻瓜先生傻瓜先生哈尔滨地铁网哈尔滨地铁网
2013-07-28 07:02,哈尔滨地铁网每日地铁播报地铁世界哈尔滨地铁论坛网页链接网页链接
2013-07-26 09:07,哈尔滨地铁网每日地铁播报地铁世界哈尔滨地铁论坛网页链接网页链接
2013-07-25 06:30,哈尔滨地铁网每日地铁播报地铁世界哈尔滨地铁论坛网页链接网页链接
2013-07-24 20:11,哈尔滨地铁网东北网特稿哈尔滨地铁进入倒计时一探秘地铁的家地铁太平桥车辆基地乘车畅谈哈尔滨地铁论坛网页链接网页链接
2013-07-24 05:49,转发微博
2013-07-24 05:48,转发微博
2013-07-24 05:36,哈尔滨地铁网每日地铁播报地铁世界哈尔滨地铁论坛网页链接网页链接
2013-07-23 23:36,哈尔滨地铁空调得开暖风啊亲不开冻死人啊有木有只要不影响地铁的运营可以啊要不也是开着空调哈尔滨地铁哈尔滨地铁网哈尔滨地铁网你怎么看
2013-07-23 05:54,哈尔滨地铁网每日地铁播报地铁世界哈尔滨地铁论坛网页链接网页链接
2013-07-22 06:11,哈尔滨地铁网每日地铁播报地铁世界哈尔滨地铁论坛网页链接网页链接
2013-07-21 06:18,哈尔滨地铁网每日地铁播报地铁世界哈尔滨地铁论坛网页链接网页链接
2013-07-20 05:40,哈尔滨地铁网每日地铁播报地铁世界哈尔滨地铁论坛网页链接网页链接
2013-07-19 18:21,哈尔滨地铁网备战票价听证会名消费者代表体验哈尔滨地铁乘车畅谈哈尔滨地铁论坛网页链接网页链接
2013-07-19 18:20,哈尔滨地铁网分钟从铁路局途经两站到烟厂市民代表乘地铁做好功课准备听证乘车畅谈哈尔滨地铁论坛网页链接网页链接
2013-07-19 18:20,哈尔滨地铁网地铁票价体现公益本性乘车畅谈哈尔滨地铁论坛网页链接网页链接
2013-07-19 06:26,哈尔滨地铁网座站台尽显欧陆风哈市进入地铁时代乘车畅谈哈尔滨地铁论坛网页链接网页链接
2013-07-19 06:19,哈尔滨地铁网每日地铁播报地铁世界哈尔滨地铁论坛网页链接网页链接
2013-07-18 14:51,#哈尔滨地铁#,哈尔滨地铁网哈尔滨地铁一号线学府路站更多图片请见网页链接网页链接
2013-07-18 13:59,哈尔滨地铁网每日地铁播报地铁世界哈尔滨地铁论坛网页链接网页链接
2013-07-17 05:37,哈尔滨地铁网每日地铁播报地铁世界哈尔滨地铁论坛网页链接网页链接
2013-07-16 05:55,哈尔滨地铁网每日地铁播报地铁世界哈尔滨地铁论坛网页链接网页链接
2013-07-16 05:54,哈尔滨地铁网分享图片网页链接网页链接网页链接网页链接
2013-07-15 11:26,#地铁微TIPS#,转发微博
2013-07-15 11:25,中国铁路中国铁路屏幕是密密麻麻的线条眼药水是列车调度员的心爱之物捏脸
2013-07-15 11:15,#看图猜站#,哈尔滨地铁网看图猜站第七期地址网页链接网页链接注意只有去论坛跟帖回复才有效哦
2013-07-15 05:36,哈尔滨地铁网每日地铁播报地铁世界哈尔滨地铁论坛网页链接网页链接
2013-07-14 11:40,新浪黑龙江新浪黑龙江哈尔滨平房区将有免费自行车啦自行车带遮雨篷小时内免费超出部分元小时威武威武详情网页链接网页链接
2013-07-14 06:39,哈尔滨地铁网每日地铁播报地铁世界哈尔滨地铁论坛网页链接网页链接
2013-07-13 18:56,我叫張洋洋我叫張洋洋深潭仙子深潭仙子哇喔酷
2013-07-13 18:30,小熊猫世界小熊猫世界抄送哈尔滨地铁网哈尔滨地铁网假装在铁路假装在铁路向铁路迷友们推荐一部电影俄罗斯年地铁打开全屏戴上耳机观影体验八个字令人窒息痛哭流涕
2013-07-13 18:30,#哈尔滨地铁#,扩散求意见朋友们请帮转发下谢谢
2013-07-13 17:35,#哈尔滨地铁#,哈尔滨地铁网随着哈尔滨地铁开通的临近网站纪念恤也到了最后确定方案的日子点击此连接网页链接网页链接查看设计理念并期待您对该设计方案的看法
2013-07-13 05:28,哈尔滨地铁网每日地铁播报地铁世界哈尔滨地铁论坛网页链接网页链接
2013-07-12 14:26,我要报名
2013-07-12 06:35,哈尔滨地铁网每日地铁播报地铁世界哈尔滨地铁论坛网页链接网页链接
2013-07-11 13:43,#人身攻击#,哈尔滨地铁网人身攻击委员会判定我投票支持小姐你碰到我的了小姐你碰到我的了被举报人删除了被举报信息被举报人在举证期间无应答自动放弃自辩查看详情网页链接网页链接
2013-07-11 10:01,哈尔滨地铁网每日地铁播报地铁世界哈尔滨地铁论坛网页链接网页链接
2013-07-10 06:30,哈尔滨地铁网每日地铁播报地铁世界哈尔滨地铁论坛网页链接网页链接
2013-07-09 09:43,#看图猜站#,哈尔滨地铁网看图猜站第六期地址网页链接网页链接注意只有去论坛跟帖回复才有效哦
2013-07-09 06:21,哈尔滨地铁网每日地铁播报地铁世界哈尔滨地铁论坛网页链接网页链接
2013-07-08 08:39,哈尔滨地铁网每日地铁播报地铁世界哈尔滨地铁论坛网页链接网页链接
2013-07-07 08:00,哈尔滨地铁网每日地铁播报地铁世界哈尔滨地铁论坛网页链接网页链接
2013-07-06 16:27,哈尔滨地铁网集中式供电确保地铁运营乘车畅谈哈尔滨地铁论坛网页链接网页链接
2013-07-05 11:48,大哈帝国的地铁得意地笑转发微博
2013-07-04 23:34,哈尔滨地铁始建于年月日感谢您一直以来对地铁的关注夏尐花夏尐花太不容易了这地铁修了多少年了我高二那年就开始修了吧泪泪地铁号线月号试运营
2013-07-04 22:17,哈尔滨地铁车辆获得年度交通工具设计大奖据悉这是国内轨道车辆领域中第一个获此殊荣的项目网页链接网页链接
2013-07-04 14:22,#哈尔滨地铁论坛#,哈尔滨地铁网哈尔滨地铁论坛看图猜站第五期开始啦猛击这里网页链接网页链接
2013-07-03 14:39,偷笑偷笑新浪黑龙江新浪黑龙江汗汗大黄鸭刚刚长途跋涉来到咱东北林业大学结果就被冻死了冻冻死了衰衰
2013-07-02 16:00,哈尔滨地铁网气象灾害预警信号黑龙江省气象台月日时发布暴雨蓝色预警信号预计今日时至明日时哈市及周边县市降雨量将达到毫米以上小提醒大家注意安全网页链接网页链接
2013-07-02 15:56,回复一号线一二期工程东起哈东站南至哈南站途径太平桥博物馆学府路全长公里共设个站可怜可怜地铁号线开通时可以从哪站坐到哪站啊疑问疑问求解疑问
2013-07-01 23:29,哈尔滨地铁网最后天
2013-06-30 09:04,#哈尔滨地铁#,哈尔滨地铁网哈尔滨地铁一号线西大桥站更多图片网页链接网页链接
2013-06-27 23:21,#哈尔滨地铁#,哈尔滨地铁网哈尔滨地铁一号线医大一院站更多图片登录哈尔滨地铁论坛网页链接网页链接
2013-06-09 18:38,哈尔滨地铁网看图猜站第二期大量地铁币等你拿地址网页链接网页链接注意只有去论坛跟帖回复才有效哦
2013-06-07 06:58,#哈尔滨地铁#,哈尔滨地铁网哈尔滨地铁一号线之太平桥站地址网页链接网页链接
2013-06-06 15:13,哈尔滨地铁网看图猜站第一期大量地铁币等你拿地址网页链接网页链接注意只有去论坛跟帖回复才有效哦
2013-06-03 20:50,哈尔滨地铁网如果有医大一院医大二院学府路和兴路的站务员值班员站长请私信与我联系谢谢
2013-06-02 10:56,哈尔滨地铁论坛地址网页链接网页链接
2013-06-02 10:52,你好据了解目前哈地铁有两种招聘模式一种是向有相关专业的学校下订单招聘学员另一种是社会招聘以下是智联招聘的地址网页链接网页链接
2013-05-31 14:26,哈尔滨地铁网黑龙江大学站网页链接网页链接
2013-05-25 18:45,哈尔滨地铁网端门紧急疏散装置希望永远都不要用到网页链接网页链接
2013-05-25 18:08,哈尔滨地铁网高清无码驾驶室网页链接网页链接
2013-05-25 17:08,哈尔滨地铁网一道杠两道杠三道杠网页链接网页链接
2013-05-22 21:46,转发微博
2013-05-17 13:55,哈尔滨地铁网地铁时代最终回铸梦地铁一号线哈尔滨地铁论坛网页链接网页链接
2013-05-13 21:48,转发微博
2013-05-13 21:48,转发微博
2013-05-13 21:48,哈尔滨地铁网网页链接网页链接
2013-05-12 21:27,明明是一群男人在对着一位美女话说美女怎么开近来的小熊猫世界小熊猫世界橘子和花老虎都在虎视眈眈的看着这个外人偷笑偷笑火车掠过火车掠过估计是那个内燃拽过来的上局段上局段烧酒就不该出现在这里广铁深段广铁深段烧酒是怎么上到那个转盘的衰衰
2013-05-12 10:49,转发微博
2013-05-11 23:25,哈尔滨地铁网丑小鸭生来就很丑谁都不喜欢它它从小被其他鸭子欺负它无奈离开了妈妈独自流浪遇到狂风暴雨猎狗但丑小鸭没有畏惧它顽强拼搏努力学习最终人们发现它虽然不好看但还挺好吃的晚安朋友们
2013-05-10 23:13,哈尔滨地铁网老北京面馆最大的特色就是吆喝有天两人去吃面跑堂吆喝上了号桌炸酱面两碗吃完结帐一共是元毛甲说给你别找了跑堂接过钱便吆喝号桌有客送小费毛满大厅的人回头看他甲脸红了得那毛你还是找我吧跑堂又吆喝上了号桌的毛小费又要回去了晚安朋友们
2013-05-10 08:29,哈尔滨地铁网昨天晚上我喝醉了今天起来觉得特不好意思于是打电话给兄弟说哥们真不好意思昨晚喝大了朋友回复说兄弟喝醉乃人之常情但是你昨晚把我的仓鼠扔了出去还大喊一声去把皮卡丘这我就不能理解了早安朋友们
2013-05-09 22:50,哈尔滨地铁网有好多美女喜欢坐在铁轨上让人照相她们以为那样象征自由和流浪美女们偏着头假装眺望远方卡擦一声阳光洒在脸上其实她们从来没有坐过硬座所以不知道火车上的厕所会把大便和小便沿铁轨均匀的排放朋友们晚安
2013-05-09 20:37,偷笑偷笑小熊猫世界小熊猫世界踹的好洛杉矶特警洛杉矶特警损人利己的该揍说句心里话早就想出脚了看这片子解气啊赞赞
2013-05-09 10:21,转发微博
2013-05-09 09:28,那么你看出破绽了吗快来这里测试你的吧抱抱抱抱
2013-05-09 09:23,哈尔滨啊哈
2013-05-06 19:59,哈尔滨西客站
2013-05-06 19:53,给力给力
2013-05-06 14:57,哈尔滨地铁网高仿哈尔滨地铁南车造地铁服务年园博会地铁视界哈尔滨地铁论坛网页链接网页链接
2013-05-06 12:48,哈尔滨地铁网今天凌晨点分左右西安地铁三号线通胡区间发生塌方事故事故发生时共有名工人在现场作业共造成人被埋消防官兵迅速赶往现场施救截至点名被困者被发现时已遇难另有人还在搜寻中
2013-05-06 09:30,毅博云天毅博云天加油加油
2013-05-06 00:58,好流弊的样子木木了一纟隹木木了一纟隹好似有一只散既不敢確認
2013-05-03 18:28,我只看不说话宸祺宸祺我才看懂这是个女性哎呀天啊任火火任火火牛逼青春无敌太刺激了
2013-05-03 15:39,哈尔滨地铁网地铁时代第七集育才地铁一号线哈尔滨地铁论坛网页链接网页链接
2013-05-02 20:47,大家所做的一切都是为了这个城市更好爱情三字经爱情三字经总有一些人默默的付出着为了哈尔滨这座美丽的城市
2013-05-02 14:17,哈尔滨地铁网轨道上的劳动节综合区哈尔滨地铁论坛网页链接网页链接
2013-05-01 21:30,哈尔滨地铁网哈尔滨地铁集团公安专网系统地铁正线设备调试完毕地铁一号线哈尔滨地铁论坛网页链接网页链接
2013-04-30 22:17,哈尔滨地铁网哈尔滨地铁一号线交通学院站网页链接网页链接
2013-04-30 15:17,哈尔滨地铁网地铁电梯内打手机辐射增加数倍专家建议少打手机地铁视界哈尔滨地铁论坛网页链接网页链接
2013-04-29 12:59,转发微博
2013-04-27 07:47,转发微博
2013-04-27 07:43,#地下铁百科#,你们知道吗
2013-04-26 17:10,哈尔滨地铁网到家啦更多图片请访问哈尔滨地铁论坛网页链接网页链接
2013-04-26 09:29,哈尔滨地铁网缔造地铁一号线哈尔滨地铁论坛网页链接网页链接
2013-04-25 11:51,转发微博
2013-04-25 11:51,转发微博
2013-04-25 07:05,哈尔滨地铁网分享图片哀悼雅安地震中的死难同胞北京时间年月日时分四川省雅安市芦山县发生级地震让我们与雅安人民站在一起
2013-04-24 08:06,哈尔滨地铁网烟厂站地铁一号线哈尔滨地铁论坛网页链接网页链接
2013-04-23 13:37,转发微博
2013-04-23 13:37,转发微博
2013-04-22 08:54,转发微博
2013-04-21 06:33,转发微博
2013-04-21 06:13,转发微博
2013-04-19 19:26,哈尔滨地铁网哈尔滨地铁控制中心
2013-04-19 08:12,转发微博
2013-04-19 08:12,转发微博
2013-04-19 08:12,转发微博
2013-04-19 08:12,转发微博
2013-04-19 08:12,转发微博
2013-04-18 09:24,哈尔滨地铁网哈尔滨地铁一号线测试票样
2013-04-17 14:20,哈尔滨地铁网问地铁上原本有头羊中途上去一只狼狼到站下车了请问车上还有多少羊没有羊被狼吃了错头羊因为地铁上不可以吃东西
2013-04-17 14:05,转发微博
2013-04-17 13:09,大家加油哦
2013-04-17 12:06,哈尔滨地铁网哈尔滨地铁号线行车示意图感谢萨顶顶萨顶顶
2013-04-17 12:05,哈尔滨地铁网在地铁号线理工大学站内工作人员开始进行自动售票机通道闸机等设备的测试工作
2013-04-15 22:36,哀婉的嘆息哀婉的嘆息哈尔滨地铁网哈尔滨地铁网
2013-04-15 00:49,辛苦了长夜慢慢无心睡眠的你可以哈尔滨地铁网哈尔滨地铁网聊天解闷哦
2013-04-14 15:34,哈尔滨地铁网哈尔滨地铁动调网页链接网页链接
2013-04-13 14:13,哈尔滨地铁网视频地铁十八怪见怪不怪的地铁众生相新闻频道央视网网页链接网页链接
2013-04-13 09:42,#技术宅改变世界#,如果冰城有智能电子站牌或许是国内首例了万能的微博求证实既然是电子车牌会象地铁一样显示下辆车的到站时间吗如果末车以经过该站站牌上有所提示话说我瞬间想到种解决方案技术宅改变世界哈尔滨地铁网哈尔滨地铁网
2013-04-13 03:27,辛苦辛苦
2013-04-12 18:30,哈地铁的同仁们你们辛苦啦工作中有什么趣事或是心酸欢迎哈尔滨地铁网哈尔滨地铁网
2013-04-12 11:37,转发微博
2013-04-11 22:52,为哈尔滨地铁事业默默奉献的朋友你们辛苦啦
2013-04-11 16:56,哈尔滨地铁网猜猜这是哪
2013-04-11 00:13,转发微博
2013-04-03 13:46,多么温馨的一幕啊谁说没有永恒的爱情
2013-01-29 11:56,张泉灵我特别不理解现在在室外抽烟的人真不会节俭现在北京在哪儿随便吸两口空气不是烟啊还自个儿买去右哼哼右哼哼左哼哼左哼哼
2012-11-21 00:37,#哈尔滨地铁#,哈尔滨地铁网哈尔滨地铁地下一层售票厅
2012-11-21 00:36,#哈尔滨地铁#,哈尔滨地铁网哈尔滨地铁地下一层站台
2012-11-21 00:30,#哈尔滨地铁#,哈尔滨地铁网号线是哈尔滨地铁十线一环规划中第一条动工的地铁地铁号线东起道外区化工路经哈东站太平桥东西大直街学府路哈南站至平房区新疆大街全长公里设座车站
2012-11-21 00:25,#哈尔滨地铁#,哈尔滨地铁网哈尔滨地铁车这扇门后就是驾驶室
2012-11-21 00:21,#哈尔滨地铁#,哈尔滨地铁网哈尔滨地铁车内通道座椅显示器
2012-11-16 01:34,#哈尔滨地铁#,哈尔滨地铁网哈尔滨地铁运抵哈市首列地铁网页链接网页链接
