2019-04-05 08:27,宁波轨道交通站内人多拥挤请大家注意安全使用二维码过闸的乘客请提前准备有任何问题可以咨询站内工作人员和志愿者
2019-03-30 09:54,宁波轨道交通为贯彻落实长三角一体化国家战略更好地实现沪杭甬三地城市轨道交通互联互通今起月日宁波地铁支付宝乘车码正式开启公测公测期间宁波市民只需打开支付宝搜索宁波地铁乘车码小程序刷一刷就可以轻松过闸啦
2019-03-29 15:01,宁波轨道交通月日本周六起杭甬两地市民也能实现一码跨城轻松坐地铁这是继长三角沪甬沪杭地铁二维码率先实现互联互通后的又一突破沪杭甬三地形成闭环
2019-02-05 23:09,宁波轨道交通宁波轨道交通祝全市人民新年快乐
2018-12-29 09:14,宁波轨道交通宁波图书馆新馆已正式开放市民乘坐地铁号线至福庆北路站可直达为方便市民出行号线福庆北路站口口正式开放
2018-12-04 19:39,宁波轨道交通今天月日是全国第五个国家宪法日当天上午宁波首列宪法宣传主题地铁专列在号线首发让人眼前一亮普法专列首发运行个月开往国家宪法日的普法地铁专列由省司法厅省普法办与市委法治办市司法局市交通委市轨道交通集团有限公司和市普法办等单位共同打造
2018-12-01 13:00,宁波轨道交通今天起月日长三角沪甬沪杭地铁二维码率先实现互联互通这是国内城市轨道交通行业运用互联网技术实现票务共享的首次尝试也是长三角一体化首个交通一体化的最新实践加速推动长三角一体化战略实施方便三地群众交流互访为上海杭州客商来甬旅游考察提供便捷今后宁波市展开全文
2018-10-24 09:20,宁波轨道交通国务院办公厅开通国家政务服务投诉与建议小程序为贯彻落实李克强总理关于政务服务要接受各类问题投诉加强监督的重要指示精神月日起国务院办公厅开通国家政务服务投诉与建议小程序广泛接收社会各界对政务服务的问题线索和意见建议
2018-09-30 18:24,宁波轨道交通共筑梦想宁波轨道交通与祖国共奋进祝大家节日快乐
2018-09-27 10:16,宁波轨道交通宁波地铁带您畅游尼斯嘉年华月日月日尼斯国际嘉年华登陆宁波期间宁波地铁末班车将从延迟至由于活动区域周边无公共停车场建议市民优选地铁出行搭乘地铁推荐乘坐号线至倪家堰站在出口可换乘免费接驳车至活动地点宁波地铁末班车延至点你畅游嘉年华我送宁波地铁末班车延至点你畅游嘉年华我送
2018-09-22 21:10,牛大蟹的熊小姐第一次参加定向赛感谢宁波轨道交通宁波轨道交通八过首届举办有点啊重在参与了期待下次再办
2018-09-22 19:50,宁波轨道交通宁波地铁公交换乘首日优惠政策请收藏
2018-09-22 15:59,宁波轨道交通宁波地铁腾讯乘车码上线地铁公交换乘优惠今起实施月日宁波轨道交通腾讯乘车码正式上线宁波成为华东区首个在地铁内开通腾讯乘车码的城市同日宁波轨道公交换乘优惠开始实施又一重大便民举措正式落地当天下午市委常委鄞州区委书记褚银良参加了上线仪式并现场体验腾讯二维码过闸展开全文
2018-09-06 11:13,宁波首届地铁文化节启幕给你小心心给你小心心
2018-08-30 14:04,#宁波身边事#,宁波东鼓道宁波身边事宁波东鼓道年月日宁波市委副书记市长裘东耀携宁波市人民政府副秘书长办公厅主任王仁元宁波市人民政府副秘书长王亦兵等一行至东鼓道参观考察并检查消防安全工作宁波市轨道交通集团有限公司董事长尹文德宁波美昂龙商业管理有限公司总经理王文秀进行陪同讲解此外展开全文
2018-07-30 17:30,#扫码乘车更方便#,宁波轨道交通扫码乘车更方便宁波地铁二维码乘车功能正式上线啦下载宁波地铁官方免排队免取票免押金免找零只要一个二维码轻松秒出行市民朋友们可以在全线个地铁站体验全新的移动支付过闸方式哦请戳下载链接网页链接网页链接
2018-07-21 16:10,#迎战“安比”#,宁波轨道交通迎战安比今天日上午宁波轨道交通召开防御安比台风视频部署会要求各单位迅速进入实战状态高效有序打好防御战截至今天日中午点以前宁波轨道交通五条在建线路多个工点实行全面停工各施工单位按照级响应要求做到人员到位检查到位防范到位做足施工现场的应急准展开全文
2018-07-21 13:50,#台风动态#,台风最新动态
2018-07-18 15:29,宁波轨道交通不一样的地铁开放日我们在等你为纪念改革开放周年聚焦宁波地铁发展历程特别开展纪念改革开放周年走进宁波轨道交通系列活动邀请名铁粉走进宁波地铁建设运营一线领略地铁新发展城市新变化参加攻略月日日间关注宁波轨道交通官方微信号发送报名填展开全文
2018-07-02 11:46,宁波轨道交通号线新进展全国首条穿越核心城区的类矩形盾构隧道区间贯通年月日由宁波轨道交通牵头自主研发的类矩形盾构机阳明号在号线翠柏里站盾构工作井内破土而出标志着全国首条穿越核心城区的类矩形盾构隧道区间顺利贯通年月日经升级改造的阳明号在号线翠柏里站始发展开全文
2018-06-25 19:53,#地铁改变生活#,妮地铁改变生活夜幕降临每当末班车开走这位保洁阿姨便开始小心的擦拭地面指示牌给这位保洁阿姨点赞也给地铁点赞
2018-06-17 22:13,月日晚宁波轨道交通号线正大路至城隍庙站区间突发信号故障双向线路列车间隔有所增加部分列车到站晚点晚分设备已经恢复正常行车秩序逐渐恢复给您的出行带来不便敬请谅解
2018-06-07 10:22,宁波轨道交通护航中高考宁波轨道交通工地开启静音模式中高考期间宁波轨道交通对渣土车材料运输等车辆进行严格管控确保送考车辆优先通行凡在学校考场周边繁忙路段设置道路通行相关标识机动车辆和机械设备禁止鸣号考场周边米范围内白天禁止使用高噪音施工设备停止所有影响考生考试展开全文
2018-06-07 10:05,#宁波地铁护航中高考#,宁波轨道交通宁波地铁护航中高考为中高考助力月日日高考期间及月日日中考期间宁波轨道交通为考生开辟免费乘坐地铁的绿色通道考生凭准考证由绿色通道进站免费乘坐地铁方便考生安全便捷准点出行这是宁波轨道交通连续第年开展中高考主题助考行动宁波轨道交通呼吁广大市民做文展开全文
2018-06-02 11:59,宁波轨道交通慈善演奏爱心义卖扶贫攻坚轨道铺到了贵州大山里今天月日上午在鼓楼地铁站甬城惠客厅宁波轨道交通首届百名儿童乐器慈善演奏马拉松暨为贵州大山里的孩子爱心义卖活动暖心开场百名儿童不间断演奏的美妙音符爱的旋律让乘客们纷纷驻足捐献爱心截至当天上午点已募集爱心款展开全文
2018-05-23 15:05,#宁波身边事#,宁波身边事宁奉城际铁路启动供电施工赞赞
2018-05-23 14:46,宁波轨道交通宁奉城际铁路启动供电施工继月日宁奉城际铁路工程首通段启动铺轨后月日又迎新节点宁奉城际铁路工程正式进入供电施工阶段为全线早日实现电通打好首战截至目前宁波至奉化城际铁路首通段的高塘桥站姜山站区间左线已与今年月贯通右线预计今年月贯通个车站已结构封展开全文
2018-05-22 18:26,#服务争效，爱心助残#,宁波轨道交通服务争效爱心助残今年全国助残日宁波轨道交通首发地铁有爱服务有声无障碍设施视频指南解锁爱心密码除了设置无障碍电梯坡道盲文盲道等无障碍设施宁波轨道交通还为行动不便的特殊乘客提供爱心服务拨打即可预约今年宁波轨道交通将开展我把乘客当家人关爱服务再接展开全文
2018-05-10 12:05,宁波轨道交通防空防灾警报试鸣公告为增强市民国防观念和防护意识提高全社会应急避险能力根据中华人民共和国人民防空法和宁波市防空防灾警报试鸣制度规定经市政府批准我市将于月日时分至时分试鸣空袭预先警报鸣秒停秒反复遍空袭警报鸣秒停秒反复遍空袭展开全文
2018-05-04 16:28,#六争攻坚 三年攀高#,宁波轨道交通六争攻坚三年攀高项目争速城乡争优宁波轨道交通建设迎来新的重大节点月日盾构机顺利掘进号线一期儿童公园站樱花公园站左线盾构隧道区间的最后一段号线一期盾构隧道区间全线贯通同一天号线一期及宁奉城际铁路首通段铺轨工程施工在大通桥站正式启动全线进入铺轨施工阶段为展开全文
2018-04-25 11:30,#六争攻坚 三年攀高#,宁波轨道交通六争攻坚三年攀高项目增速号线庄丽盾构区间双线首通个车站全面开工轨道交通号线新进展月日号线庄桥火车站丽江路站盾构顺利下穿萧甬铁路杭深高铁庄桥火车站这是号线全线首个贯通的盾构区间意味着号线攻克了全线最大风险点双线贯通盾构区间同时穿越两条铁路在宁波市展开全文
2018-03-29 11:01,#温馨提示#,宁波轨道交通温馨提示清明节坐地铁哪些东西不能带今年清明地铁禁带物品与往年有所变化除油漆鞭炮爆竹烟花散装或度以上酒类等常规禁带物品之外长度超过米的大型扫墓工具今年也是禁止携带米以下的榔头锤子锄头铲子等工具必须进行妥善包裹对于打火机火柴每人携带数量不得超过展开全文
2018-03-26 17:35,宁波轨道交通首班车提前至凌晨宁波地铁清运方案出炉今年清明小长假为月日至日预计本周末将迎首个祭扫客流小高峰宁波轨道交通发布清运方案全力应对客流高峰通过提前运营时间增加运力提早和延长高峰时间等措施保障市民出行其中月日正清明号线高桥西站号线栎社国际机场和展开全文
2018-03-22 15:19,宁波轨道交通宁波轨道交通志愿者招募工作开始啦月日到日市民可前往鼓楼站志愿服务中心领取报名表现场报名自备张寸证件照也可在轨道交通志愿者官方网站报名线上报名永久开放社区学校企事业单位团体协会等如有意向可与宁波市轨道交通志愿服务总队联系签订合作展开全文
2018-03-15 16:42,#六争攻坚抢建设#,宁波轨道交通六争攻坚抢建设月日宁波轨道交通号线一期及宁奉城际铁路首通段机电系统工程施工在号线一期中兴大桥南站正式启动这标志着土建工程主体告一段落全线具备机电安装条件的车站正式进入机电施工阶段中兴大桥南站作为号线一期所有机电施工标段中样板先行车站将开展风水电系统安装管线预展开全文
2018-03-02 09:14,宁波轨道交通号线一期宁奉线个车站名字取好啦看看有经过你家门口吗经宁波市地名办批复宁波轨道交通号线一期宁波至奉化城际铁路个车站命名正式公布戳大图来看看车站名字和具体位置头条丨号线一期宁奉线个车站名字取好啦头条丨号线一期宁奉线个车站名字取好啦
2018-02-25 10:49,宁波轨道交通温暖返程路宁波地铁惠民专列日起开行还送免费早餐好消息为方便春运返程高峰返甬务工人员出行月日至月日宁波轨道交通号线号线每天加开趟惠民专列号线于三个时段在宁波火车站向栎社国际机场与清水浦方向各加开班列车共班列车号线于展开全文
2018-02-24 15:32,#六争攻坚#,宁波轨道交通六争攻坚坚守一线接妻子到工地坐月子在宁波轨道交通号线标中铁隧道局项目部即将初为人父的物资部部长郭海涛与项目部的余名工友一样没有回家过年春节期间物资运输调取不便需要有人坚守在岗位上保证砂浆管片螺栓盾尾油脂等施工主材的供应为实现工作与家庭两展开全文
2018-02-24 09:21,#六争攻坚#,宁波轨道交通六争攻坚春节不停工余名轨道建设者坚守工地抢建设今年春节宁波轨道交通号线二期号线一期号线号线一期和宁波至奉化城际铁路等个在建工程的个地铁工地上有余名轨道建设者坚守岗位春节不停工为早日实现轨道交通市区全覆盖高质量完成第二轮建设规划目标任务抢建设展开全文
2018-02-09 17:36,#温馨提示#,宁波轨道交通温馨提示宁波地铁各车站均设有宽通道闸机大包小包婴儿车进出完全没负担宁波轨道交通号线号线一期全线各车站均设有宽通道闸机宽度厘米以方便手推婴儿车背着大包小包的市民顺利过地铁闸机宽通道闸机均设在进站口位置为进出站双向通行在樱花公园站鼓楼站大卿桥展开全文
2018-02-09 10:13,宁波轨道交通明天起市民可刷手机坐地铁宁波轨道交通接轨移动支付从月日起宁波轨道交通号线号线一期将正式全线开通银联闪付交通部一卡通过闸乘车服务银联闪付过闸服务支持绑定了银联卡的华为苹果三星手机和境内任一银行发行的带有闪付标识的银联芯片信用卡及部分银行借记卡将支展开全文
2018-01-26 19:42,宁波轨道交通今天月日上午宁波轨道交通召开年度工作会议暨实施三年行动计划动员大会总结年工作部署年工作副市长轨道交通指挥部总指挥褚银良出席会议并讲话回顾年宁波轨道交通规划建设运营开发四位一体战略有效推进年度目标任务圆满完成展开全文
2018-01-25 18:40,#最美宁波人#,宁波轨道交通最美宁波人今天月日下午最美宁波人年度人物颁奖典礼在天然舞台举行宁波轨道交通类矩形盾构机项目业主代表黄毅获年度最美宁波人称号成为位最美宁波人年度人物之一披星戴月挥洒的汗珠里都散发着工匠精神的光芒作为工程一线业主代表黄毅为国展开全文
2018-01-24 16:53,#每月一星#,宁波轨道交通每月一星宁波地铁广告幕后人在宁波轨道交通全线一组组交替更新的灯箱广告一幅幅生动形象的巨幅墙贴列车屏上新闻广告轮番播放提升着市民的乘坐体验宁波轨道交通智慧地铁公司传媒发展部的陈蔓正是让这些地铁广告资源日益蜕变的幕后巧手她用别具匠心的创意为地铁公共展开全文
2018-01-19 10:54,宁波轨道交通暖心秒宁波轨道人奋力一扑救了扶梯反向行小宝月日上午点分左右在宁波地铁号线樱花公园站一个小宝宝踉踉跄跄跨到了上行的自动扶梯上准备下去十分危险在紧急一刻一位地铁工作人员从米开外的客服中心奋力扑过来一把抱住反向跨入自动扶梯的小宝宝避免了意外的发生展开全文
2018-01-17 09:30,#武警#,地铁站暖心一幕为武警哥哥们点赞心心
2018-01-15 11:38,宁波轨道交通月票换购有优惠宁波轨道交通推出高频乘客回馈活动数据显示去年约三分之一宁波市民选择购买单程票因单程票制作成本较高存在随意丢弃人为损坏情况宁波轨道交通提倡经常乘坐地铁的市民选择月票特别推出高频乘客回馈活动自年月日起乘客在购买下月月票时可凭上月使用完剩展开全文
2017-12-29 11:01,宁波轨道交通候车时间更短列车速度更快宁波轨道交通新年献大礼今后市民乘坐地铁更加快捷啦年月日起宁波轨道交通全线将执行新版运行时刻表每个工作日号线号线一期早高峰行车间隔缩短至分多钟这是三年多来第次对号线第次对号线一期列车运行图进行调整自年月日起每展开全文
2017-12-23 15:03,宁波轨道交通轨道交通号线首列车下线四大亮点看过来此次号线列车首次实现宁波轨道交通车辆装备自主化试制自主生产真正实现宁波地铁宁波造戳大图看新型列车四大亮点太开心太开心太开心太开心
2017-12-23 10:40,宁波轨道交通今天月日上午宁波轨道交通号线首列车在中国中车宁波中车产业基地正式下线这是首次实现宁波制造的第一列轨道交通列车浙江就此结束了本土不能自主生产轨道交通车辆的历史新列车颜值更高技术更先进车头前脸笑口常开造型车厢顶部蓝天白云顶照明内饰金展开全文
2017-12-22 09:34,宁波轨道交通平安夜跨年夜个够地铁延至点等你回家为方便大家假日出行年月日平安夜月日跨年夜宁波轨道交通全线将执行特殊时刻表地铁末班车延时小时至护送你回家各大商场周边搭乘末班地铁攻略请戳服务平安夜跨年夜个够地铁延至点服务平安夜跨年夜个够地铁延至点宁波轨道交通提醒市民在节假日展开全文
2017-12-13 15:00,谁动了我的狗粮
2017-12-13 16:27,宁波轨道交通百名老记者走进宁波轨道交通点赞发展成果月日上午由宁波市国资协会组织的百名老记者走进市国企感受新变化系列活动启程首站走进宁波轨道交通市国资协会副会长王文标带领宁波市老编辑老记者余人参观体验一行人参观了轨道交通控制中心天童庄车辆基地运行库甬城地下最美展开全文
2017-11-30 17:45,#微电影#,宁波轨道交通微电影地铁如同巨龙在甬城穿梭地铁司机因此常被称为驯龙师驯龙夫妻特烦恼围绕宁波轨道交通一对年轻的后地铁司机夫妻的矛盾与坚守讲述了在地铁运营一线有很多这样的夫妻员工群体用坚守和爱为成千上万乘客的平安快捷舒适出行而默默付出着宁波轨道交通的秒拍视频宁波轨道交通的秒拍视频
2017-11-21 11:53,宁波轨道交通中国地铁经营在线上线票卡发烧友有淘宝平台了在月日于杭州举行的城市轨道交通资源经营年年会上由宁波轨道交通筹建的中国地铁经营在线网络平台正式上线涵盖行业资讯业务频道行业智库公共服务等栏目功能同时微信文创商城启用今后点点手指就能买到全国地铁票卡了展开全文
2017-11-14 17:40,宁波轨道交通宁波轨道交通招募摄影大咖记录地铁小时代表宁波出战今年月日至日第一届中国城市轨道交通文化博览会将在深圳举办作为四大活动之一的镜头里的城轨主题摄影大赛将由宁波轨道交通承办大赛拍摄时间限定在月日点至点文博会开幕当天届时全国各城轨企业将同步展现各地展开全文
2017-10-18 18:12,#十九大#,宁波轨道交通十九大轨道交通党员干部集中收看十九大开幕倍受鼓舞月日上午点中国共产党第十九次全国代表大会隆重开幕宁波轨道交通上上下下洋溢喜庆气氛数百名党员干部佩戴党徽集中收看十九大开幕会在轨道交通应急抢险指挥中心在运营车站在施工项目部宁波轨道交通党员干部认真聆展开全文
2017-09-25 15:20,#温馨提示#,宁波轨道交通温馨提示宁波轨道交通月日运行图调整为满足国庆中秋长假前一个工作日市民的出行需要特对月日列车运行图优化调整号线号线一期晚高峰时间段由原调整为号线运行区间为霞浦高桥西高峰行车间隔分秒平峰分秒号线一期运行区间为栎社机场清水浦展开全文
2017-09-18 18:34,宁波轨道交通号线一期车站出入口雨蓬方案请你来设计最高奖金万元什么样的地铁站出入口才是最宁波最能体现城市形象呢今天起至月日宁波轨道交通发出征集令向全社会公开征集地铁号线一期工程车站出入口雨蓬设计方案最高可获万奖金你有好创意吗快来参加吧宁波发布宁波发布详情请戳链接展开全文
2017-09-13 17:26,宁波轨道交通每月一星第五期聚焦地铁精品工程守门人测量是工程的眼睛为每一步施工指引方向本期聚焦宁波轨道交通建设分公司监测监控科副科长韩三琪作为测绘工程师他们做的是上天入地的工作既要站在高楼顶描绘城市轨道交通框架控制网又要在地下米深处的隧道内摸黑工作为铺设轨展开全文
2017-09-08 10:33,上海地铁小编在现场今天上午小编来到了号线的古浪路站在这里号线首台盾构缓缓从古浪路站端头井开始掘进标志着上海轨道交通号线工程正式进入盾构施工阶段全线计划今年年底前座车站全部开工座车站主体结构封顶台盾构下井
2017-09-01 12:44,宁波轨道交通微电影成长发布纪念宁波轨道交通建设分公司成立一周年躬身建设共创未来我们在行动宁波轨道交通建设分公司一周年纪念微电影成长由建设分公司员工本色出演讲述了公司新员工一年来的成长故事展现了一年来建设分公司为推进轨道交通建设而付出的努力反映公司上下全体员工迎难展开全文
2017-08-25 15:25,宁波轨道交通东钱湖论坛论剑地铁商业与城市发展月日由中国城市轨道交通协会资源经营专业委员会和北京中轨交通研究院有限公司联合主办的东钱湖论坛年会在甬召开论坛围绕城市公共交通与商业共构新模式的主题广州地铁等数十家参会代表分别从不同角度畅谈地铁商业与城市共构协同发展话题展开全文
2017-08-25 09:34,#轨道2号线施工#,为保障地铁号线二期工程聪园路站顺利施工从年月日至年期间具体施工时间根据现场施工情况可能出现调整从车站路供电局路口至聪园路段整体道路向南侧道改请市民朋友注意前方标志按标示行车服从现场交警指挥通过施工路段减速慢行
2017-08-21 12:11,#宁波，常有新变化#,宁波轨道交通宁波常有新变化东鼓道今天开门迎客开业了今天月日上午省内首个地铁地下商业街区全国建筑面积最大的地铁两站区间综合体东鼓道正式开门迎客开业首日人气火爆甬城市民纷纷赶来探营东鼓道作为连接东门口和鼓楼两大核心区块的地下走廊它的贯通是城市地下商业展开全文
2017-08-15 18:19,#宁波，常有新变化#,宁波轨道交通宁波常有新变化定了月日东鼓道开门迎客地下商业新标杆宁波城市新名片东鼓道定于月日起正式开门迎客亲们逛街又有新去处了更多东鼓道动态请戳月日东鼓道开门迎客留影有奖月日东鼓道开门迎客留影有奖福利派送月日至月日期间只要你在东鼓道任意位置可识别留影关注宁波轨道交通官展开全文
2017-08-13 14:19,#地铁改变生活#,宁波轨道交通地铁改变生活宁波常有新变化月底要开业啦小编揭秘东鼓道究竟长啥样被定义为地下商业新标杆宁波城市新名片的宁波轨道交通东鼓道项目自建设以来就受到广泛关注目前项目已基本完成规划店铺间签约店铺间入驻签约率近八成正有序装修中预计月底可以正式营业展开全文
2017-08-07 17:39,#宁波，常有新变化#,宁波轨道交通宁波常有新变化你所不知道的宁波地铁绿色工地你印象中地铁工地是怎样的是尘土飞扬噪声隆隆还是坑坑洼洼在号线儿童公园站这个长约米的车站施工现场一系列高科技绿色装备一应俱全出入口配有实时空气和噪音监控系统工地配备高强吸尘器处理垃圾自动喷淋洗展开全文
2017-08-04 17:22,宁波轨道交通每月一星地铁建设用地保障的信使在宁波轨道交通大建设周期的背后他们积极开展建设用地报建工作为工程建设提供用地保障他们是宁波轨道交通地产开发分公司的用地报建员也被称为地铁建设用地保障的信使每月一星是宁波轨道交通今年精心打造的人物纪录短片系列展开全文
2017-08-04 15:31,宁波地铁站的人脸识别智能防控系统这是什么高科技据央视报道潜逃近十年的犯罪嫌疑人没想到被宁波地铁站的人脸识别系统认出被警方抓获
2017-08-04 12:09,由于地面施工影响号线鼓楼站公共卫生间无法正常运作今日起暂停使用恢复时间另行通知因此给您带来不便我们深表歉意号线鼓楼站公共卫生间可正常使用有需要的乘客可以前往号线鼓楼站卫生间
2017-07-24 19:16,#地铁改变生活#,宁波轨道交通地铁改变生活宁波常有新变化共享橙伞正式投放启用下步将实现地铁站全覆盖经过天投运试行宁波轨道交通共享橙伞智能公益伞现全线铺开啦月日共享橙伞投放启用仪式在鼓楼站举行个地铁站台橙伞设备同步上线为乘客出行遮阳挡雨预计月底前完成台橙伞设备安装展开全文
2017-07-22 14:29,#头条#,宁波轨道交通头条唐一军督查安全生产城市发展安全为先责重如山月日上午省委副书记市委书记唐一军检查轨道交通号线翠柏里站深入施工现场查看安全生产情况向奋战在高温一线的广大职工表示慰问唐一军要求施工单位严格落实安全生产主体责任既要确保工程进度和质量又要保证万无一失不断展开全文
2017-07-07 16:56,#我在宁波#,地铁上的暖心故事点赞亮剣亮剣笔芯陌悠悠小窝陌悠悠小窝我也遇到过这样的一哥儿们给一老太太让座老太太也推辞哥们儿也多次提老太太一笑小伙子我还年轻着呢大家都笑了念念兹兹念念兹兹我好几次让座给老人他们可能是不服老都说你坐吧我站着能行
2017-07-06 10:29,#地铁改变生活#,宁波轨道交通地铁改变生活宁波常有新变化宁波地铁免费橙伞投用试行暴雨天气再也不怕啦从月日起宁波轨道交通个地铁站台橙伞设备投入试运行市民可借橙伞共享体验橙伞项目也叫免费智能共享伞市民借伞无需下载关注宁波地铁微信公众号后支付元押金便可借用天内归还免费展开全文
2017-06-30 10:02,#地铁改变生活#,宁波轨道交通地铁改变生活宁波常有新变化高大新神器宁波轨道交通接隧道技术立项如何寻找一个经济安全快捷的施工方法实现地下空间联通日前宁波轨道交通机械法联络通道装备及设计施工关键技术简称接隧道技术立项这是一项突破性创新意味着地下空间联通将有更加安全展开全文
2017-06-29 14:16,宁波轨道交通每月一星第三期地铁夜行侠的故事在您享受地铁快捷与便利的时候他们在深夜坚守岗位保障您的出行平安他们是宁波轨道交通的轨道维护员地铁的夜行侠每天晚上才开始一天工作并赶在每天凌晨点左右完成巡道工作在宁波轨道交通像黄甜甜这样的轨道维护员有多位展开全文
2017-06-28 12:09,#地铁改变生活#,宁波轨道交通地铁改变生活宁波常有新变化爱心传递书香圆梦轨道交通相约与您一起捐书献爱心日前宁波轨道交通携手华润置地宁波有限公司发起你的旧书孩子们的新知公益捐书活动捐赠范围儿童杂志绘本故事书手工书励志书等在鼓楼站等个地铁站设立收书点轨道交通特别为参与捐展开全文
2017-06-21 17:53,#号外！号外！#,宁波轨道交通号外号外今天宁波轨道交通官方微信号上线啦欢迎铁咖们在微信搜索宁波轨道交通或直接扫码关注这是宁波轨道交通的权威政务号和文化品牌号带你了解更全的宁波轨道交通洞悉更新的宁波官方微信将不定期开展粉丝互动活动大家如有宝贵建议或意见欢迎赐教关注如晤拥抱问好展开全文
2017-06-19 19:05,#权威发布#,权威发布月日宁波轨道交通号线轻纺城站往栎社国际机场方向一列列车无法动车造成轻纺城站至栎社国际机场站行车间隔较大部分列车晚点运营分公司立即组织行车调整号线一期行车秩序逐渐恢复给您出行带来的不便深表歉意宁波发布宁波发布
2017-06-14 10:08,宁波轨道交通宁波地铁与所院校合作今年订单班计划招生人根据宁波轨道交通人才储备需要宁波轨道交通集团运营分公司年委培所院校个专业名人员计划招收电客车司机名站务人员名车俩检修人员名信号维护员名通信维护员名机电检修设备人员名具体可登录宁波轨道展开全文
2017-06-08 09:47,#宁波，常有新变化#,宁波轨道交通宁波常有新变化萌萌哒宁波地铁有了个能说会道的机器人近日在宁波轨道交通号线樱花公园站一个银白色科技感十足的小不点吸引了路人的目光它是一款服务型机器人名字叫小轨在国内轨道交通行业尚属首个快来宁波地铁看小轨吧围观围观
2017-06-05 14:03,#温馨提示#,宁波地铁开绿色通道考生凭准考证免费坐
2017-06-05 11:52,#温馨提示#,宁波轨道交通温馨提示助力中高考宁波地铁开绿色通道考生凭准考证免费坐宁波轨道交通在今年中高考期间月日日及月日日继续为考生开辟免费乘坐绿色通道考生凭准考证可从车站绿色专用通道免费乘坐地铁为避免个别考生忘带漏带文具而耽误考试情况发生重点车站还准备了一定数量的应急展开全文
2017-05-30 16:57,#地铁改变生活#,宁波轨道交通地铁改变生活宁波常有新变化宁波轨道交通开通三周年三年共运送亿人次自年宁波首条地铁号线一期开通至今宁波轨道交通已运营整三年目前运营里程约公里运行总里程达万列公里总客流突破亿人次三年来轨道交通带来快捷舒适低碳的出行体验提升服务改善展开全文
2017-05-27 11:10,#宁波，常有新变化#,宁波轨道交通宁波常有新变化阳明号今日在号线始发今天月日上午改造升级后的类矩形盾构机阳明号在号线翠柏里站始发长约公里的大卿桥翠柏里双东路隧道区间贯通后将成为我国第一条穿越核心城区的类矩形盾构法隧道轨道交通号线是中西北至东南的一条重要径向线线路经展开全文
2017-05-26 17:45,#地铁改变生活#,宁波轨道交通地铁改变生活六一节宁波地铁请小朋友和老师免费坐地铁宁波地铁运营三周年之际惠民服务再升级六一儿童节当天周岁及以下儿童教师可凭身份证户口本教师证等有效证件免费乘坐地铁这是宁波地铁自开通以来连续第年坚持开展儿童节免费活动温馨提示很多气球内部充展开全文
2017-05-26 11:44,宁波轨道交通第二期每月一星短片上线聚焦地铁大脑地铁安全有序的运行离不开地铁大脑行车调度部控制中心本期人物庄宝石就是宁波轨道交通多名行车调度员中的一名是他们用青春守护所有的出发和到达让每一个归心似箭的人按时到家每月一星是宁波轨道交通今年精心打展开全文
2017-05-25 09:06,#地铁改变生活#,宁波轨道交通地铁改变生活温馨提示宁波轨道交通运行图调整自年月日起宁波轨道交通号线和号线一期优化调整时刻表行车间隔号线工作日高峰时段为分秒平峰时段为分秒节假日高峰时段为分秒平峰时段为分秒号线一期工作日高峰时段为分秒平峰时段为分秒节假日高峰时展开全文
2017-05-19 11:03,#宁波，常有新变化#,宁波轨道交通宁波常有新变化地铁改变生活乘坐号线邂逅见证爱专列今天在地铁有爱品牌发布的现场地铁有爱见证爱主题专列正式发车列车车箱设计以象征爱情的红粉色系为主色调列车厢依次以浅粉到深红的色彩渐变呈现表达不同的情感主题分别为我单身展开全文
2017-05-19 10:44,#宁波，常有新变化#,宁波轨道交通宁波常有新变化地铁有爱你我同行宁波地铁为造节地铁有爱主题月开幕在来临之际今天月日宁波轨道交通在鼓楼站举行地铁有爱主题宣传月开幕式正式发布地铁有爱的节日品牌首届系列活动为期一个月整合衣食住行游乐六大体验内容展开全文
2017-05-17 14:14,#地铁有爱，我想对地铁说#,宁波轨道交通地铁有爱我想对地铁说在这个特殊日子到来之际月日地铁有爱主题活动月开幕式将在鼓楼站大三角区举行如果你有兴趣参加现场活动并在本微博下留言写下你想对宁波地铁说的话同时转发并位小伙伴位小伙伴我们将随机抽取并邀请名幸运粉丝前来参加开幕式活动还将送上神秘礼物展开全文
2017-05-10 14:35,宁波轨道交通副市长褚银良调研宁波轨道交通月日下午宁波市副市长褚银良携市有关部门主要负责人乘坐号线到轨道交通调研工作褚银良一行全面听取了轨道交通工作汇报仔细询问了轨道交通规划建设运营开发投资等有关情况深入了解和研究了轨道交通同城市其他公共交通线路优化资源整合以及土地储展开全文
2017-05-09 21:24,宁波轨道交通宁波轨道交通每月一星人物短片出炉宁波轨道交通精心打造每月一星人物纪录短片刻画轨道交通一线员工成长历程讲述轨道交通人敬业奉献克难攻坚的故事情怀目前首期每月一星短片已上线聚焦宁波轨道交通建设分公司业主代表宋华作为业主代表既是工程的管理者展开全文
2017-05-06 20:23,#宁波，常有新变化#,宁波轨道交通宁波常有新变化宁波立法促进文明行为类不文明行为要受惩戒备受关注的宁波市文明行为促进条例将于今年月日正式施行为什么要出台条例哪些不文明行为要受惩戒惩戒措施怎么落实详细解读请戳链接有这些行为的要注意了月日起宁波文明新有这些行为的要注意了月日起宁波文明新
2017-05-05 12:08,宁波轨道交通集齐应急卡好运赢大奖应急知识宣传活动邀请你来参加关注应急守护生命由宁波市应急办市气象局市突发事件预警信息发布中心携手发起的集齐应急卡好运赢大奖活动邀您来参加集齐卡片换福利嘻嘻嘻嘻戳右边链接集齐应急卡好运赢大奖应急知识宣传活动邀集齐应急卡好运赢大奖应急知识宣传活动邀
2017-05-04 21:57,螺丝钉不松懈宁波地铁人不松懈
2017-04-27 16:43,#地铁改变生活#,宁波轨道交通地铁改变生活宁波常有新变化五一节宁波地铁已经准备好啦为迎接五一小长假宁波轨道交通提前制订专项保障方案及早安排节期行车组织客运服务设备维保安全保障等视客流情况加开列车力保五一期间线网运营平稳有序同时向各车站配送预赋值单程票节假日如遇车站购票积展开全文
2017-03-26 20:17,#地铁改变生活#,宁波轨道交通地铁改变生活宁波常有新变化月日凌晨宁波轨道交通号线一期工程樱花公园站至体育馆站区间隧道提前天实现双线贯通这是号线一期工程第二个双线贯通的区间隧道目前号线一期工程座车站已全部开工座车站主体结构封顶剩余座车站除南部商务区站外今年均可完成主体结构封顶各展开全文
2017-03-22 17:50,#地铁改变生活#,宁波轨道交通地铁改变生活宁波地铁增开列车列次全力应对清明祭扫客流高峰随着清明节临近今日日宁波地铁清明节运输组织方案出炉宁波地铁将通过提早班车增加运力加强服务等措施全力应对清明期间祭扫客流高峰特别值得一提的是油漆鞭炮爆竹烟花散装或度及以上酒类等物品不能携展开全文
2017-02-25 19:59,甬之邮宁波轨道交通宁波轨道交通今日特举行首次粉丝见面会大家畅所欲言展望未来还很贴心的给与会粉丝们准备了礼物
2017-02-23 15:49,#地铁改变生活#,宁波轨道交通地铁改变生活宁波常有新变化宁波轨道交通行稳致远千日永续年月日是宁波轨道交通安全运营第天月日宁波轨道交通行稳致远千日永续安全专项活动誓师大会举行副市长林静国出席并宣布专项活动启动现场列车鸣笛驶发员工代表进行火炬接力天是展开全文
2017-02-22 17:20,#地铁改变生活#,宁波轨道交通地铁改变生活宁波常有新变化宁波轨道交通安全运营天今天年月日宁波轨道交通实现了安全运营天自年月日号线一期开通试运营至今宁波轨道交通运营总里程达万列公里运送乘客亿人次各项运营技术指标表现良好全线共开行列车万列次列车正展开全文
2017-02-21 16:48,#地铁改变生活#,宁波轨道交通地铁改变生活宁波常有新变化中国移动手机市民卡乘坐地铁享折优惠自年月日至年月日使用中国移动手机市民卡享折优惠乘车超时不享受优惠市民可以携带有功能的手机身份证及银行卡到移动营业厅免费更换卡与功能匹配的移动手机卡并下载安展开全文
2017-02-19 20:39,#地铁改变生活#,宁波轨道交通地铁改变生活宁波常有新变化截至今日宁波轨道交通线网共安全运送乘客约亿人次充分发挥了城市公共交通骨干线作用全线共开行列车约万列次列车正点率达运行图兑现率达列车累计运营里程达到万列公里各项运营技术指标名列国内同类城市前茅从建设到展开全文
2017-02-15 17:15,#地铁改变生活#,宁波轨道交通地铁改变生活宁波常有新变化中国电信手机市民卡乘坐宁波地铁享折优惠自年月日至月日使用中国电信手机市民卡可享折优惠如乘车超时则不享受折扣优惠用户持具有功能的手机到宁波电信营业网点更换支持移动金融支付功能的卡普通电信手机卡后可在宁波轨道展开全文
2017-02-14 16:44,#宁波，常有新变化#,宁波轨道交通宁波常有新变化地铁改变生活贴心服务再升级城隍庙站城客之家服务台启用手机充电爱心雨伞手绘美食地图月日宁波轨道交通运营服务再升级号线一期城隍庙站城客之家特色服务台启用为乘客提供优质服务不断电吃货集散营旅途规划提速站及时伞展开全文
2017-02-10 17:50,#温馨提醒#,宁波轨道交通温馨提醒为保障轨道交通号线丽江路站顺利施工市交警部门计划于年月日对康庄南路进行道路封闭施工预计至年月日恢复通行宁波轨道交通在此温馨提示自年月日起对保通云飞路康庄南路康桥南路实行单行交通管制禁止一切机动车在保通云飞路康庄南路康桥南路展开全文
2017-02-10 15:52,#宁波，常有新变化#,宁波轨道交通宁波常有新变化地铁改变生活宁波轨道交通互联网购取票机试点范围增加继东门口站鼓楼站宁波大学站中河路站之后月日起宁波轨道交通互联网购取票机试点范围再次扩大本次新增的两个站点是宁波火车站站和栎社国际机场站两处设备于即日起启用除宁波地铁微信公众展开全文
2017-02-07 11:26,宁波轨道交通节后的宁波地铁撸起袖子加油干欢度新春的红灯笼还在高高挂着新年的喜庆气氛仍荡漾在街头我们已匆匆回到了各自的岗位上新春伊始宁波轨道交通各施工现场已一片热火朝天为春运保驾护航的运营人时刻坚守岗位在渐浓的春意里让我们撸起袖子加油干吧
2017-02-06 10:35,宁波轨道交通宁波地铁开设暖心惠民专列月日早晨两列地铁专列在号线宁波火车站向两端发车这是宁波轨道交通为外来务工人员返甬特别开设的暖心惠民专列专列自本月日起至日每日在号线宁波火车站前往栎社国际机场及清水浦方向分别加开一列号线鼓楼站前往霞浦及高桥展开全文
2017-01-24 15:53,#新年送祝福抽礼包#,宁波轨道交通新年送祝福抽礼包中奖名单公布鼓掌鼓掌感谢广大网友的新年祝福心心恭喜以下名幸运网友将得到新年小礼包一份具体领奖凭证将以私信通知请注意查收请持续关注轨道交通官方微博更多福利等您来
2017-01-23 18:48,#地铁改变生活#,宁波轨道交通地铁改变生活留言送祝福抽礼包为感谢亲们一直以来的支持和陪伴小布新春送礼啦请您于月日下午点前月日下午点前在本微博后面留下您的祝福我们将在送祝福的网友中按照一定的规律如顺序逢或其倍数抽取名幸运网友额满为止每位送出新年小礼包一份内含小熊布娃娃个耳罩个福彩展开全文
2017-01-03 09:56,#地铁改变生活#,宁波轨道交通地铁改变生活号线二期地下段开工新年第一天全省扩大有效投资重大项目集中开工活动暨全市扩大有效投资重大项目集中开工仪式在轨道交通号线二期聪园路站举行宁波轨道交通号线二期地下段正式开工宁波市轨道交通号线二期工程起自一期工程终点清水浦站后向东南方向串联了临江片区和展开全文
2016-12-30 17:05,宁波轨道交通感谢有你让我们继续前行鼓掌鼓掌鼓掌鼓掌鼓掌鼓掌提前祝大家新年快乐
2016-12-28 22:09,#地铁改变生活#,宁波轨道交通地铁改变生活国际领先宁波轨道交通类矩形盾构技术成果获专家鉴定月日上海市土木工程学会在宁波组织召开宁波城市轨道交通类矩形盾构法隧道装备及设计施工关键技术研究项目成果鉴定会以中科院和中国工程院名院士国内多名业内权威专家组成的评审组经过深入审定后认为宁展开全文
2016-12-24 12:19,#宁波地铁首个上盖物业综合体开工#,宁波轨道交通宁波地铁首个上盖物业综合体开工今天月日上午宁波轨道交通号线邱隘东综合开发项目案名宁波轨道绿城杨柳郡开工这是宁波轨道交通首个盖上物业综合体开发项目标志着宁波轨道交通物业开发全面启动项目由宁波轨道交通携手中国房地产综合实力企业绿城房地产集团联合开发展开全文
2016-12-21 17:04,#地铁改变生活#,宁波轨道交通地铁改变生活平安夜跨年夜宁波地铁运营延时小时为了方便市民节假日期间出行年月日平安夜月日跨年夜宁波地铁执行特殊日时刻表全线运营时间为共计小时较平日延长小时末班车延长至点行车间隔同平日保持不变至期间展开全文
2016-12-19 13:20,# 粉丝回馈#,宁波轨道交通粉丝回馈中奖名单公布鼓掌鼓掌地铁改变生活感谢广大网友的热情关注和积极参与恭喜以下获奖网友请于月日日到号线江厦桥东站客服中心领取现代金报报卡金报卡订阅截止日期至月日具体领奖凭证将以私信通知请注意查收请持续关注轨道交通官方微博更多福利等您来
2016-12-16 10:02,#宁波首届轨道交通票卡设计大赛圆满收官#,宁波轨道交通宁波首届轨道交通票卡设计大赛圆满收官月日首届印象宁波轨道交通票卡票面设计大赛落幕幅作品从近幅参赛作品中胜出这些由市民网络投票和专家评审选出来的获奖设计将应用到地铁纪念票卡和地铁文创产品上有望成为年地铁票卡面图案明年宁波地铁票卡的颜值更高哦戳大图展开全文
2016-12-14 11:05,#粉丝回馈#,宁波轨道交通粉丝回馈转眼又到年末年余额已不足天你的年度目标都实现了么为感谢铁粉们这一年来的支持与陪伴小编来为大家送年末福利啦关注宁波轨道交通宁波轨道交通转发本微博同时位好友转发截止月日本周日我们将随机抽取位幸运粉丝每位可获张现代金报报卡可订阅年全年现展开全文
2016-11-29 08:29,心灵卡片有一天你曾经追过的人来倒追你那你就赢了
2016-11-25 11:00,#轨道交通志愿者招募工作开始啦#,宁波轨道交通轨道交通志愿者招募工作开始啦宁波轨道交通现面向全市公开招募志愿者即日起至月日地铁运营时间内市民可前往以下地铁站客服中心进行现场报名宁波火车站鼓楼站外滩大桥站路林站宁波大学站福明路站也可以在鼓楼站志愿服务中心大三角区宁波火车站志愿服务驿站报名记得带展开全文
2016-11-24 14:01,#温馨提示#,温馨提示亲爱的乘客若您不小心将自己的物品丢失在宁波轨道交通车站请第一时间向车站工作人员求助说明丢失的物品遗失的位置或线路也可直接拨打客服热线反映
2016-11-21 17:17,#媒体进地铁#,宁波轨道交通媒体进地铁宁波轨道交通志愿服务中心落成规模居全市交通行业领域之首今天月日下午宁波轨道交通志愿服务中心落成暨人人志愿者行动启动仪式在轨道交通号线鼓楼站举行这是我市交通行业领域规模最大的志愿服务阵地今后轨道交通志愿服务马拉松邀请赛志愿者技能大赛等活动将展开全文
2016-11-17 15:55,#媒体进地铁#,宁波轨道交通媒体进地铁月日上午宁波轨道交通组织市内媒体走进号线一期鄞州区政府站项目部参观工程进展鄞州区政府站为号线与号线的换乘站目前该站号线部分主体结构施工接近尾声预计年底前可完成结构封顶该站号线部分正在进行土方开挖目前号线一期全面开工的车站中中兴大桥南站仇毕展开全文
2016-11-11 10:45,#全球最大断面类矩形隧道贯通#,宁波轨道交通全球最大断面类矩形隧道贯通今天上午点分随着宁波市轨道交通号线出入段线阳明号盾构机巨大双刀盘破土而出宁波轨道交通号线类矩形盾构试验段工程贯通标志着国内第一条城市轨道交通类矩形盾构隧道顺利贯通也是目前世界上最大断面类矩形盾构隧道该盾构机由宁波轨道交通集团组织展开全文
2016-11-03 10:09,宁波轨道交通地铁出行多重优惠月日至月日期间银联新版宁波市民卡标准市民卡含服务卡校园教职工卡可享受票价折优惠使用手机市民卡和校园学生卡背面带照片享折优惠要注意的是乘车超时情况下就不能享受折扣咯详情戳大图
2016-10-31 09:16,宁波轨道交通号线一期所有车站开工月日下午轨道交通号线一期樱花公园站至体育馆站区间左线盾构顺利始发截至目前号线一期工程全线座地下车站中座车站已全部开工换乘站樱花公园站和大通桥站已在号线一期和号线一期同步建设完成已有个标段进入盾构掘进施工阶段台盾构机正在掘进作业展开全文
2016-10-26 12:01,宁波轨道交通为保障宁波国际马拉松比赛的举行月日宁波轨道交通号线执行时刻表较节假日时刻表增加列高桥西至霞浦站载客列车高桥西上行首班车提前至号线高桥西至霞浦站趟增开列车的发车时间分别为行车间隔为分钟沿线各站均停靠中河路站与长江路站停展开全文
2016-09-30 14:30,#我和国旗合个影，我为祖国送祝福#,祝福祖国
2016-09-28 09:29,#地铁改变生活#,宁波轨道交通地铁改变生活宁波轨道交通号线一期工程开工月日上午宁波市轨道交通号线一期工程举行开工现场会省委常委市委书记代市长唐一军宣布工程开工标志着宁波市轨道交通第二轮建设再迈坚实的一步号线一期工程西起鄞州区布政止于兴庄路站全长约公里设座车站全部展开全文
2016-09-26 15:34,#地铁改变生活#,宁波轨道交通地铁改变生活宁波轨道交通网络化运营暨号线一期试运营一周年一年前的今天轨道交通号线一期开门迎客宁波迈入轨道交通网络化运营时代年月日号线一期满周岁了截至目前宁波轨道交通运营里程近公里全线网共运送乘客约亿人次轨道交通改变着市民的出行习惯也正在悄然展开全文
2016-09-26 10:24,#地铁改变生活#,宁波轨道交通地铁改变生活今天宁波轨道交通网络化运营暨号线一期试运营迎来一周年截至目前宁波轨道交通运营总里程近公里自年月日号线一期开通试运营以来线网共运送乘客约亿人次宁波发布宁波发布
2016-09-24 15:38,宁波轨道交通宁波轨道交通院士工作站成立月日上午中国浙江宁波人才科技周暨全球化企业发展中国宁波论坛隆重开幕开幕式举行了人才科技周综合签约授牌资助仪式并对宁波轨道交通等家新建院士工作站进行了授牌宁波发布宁波发布
2016-09-23 09:23,#地铁改变生活#,宁波轨道交通地铁改变生活昨天月日是世界无车日宁波轨道交通全线网免费全天总客运量万人次其中号线进站万号线进站万换乘万客流量前三的车站分别为东门口万人次鼓楼万人次宁波火车站万人次号线运行图兑现率正点率号线一期运行图兑现率展开全文
2016-09-18 21:42,人民日报樊振东首夺中国公开赛冠军乒乓球中国公开赛男单决赛结束樊振东发挥出色以战胜大满贯得主马龙职业生涯首夺中国公开赛男单冠军祝贺视频欣赏精彩回合网友原来奥运冠军下一目标是全国冠军不是段子笑笑给国乒点赞网页链接网页链接
2016-09-18 10:48,#牢记九一八#,牢记九一八勿忘国殇吾辈自强话筒话筒话筒话筒
2016-09-16 08:04,#抗击台风莫兰蒂#,抗击台风莫兰蒂截至月日时宁波轨道交通全线运营正常请市民选择地铁出行宁波发布宁波发布
2016-09-09 17:47,#地铁改变生活#,宁波轨道交通地铁改变生活到本月日宁波轨道交通号线一期就满周岁啦特别推出号线一期开通一周年纪念票正式发售时间为月日爱好收集地铁纪念票的市民可关注宁波地铁微信公众号购买号线一期周年纪念票分两款元包含单程票张及次记次票张元版包含单程票张及次记次票张展开全文
2016-08-31 08:57,新浪新闻客户端李小鹏辞去山西省长职务自称要到北京某某部去山西省人大常务委员会第二十八次会议决定接受李小鹏因工作变动辞去山西省省长职务的请求据媒体报道月日下午临行前李小鹏向送别人群深深鞠了一躬随后说了最后一句话到北京去到那个某某部去李小鹏自称要到北京某某部去李小鹏自称要到北京某某部去
2016-08-29 13:01,#地铁改变生活#,宁波轨道交通地铁改变生活宁波常有新变化宁波首个大型地铁上盖综合体签约吃住购一站式地铁生活来临月日上午宁波轨道交通与绿城房地产集团牵手就号线邱隘东站综合开发项目正式签订合作协议我市首个轨道交通物业综合开发项目正式落地标志着宁波正式进入轨道交通物业时代
2016-08-19 20:56,#里约奥运会#,央视体育林丹不敌李宗伟无缘决赛里约奥运会羽毛球男单半决赛卫冕冠军林丹不敌马来西亚名将李宗伟双方前两局各胜一场在决胜局的较量中林丹经过苦战最终不敌李宗伟无缘晋级决赛
2016-08-18 16:21,#地铁改变生活#,宁波轨道交通地铁改变生活宁波常有新变化近日宁波轨道交通号线二期配套绕行道路选址意见书已通过规划审批号线二期北仑段开工的脚步越来越近了号线全线全长公里一期公里已于去年月日通车二期工程从清水浦站出发沿宁镇公路在镇海电厂西侧进入地下此后沿车站路城河西路进入展开全文
2016-08-18 11:22,#王宝强离婚上bbc首页#,重庆苏格摄影深扒一个你不知道的王宝强王宝强离婚上首页
2016-08-11 11:36,#地铁改变生活#,宁波轨道交通地铁改变生活宁波常有新变化好消息即日起至月日宁波市民使用手机市民卡乘坐宁波轨道交通可享受票价折优惠宁波轨道交通全线均支持手机市民卡功能不过要注意的是乘车超时不享受折扣优惠目前苹果手机还不支持开通手机市民卡功能详情请戳大图
2016-07-22 11:42,#地铁改变生活#,宁波轨道交通地铁改变生活高温下的坚守宁波地铁号线仇毕站米深相当于爬层楼可下到最低层里面就是个没盖的闷烧桶下去采访的记者待了三分钟就浑水全湿了工人的衣服随便一拧就能拧出哒哒滴的汗水抓狂抓狂汗水如此美丽地铁来之不易鼓掌鼓掌鼓掌鼓掌鼓掌鼓掌
2016-07-13 15:55,宁波轨道交通话筒话筒近期多位网友通反映自己在地铁车厢内遇到的乞讨以及扫二维码推销自月日起由市客管局执法人员轨道交通治安分局民警轨道交通工作人员组成的巡查小组在轨道交通全线车厢内对乞讨扫二维码收废报纸等违规行为展开集中巡查为期一月请广大乘客不要理睬以及给予他们经济支持主动展开全文
2016-07-07 16:20,宁波地铁已覆盖周边十余家中心医院收好不谢
2016-07-05 19:28,宁波轨道交通宁波地铁东鼓道招商电话欢迎垂询作揖作揖给力给力话筒话筒
2016-07-05 16:12,#地铁改变生活#,宁波轨道交通地铁改变生活东鼓道宁波地铁首个地下商圈招商全面开启东鼓道项目平行于中山东路地下地铁号线鼓楼站到东门口站区间与天一商圈鼓楼商圈和义大道商圈相连是宁波首个地铁商业共构项目街区全长米分地下一层二层全街分为品味时光廊朋友创客新世代活力达人区展开全文
2016-06-28 15:13,#温馨提示#,温馨提示因中山东路施工改造需要宁波轨道交通决定自年月日日临时关闭樱花公园地铁站出入口以确保乘客出行安全广大市民乘客可以选择樱花公园站出入口通行请互相转告给您带来的不便敬请谅解
2016-06-20 21:47,受恶劣天气影响月日时分轨道交通号线宝幢站至邬隘站设备系统自动启动保护性动作保证了列车运行安全同时运营秩序受到影响经专业人员紧急处置已于时分恢复正常运营给广大乘客带来不便敬请谅解北仑发布北仑发布
2016-06-20 19:43,谢谢理解请拿到伞的乘客记得还伞哦给人方便也予己方便
2016-06-17 18:01,#地铁改变生活#,宁波轨道交通开奖了推荐幸福地铁有奖转发活动名单公布地铁改变生活感谢广大网友的热情关注和积极参与恭喜以下获奖网友请于月日日到号线江厦桥东站客服中心领取月地铁免费券具体领奖方式将以私信通知请注意查收请持续关注轨道交通官方微博更多福利等您来
2016-06-16 23:30,武汉地铁运营细语晚安今日的事情尽心尽意尽力去做了无论成绩如何都应该高高兴兴地上床恬睡三毛亲爱的三毛
2016-06-16 19:10,#地铁改变生活#,宁波轨道交通地铁改变生活宁波常有新变化日前由新华社瞭望东方周刊主办的中国最具辛福感城市大调查评选出炉宁波荣获全国最具幸福感城市幸福是什么有一种辛福叫坐上轨道交通有一种幸福叫地铁改变生活还有一种幸福是当所有的地下铁连成一个世界可以带我们去任何想去的地方展开全文
2016-06-15 17:50,#地铁改变生活#,宁波轨道交通地铁改变生活宁波地铁开启互联网购票新体验即日起市民可通过手机购买宁波地铁单程票首批配备互联网购取票机的站点有鼓楼站东门口站宁波大学站市民可通过宁波地铁微信平台或宁波地铁官方线上购票凭订单二维码到以上站点互联网购取票机扫码取票既解决零钱支付展开全文
2016-06-12 15:10,# 6月地铁免费券#,宁波轨道交通月地铁免费券最后一期中奖名单公布推荐地铁改变生活感谢广大网友的热情关注和积极参与恭喜以下获奖网友请于月日日到号线江厦桥东站客服中心领取地铁券具体领奖方式将以私信通知请注意查收请持续关注轨道交通官方微博更多福利等您来
2016-06-06 15:18,# 6月地铁免费券#,宁波轨道交通开奖了推荐月地铁免费券首期中奖名单群体围观地铁改变生活感谢广大网友的热情关注和积极参与恭喜以下获奖网友请于月日日到号线江厦桥东站客服中心领取地铁券具体领奖方式将以私信通知请注意查收请持续关注轨道交通官方微博更多福利等您来
2016-06-03 10:05,#地铁改变生活#,地铁改变生活月日高考及月日中考期间广大考生凭中高考准考证可从车站开设的绿色专用通道免费进站乘地铁同时为让广大考生安心赴考避免个别考生忘带考试用具而耽误考试情况发生全线地铁车站还贴心准备了应急文具包特殊情况下考生可直接与车站客服中心联系领取
2016-05-31 12:57,#地铁改变生活#,宁波轨道交通地铁改变生活文明一路同行月日上午市文明办联合宁波轨道交通在号线鼓楼地铁站举办了年度地铁行文明行系列主题活动启动仪式现场正式发布了宁波地铁文明公约用文明公益行动来开启文明乘车的崭新篇章
2016-05-30 17:17,#地铁改变生活#,宁波轨道交通月福利推荐地铁改变生活月地铁免费券继续发放偷乐偷乐关注宁波轨道交通宁波轨道交通转发本微博同时位好友我们将进行两次抽奖每次随机抽取位幸运粉丝每人可获张地铁券每张地铁券可乘坐号线全线号线一期全程一次快动手吧
2016-05-30 14:11,#文明一路同行#,文明一路同行文明乘车为你点赞先下后上从我做起
2016-05-30 14:09,宁波轨道交通运营两周岁啦拍照拍照围观围观
2016-05-24 16:45,#地铁改变生活#,宁波轨道交通地铁改变生活文明一路同行地铁文明网络问卷调查结果出炉参与问卷的群体以上班族居多占到乘坐地铁时网友最讨厌三大不文明现象为候车不排队上下车不按秩序先下后上在车厢里饮食坐姿不雅躺卧或将随身物品腿放置于座位上三类行为分别占投票总数的展开全文
2016-05-17 09:22,#地铁改变生活#,宁波轨道交通地铁改变生活文明一路同行本次地铁文明网络问卷调查得到了网友们的踊跃参与在此感谢大家的热心关注和积极建言献策偷乐偷乐恭喜以下位中奖的网友幸运获得本月地铁券张请于月日周三至日周日到号线江厦桥东站客服中心领取具体领奖方式以私信通知请注意查收
2016-05-15 20:39,#地铁改变生活#,地铁改变生活文明地铁行必须点赞点赞再点赞作揖作揖鼓掌鼓掌给力给力赞赞
2016-05-09 16:52,#地铁改变生活#,宁波轨道交通地铁改变生活文明一路同行快来参加地铁文明网络问卷调查吧月日起市民可登陆宁波轨道交通官微宁波轨道交通宁波轨道交通中国宁波网参与地铁文明有奖问卷调查我们将在参加问卷的网友中随机抽取位幸运网友每人可获张五月地铁券点击右方链接在线填写问卷网页链接网页链接
2016-05-09 13:46,# 5月地铁免费券#,宁波轨道交通开奖了推荐月地铁免费券最后一期中奖名单地铁改变生活感谢广大网友的热情关注和积极参与恭喜以下获奖网友请于月日日到号线一期江厦桥东站客服中心领取地铁券具体领奖方式将以私信通知请注意查收请持续关注轨道交通官方微博更多福利等您来给力给力给力给力
2016-05-06 11:18,#宁波新闻#,第二届中国中东欧博览会将于月日至日举行
2016-04-29 15:56,# 5月地铁免费券#,宁波轨道交通开奖啦推荐月地铁免费券首期中奖名单地铁改变生活感谢广大网友的热情关注和积极参与恭喜以下获奖网友请于月日月日到号线一期江厦桥东站客服中心领取地铁券具体领奖方式将以私信通知请注意查收请持续关注轨道交通官方微博更多福利等您来挤眼挤眼
2016-04-27 09:49,#地铁改变生活#,地铁改变生活月日至月日宁波市文明办联合宁波轨道交通面向社会公开征集宁波地铁文明公约暂定名任何组织或个人均可参与
2016-04-26 15:27,#地铁改变生活#,宁波轨道交通月福利来了推荐地铁改变生活月地铁免费券加大力度派送关注宁波轨道交通宁波轨道交通转发本微博同时位好友我们将进行两次抽奖每次随机抽取位幸运粉丝每人可获张地铁券每张地铁券可乘坐号线全线号线一期全程一次快动手吧赞啊赞啊鼓掌鼓掌鼓掌鼓掌
2016-04-20 17:26,#地铁改变生活#,坐地铁更多优惠看过来群体围观
2016-04-20 16:20,中山路改造施工事故被困工人经抢救无效死亡蜡烛蜡烛
2016-04-19 17:09,#地铁改变生活#,宁波轨道交通宁波轨道交通号线一期工程可行性报告获批看看有没有经过你家线路起自鄞州布政站终于镇海兴庄路站途经规划阳光路云林路鄞县大道金达路海晏路院士路明海南路清泉路全长约公里共座车站均为地下线平均站间距公里详情请戳大图地铁改变生活展开全文
2016-04-19 11:54,#井柏然#,井柏然井柏然生日快乐井柏然的九宫格年华谢风度一起期待我们新生代影坛小生更棒的大银幕表现哦心心心心
2016-04-18 20:52,棒棒哒鼓掌鼓掌鼓掌鼓掌
2016-04-18 09:13,#地铁改变生活#,地铁改变生活月日起运营分公司启动优质服务月系列便民活动除鼓楼站母婴室外新增大卿桥站客运中心站宁波火车站母婴室有需要的妈妈可以免费使用哦
2016-04-14 15:38,#宁波-东亚文化之都#,宁波东亚文化之都创意中华点石成金年宁波特色文化博览会将于月日至日在宁波国际会展中心举办相约文博会
2016-04-14 14:19,#宁波-东亚文化之都#,宁波东亚文化之都东亚文化之都城市媒体见面会于今天上午举行
2016-04-14 12:14,#今日关注#,话筒话筒中东欧国月再聚宁波
2016-04-12 14:24,# 4月地铁免费券#,宁波轨道交通开奖啦推荐月地铁免费券最后一期中奖名单地铁改变生活宁波常有新变化感谢广大网友的热情关注和积极参与恭喜以下获奖网友请于月日日到号线一期江厦桥东站客服中心领取地铁券具体领奖方式将以私信通知请注意查收请持续关注轨道交通官方微博更多福利等您来鼓掌鼓掌
2016-04-07 16:11,#文明施工，我们在行动#,宁波轨道交通文明施工我们在行动儿童公园站为轨道交通号线号线换乘车站目前处于地下连续墙施工该站点地连墙厚度达米深度米需天完成一幅为确保施工质量需持续施工对于给周边市民带来的影响轨道交通目前采取调整工序引入新设备控制音源缩短工期等来努力控制缓解施工噪音影响展开全文
2016-04-04 11:45,#清明话安全#,地铁宝幢站客流趋平稳话筒话筒
2016-04-04 08:06,#地铁改变生活#,有事请找红马甲作揖作揖作揖作揖
2016-04-04 08:02,#清明话安全#,交警蜀黍最辛苦啦作揖作揖作揖作揖
2016-03-31 17:09,# 4月地铁免费券#,宁波轨道交通开奖了推荐月地铁免费券中奖名单地铁改变生活宁波常有新变化感谢广大网友的热情关注和积极参与中奖名额特增至位恭喜以下获奖网友请于月日日到号线一期江厦桥东站客服中心领取地铁券具体领奖方式将以私信通知请注意查收请持续关注轨道交通官方微博更多福利等您来展开全文
2016-03-29 14:18,#地铁改变生活#,宁波轨道交通月福利推荐地铁改变生活宁波常有新变化踏青季月地铁免费券继续派送关注宁波轨道交通宁波轨道交通转发本微博同时位好友我们将进行两次抽奖每次随机抽取位幸运粉丝每人可获张地铁券每张地铁券可乘坐号线全线号线一期全程快动手吧给力给力给力给力
2016-03-24 17:08,#地铁改变生活#,地铁改变生活为更好地服务清明节期间扫墓市民月日至日轨道交通号线提前首班车时间并缩短行车间隔月日日高桥西站始发列车将提前至霞浦站始发列车为月日高桥西站始发列车将提前至霞浦站始发列车将提前至
2016-03-23 17:08,#地铁改变生活#,宁波轨道交通地铁改变生活温馨提示清明节坐地铁哪些东西不能带搭乘轨道交通去扫墓时需注意油漆鞭炮爆竹烟花不能带火柴限带根以下打火机限带个详情请戳大图
2016-03-22 07:28,#宁波，常有新变化#,从北仑到火车站坐地铁无须出站来来给力给力话筒话筒
2016-03-21 10:40,# 3月地铁券中奖名单#,宁波轨道交通开奖了推荐月地铁券中奖名单地铁改变生活宁波常有新变化感谢广大网友的热情关注和积极参与恭喜以下位获奖网友请于月日日到号线一期江厦桥东站客服中心领取免费体验券具体领奖方式将以私信通知请注意查收请持续关注轨道交通官方微博更多福利等您来挤眼挤眼
2016-03-19 23:39,#地铁改变生活#,宁波轨道交通地铁改变生活月日宁波轨道交通线网总客流人次其中号线进站客流人次号线一期进站客流人次换乘客流人次前五车站分别为东门口人次鼓楼人次中河路人次宁波火车站人次霞浦人次再次感谢全体市民的厚爱宁波骆驼宁波骆驼
2016-03-19 22:22,#地铁改变生活#,宁波轨道交通地铁改变生活温馨提示日截至线网进站总客流人次其中号线进站客流人次号线一期进站客流人次换乘客流人次末班车现已正点开出运营安全平稳轨道交通感谢全市人民的支持作揖作揖作揖作揖宁波镇海区宁波镇海区
2016-03-19 20:27,#地铁改变生活#,宁波轨道交通地铁改变生活温馨提示日截至线网进站总客流人次其中号线进站客流人次号线一期进站客流人次换乘客流人次全线网进站前五的车站分别为东门口人次鼓楼人次中河路人次宁波火车站人次霞浦人次宁波世纪东方广场宁波世纪东方广场
2016-03-19 18:07,#地铁改变生活#,宁波轨道交通地铁改变生活温馨提示日截至线网进站总客流人次其中号线进站客流人次号线一期进站客流人次换乘客流人次全线网进站前五的车站分别为东门口人次鼓楼人次中河路人次霞浦人次长江路人次宁波邱隘镇宁波邱隘镇
2016-03-19 17:26,#地铁改变生活#,宁波轨道交通地铁改变生活温馨提示家住北仑的陈女士今天带婆婆乘地铁下午在长江路站婆婆走散婆婆第一次来宁波不认识路没有手机没有带钱在车站人员和地铁公安的帮助下下午陈女士在高桥西站找到了婆婆晚高峰将至请乘客照顾好老人和小孩哦宁波发布宁波发布宁波公安宁波公安宁波邱隘镇宁波邱隘镇
2016-03-19 16:15,#地铁改变生活#,宁波轨道交通地铁改变生活温馨提示日截至线网进站总客流人次其中号线进站客流人次号线一期进站客流人次换乘客流人次全线网进站前五的车站分别为东门口人次鼓楼人次中河路人次霞浦人次长江路人次宁波邱隘镇宁波邱隘镇
2016-03-19 15:41,#地铁改变生活#,宁波轨道交通地铁改变生活温馨提示为给乘客提供优质服务宁波轨道交通志愿服务总队开通期间每天派出余人红马甲活跃在轨道交通各车站为热心的他们点赞宁波发布宁波发布北仑发布北仑发布新闻中心新闻中心
2016-03-19 15:02,#地铁改变生活#,宁波发布宁波发布地铁改变生活温馨提示目前霞浦区域客流非常大排队领票队伍较长请到北仑的乘客不要坐到霞浦站提前在长江路站中河路站等其他车站下车出站
2016-03-19 15:14,#地铁改变生活#,宁波轨道交通地铁改变生活温馨提示因客流量增大排队人数较多东门口天一广场站在出入口通道设置铁马减缓进站乘客速度给您出行带来不便敬请谅解作揖作揖作揖作揖另外请在鼓楼站下车或换乘的乘客不要在站內逗留为其他乘客营造更畅通方便的出行环境宁波轨道交通感谢您的支持宁波邱隘镇宁波邱隘镇
2016-03-19 15:08,#地铁改变生活#,宁波轨道交通地铁改变生活温馨提示霞浦站返程乘客急剧增多请乘客听从工作人员引导有序排队候车不要倚靠屏蔽门及时上下车同时请前来观光的乘客不要出站直接在站內反程作揖作揖作揖作揖宁波邱隘镇宁波邱隘镇
2016-03-19 14:40,#地铁改变生活#,宁波轨道交通地铁改变生活温馨提示为确保乘客生命财产的安全枪支子弹类爆炸物品类含鞭炮及爆炸物品仿制品管制器具类匕首餐刀等易燃易爆类含汽油油漆等活动物导盲犬除外等物品不能携带进站请广大乘客一起共创安全文明有序乘车环境宁波发布宁波发布宁波邱隘镇宁波邱隘镇
2016-03-19 14:12,#地铁改变生活#,宁波轨道交通地铁改变生活温馨提示日截至线网进站总客流人次其中号线进站客流人次号线一期进站客流人次换乘客流人次全线网进站前五的车站分别为中河路人次鼓楼人次霞浦东门口人次长江路宁波邱隘镇宁波邱隘镇
2016-03-19 14:06,#地铁改变生活#,宁波轨道交通地铁改变生活温馨提示下午鼓楼站返程客流增多请乘客注意安全站在黄线外靠两边候车先下后上听从工作人员引导另霞浦站目前进出站客流较大进站采取分批放行的方式请各位乘客听从工作人员引导尽快出站
2016-03-19 13:45,#地铁改变生活#,宁波轨道交通地铁改变生活温馨提示九峰山假日免费旅游巴士从位于泰山路与中河路交叉口东北角的银泰城号门广场出发直达九峰山网岙景区北侧停车场每到分钟将发一班车以方便市民和游客前往九峰山景区银泰城首班时间为末班为九峰山网岙景区首班末班
2016-03-19 13:28,#地铁改变生活#,宁波轨道交通地铁改变生活温馨提示东门口天一广场站卫生间排队人数较多容易拥堵出站人群建议急需使用的乘客前往地面国购天一广场或者银泰内方便另目前前往路林市场站乘客较多鉴于海鲜有异味为了车厢环境车站工作人员在安检处为乘客提供海鲜包装袋宁波发布宁波发布宁波邱隘镇宁波邱隘镇
2016-03-19 12:20,#地铁改变生活#,宁波轨道交通地铁改变生活温馨提示日截至线网进站总客流人次其中号线进站客流人次号线一期进站客流人次换乘客流人次全线网进站前五的车站分别为中河路人次鼓楼人次霞浦人次长江路人次宁波火车站人次宁波发布宁波发布宁波邱隘镇宁波邱隘镇
2016-03-19 12:07,#地铁改变生活#,宁波轨道交通地铁改变生活温馨提示目前栎社国际机场站客流较大请老人小孩及携带大件行李的乘客至出入口乘坐垂直电梯前往机场的免费接驳车也是在出入口搭乘另现在长江路站所有出入口已正常开放宁波发布宁波发布宁波邱隘镇宁波邱隘镇
2016-03-19 11:39,#地铁改变生活#,宁波轨道交通地铁改变生活温馨提示目前霞浦站出站乘客仍然较多建议前往凤凰山主题乐园九峰山等地的乘客从长江路站下车前往长江路站口出直走到辽河路与泰山路交叉口左转米即到凤凰山主题乐园长江路口走到公交站北仑人民医院站有公交到达九峰山和大澥宁波发布宁波发布宁波邱隘镇宁波邱隘镇
2016-03-19 10:42,#地铁改变生活#,宁波轨道交通地铁改变生活温馨提示目前霞浦区域客流非常大排队领票队伍较长请到北仑的乘客不要坐到霞浦站提前在长江路站中河路站等其他车站下车出站宁波发布宁波发布宁波邱隘镇宁波邱隘镇
2016-03-19 10:12,#地铁改变生活#,宁波轨道交通地铁改变生活温馨提示日截至线网进站总客流人次其中号线进站客流人次号线一期进站客流人次换乘客流人次全线网进站前三的车站分别为东环南路人次中河路人次福明路人次整体较平稳有序宁波邱隘镇宁波邱隘镇
2016-03-19 10:07,#地铁改变生活#,宁波轨道交通地铁改变生活温馨提示目前火车站往机场方向福明路站口客流增多请乘客注意安全并听从工作人员引导
2016-03-19 09:57,#地铁改变生活#,宁波轨道交通地铁改变生活温馨提示目前长江路站中河路站火车站大卿桥站目前客流趋于平稳请市民可放心前往话筒话筒话筒话筒宁波发布宁波发布宁波五乡镇宁波五乡镇
2016-03-19 09:48,#地铁改变生活#,宁波轨道交通地铁改变生活温馨提示应乘客安全考虑采取限流措施松花江站口只进不出口只出不进中河路站口只进不出口只出不进长江路站口只进不出口只出不进霞浦口正常开放大卿桥出口开放东门口号口只出不进口正常进出鼓楼六个口安排铁马限流均可进出
2016-03-19 09:47,#地铁改变生活#,宁波轨道交通地铁改变生活温馨提示为确保乘客安全出行宁波轨道交通全员上岗保障轨道公安民警全警上岗宁波轨道交通志愿服务总队每天派出余名志愿者很多人都是早上五六点便到岗为他们点赞所以目前客流虽大但整体秩序井然宁波发布宁波发布宁波大碶街区宁波大碶街区
2016-03-19 09:19,#地铁改变生活#,宁波轨道交通地铁改变生活温馨提示目前东环南路站往霞浦方向站台人流聚集请乘客注意安全分散各口乘坐先下后上特别提醒东门口站鼓楼站客流密集请乘客两边排队先下后上宁波北仑银泰城宁波北仑银泰城
2016-03-19 08:57,#地铁改变生活#,宁波轨道交通地铁改变生活温馨提示目前号线二期霞浦站长江路站乘客众多在出入口排队人群一度达到米请乘客注意安全有序排队配合安检照顾好老人和小孩别忘记在出入口处领取属于您的免费体验券凭票进站宁波新碶街区宁波新碶街区
2016-03-19 08:56,#宁波，常有新变化#,宁波轨道交通宁波常有新变化地铁改变生活市委副书记余红艺宣布宁波轨道交通号线二期开通试运营与号线一期贯通试运营号线二期的开通试运营标志着我市轨道交通第一轮建设规划圆满收官也标志着我市轨道交通实现全市六区全覆盖仪式上同城游服务计划同步启动
2016-03-18 14:29,#地铁改变生活#,宁波轨道交通地铁改变生活宁波常有新变化温馨提示月日上午点号线二期开通试运营同日宁波轨道交通全线网免费乘坐为做到有序进站确保安全宁波轨道交通特别向乘客发出以下温馨提示请戳大图
2016-03-18 10:53,宁波轨道交通公告月日轨道交通全线网免费开放当天为做到有序进站确保安全请乘客在地铁各站口自觉领取免费乘车券进站敬请市民理解
2016-03-17 19:30,#地铁改变生活#,宁波轨道交通地铁改变生活宁波常有新变化三月阳光明媚春风和煦坐着地铁去春游吧月日号线二期开通当天由宁波轨道交通联合市旅游局北仑区政府鄞州区政府发起的拥抱同城时光同城游服务计划将全面启动九峰山凤凰山梁祝公园等个景区优惠等你来游详情请戳大图
2016-03-17 15:44,#地铁改变生活#,宁波轨道交通地铁改变生活宁波常有新变化乘坐轨道交通时哪些东西不能携带倡导文明安全坐地铁
2016-03-16 18:31,#地铁改变生活#,宁波轨道交通地铁改变生活宁波常有新变化号线二期开通后为配合运营里程增加和线网最高票价的变化轨道交通月票一日票三日票定价自月起做出调整请戳大图说明
2016-03-16 18:08,#地铁改变生活#,宁波轨道交通地铁改变生活宁波常有新变化乘地铁问号线二期开通后你需要知道的件事围观围观
2016-03-16 14:51,#地铁改变生活#,发福利推荐地铁改变生活宁波常有新变化为庆祝号线二期开通试运营轨道交通实现市六区全覆盖关注宁波轨道交通宁波轨道交通转发并评论本条开通微博同时位好友我们将随机抽取位幸运粉丝每人可获张月地铁免费券每张地铁券可乘坐号线全线号线一期全程快动手吧赞啊赞啊
2016-03-16 14:46,#地铁改变生活#,宁波轨道交通地铁改变生活宁波常有新变化开通初期号线二期个车站共开放出入口个各车站结合出入口步行条件就近设置了社会自行车公共自行车停放点和出租车停靠点在宝幢大碶等站点设置公交首末站并在宝幢霞浦等站点规划了停车场
2016-03-16 13:35,#地铁改变生活#,宁波轨道交通地铁改变生活宁波常有新变化号线二期开通试运营后号线全线运行区间为高桥西霞浦实行单一交路运行模式首末班车采取两端站对开方式两端站首末班车时间分别为和平峰间隔为分秒高峰行车间隔为分秒全天运营小时
2016-03-16 13:28,#地铁改变生活#,宁波轨道交通地铁改变生活宁波常有新变化为庆祝轨道交通实现市六区全覆盖号召市民选择绿色出行月日轨道交通运营线路将全部免费向市民开放一天号线一期和号线一期在当日至免费开放号线二期至免费开放开通前号线列车上行终点站为东环南路站
2016-03-16 13:20,#地铁改变生活#,宁波轨道交通地铁改变生活宁波常有新变化话筒话筒经过三个月空载试运行和试运营专家综合评审报经市政府批复同意宁波轨道交通号线二期工程定于月日上午开通试运营并与已经运营的号线一期贯通运营
2016-03-15 12:07,#宁波，常有新变化#,心心
2016-03-13 13:37,#地铁改变生活#,宁波轨道交通地铁改变生活宁波常有新变化号线二期试乘首日北仑人民坐地铁的热情真高啊好多都是全家出动笑哈哈笑哈哈群体围观
2016-03-13 12:14,#地铁改变生活#,宁波轨道交通地铁改变生活宁波常有新变化有一种幸福叫坐人地铁号线二期试乘首日北仑人民来赶早宁波市民去踏青共同拥抱同城时光给力给力给力给力话筒话筒话筒话筒
2016-03-12 14:29,宁波轨道交通号线二期霞浦站停车场仍在施工中车辆无法停放敬请谅解日至日试乘期间请市民乘公交前往既环保又节能鼓掌鼓掌
2016-03-11 16:21,#1号线二期试乘券#,宁波轨道交通开奖啦鼓掌鼓掌号线二期试乘券日日券中奖名单感谢广大网友的热情关注和积极参与恭喜以下位获奖网友请于月日日到号线一期西门口站客服中心领取试乘券具体领奖方式将以私信通知请注意查收请持续关注轨道交通官方微博更多福利等您来围观围观
2016-03-10 15:03,#1号线二期试乘券#,宁波轨道交通开奖了推荐号线二期试乘券日券中奖名单感谢广大网友的热情关注和积极参与恭喜以下位获奖网友请于月日日到号线一期西门口站客服中心领取试乘券具体领奖方式将以私信通知请注意查收请持续关注轨道交通官方微博更多福利等您来给力给力给力给力
2016-03-09 21:37,#地铁改变生活#,宁波轨道交通地铁改变生活暂时恢复单一交路运行为更好筹备号线二期开通工作自月日起至号线二期正式开通试运营前号线一期高桥西站至东环南路站区间暂时恢复单一交路运行模式高峰期间行车间隔分秒平峰期间行车间隔分秒首末班车时间保持不变
2016-03-09 16:22,#1号线二期试乘券#,宁波轨道交通号线二期试乘券快来试手气关注宁波轨道交通宁波轨道交通官微并转发本条微博注明您所要试乘的日期并位好友每条转发仅可选一个日期试乘活动至日如我要日试乘劵位好友日周日试乘券将抽取名幸运网友日券抽取位网友每位获赠试乘券张活动时间即日起至日
2016-03-09 14:18,#地铁改变生活#,宁波轨道交通地铁改变生活号线二期将于本月至日举行为期三天免费试乘活动每天试乘从上午点至下午点试乘范围为号线二期个车站市民可凭试乘券在号线全线和号线一期任一车站通过绿色通道边门进出站每张试乘券可进出站两次同时号线自日起暂时恢复单一交路运行模式详情请戳大图
2016-03-09 11:52,#地铁改变生活#,地铁改变生活小布丁看地铁小布丁们从东环南路站坐地铁到北仑霞浦高架路段同学们乘坐着宽敞的地铁受邀分批走进不足平方米的地铁驾驶室感受了一把当地铁司机的感觉到达邬隘站后工作人员打开检票机的盖子讲解地铁票是如何领取的同学们这才发现检票机里的奥秘
2016-03-09 11:50,#地铁改变生活#,地铁改变生活之小布丁看地铁围观围观
2016-03-09 10:12,#地铁改变生活#,地铁改变生活今天上午宁波发布宁波发布和宁波轨道交通宁波轨道交通联合开展小布丁看地铁活动来自宁波堇山小学和北仑实验小学的名学生参观轨道交通调度控制中心并试乘体验轨道交通号线二期
2016-03-07 17:07,#地铁改变生活#,地铁改变生活号线二期公里即将揭开通往北仑的新期待宁波常有新变化
2016-03-07 17:03,#地铁改变生活#,地铁改变生活跟着姐一起试乘地铁观赏沿途美景群体围观
2016-03-07 15:34,#地铁改变生活#,地铁改变生活微博直播进行时围观围观宁波常有新变化
2016-03-07 15:33,#地铁改变生活#,围观围观围观围观围观围观地铁改变生活现场直播
2016-03-07 15:20,#地铁改变生活#,宁波轨道交通地铁改变生活宁波常有新变化轨道交通号线二期即将开通啦北仑即将进入同城时代今天下午轨道交通特组织百名网友参观试乘号线二期
2016-03-07 09:35,宁波轨道交通又发福利啦推荐宁波地铁月免费券抽奖第二波关注宁波轨道交通宁波轨道交通转发并评论本微博同时位好友我们将在本次抽奖中随机抽取位幸运粉丝每人可获得张地铁免费券每张地铁券可乘坐已运营所有线路快快动手吧赞啊赞啊威武威武威武威武
2016-03-06 19:00,扒圈老鬼井柏然和倪妮真的在一起了其实也没什么两个在事业上都很有追求的年轻人在一起接触恋爱也是很正常的事情祝福就是了
2016-03-04 15:30,#3月地铁免费券第一波中奖名单#,宁波轨道交通开奖了挤眼挤眼月地铁免费券第一波中奖名单感谢广大网友的热情关注和积极参与恭喜以下位获奖网友请于月日日到号线一期西门口站客服中心领取免费体验券具体领奖方式将以私信通知请注意查收请持续关注轨道交通官方微博更多福利等您来鼓掌鼓掌鼓掌鼓掌鼓掌鼓掌
2016-03-03 15:01,#1号线二期媒体探营日#,宁波轨道交通号线二期媒体探营日群体围观长江路站车站造型取海鸥优美的飞翔姿势作为设计原型契合北仑区滨海城市的特质车站造型营造腾飞灵动之感车站周边以商业与行政区域为主
2016-03-03 14:46,#1号线二期媒体探营日#,宁波轨道交通号线二期媒体探营日地铁到北仑啦笑哈哈笑哈哈
2016-03-03 14:21,#1号线二期媒体探营日#,宁波轨道交通号线二期媒体探营日来看宝幢站笑哈哈笑哈哈车站外立面将传统的建筑元素与现代建筑工艺融为一体南北立面采用不同设计手法南侧通过斑驳的表面肌理与整洁的铝板阐释现代技术与人文历史的融合北侧采用镂空窗格将自然光风引入车站使乘客在候车时能够感受到自然带来的舒适感
2016-03-03 13:48,#1号线二期媒体探营日#,宁波轨道交通号线二期媒体探营日媒体朋友提前尝鲜微博直播进行中
2016-03-03 13:40,#1号线二期媒体探营日#,宁波轨道交通号线二期媒体探营日全程直播进行时关注宁波轨道交通宁波轨道交通为你带来尝鲜报道围观围观二期工程线路全长公里线路途经鄞州北仑两个行政区设车站座其中地下站座高架站座
2016-03-01 08:59,宁波轨道交通发福利啦推荐宁波地铁月免费券开始抽奖关注宁波轨道交通宁波轨道交通转发并评论本微博同时位好友我们将在月份两次抽奖中每次随机抽取位幸运粉丝每人可获得张地铁免费券每张地铁券可乘坐已运营所有线路快快动手吧赞啊赞啊威武威武威武威武
2016-02-23 20:08,#聚焦两会#,聚焦两会打造港口经济圈构建开放大格局
2016-02-23 20:04,#聚焦两会#,聚焦两会年宁波两会新名词
2016-02-23 20:02,#聚焦两会#,聚焦两会年宁波市政府的十大民生实事项目已经定了环保创业出行教育医疗涉及十方面项内容
2016-02-22 14:09,#聚焦两会#,聚焦两会回眸十二五我们亮出这张成绩单
2016-02-22 14:04,#聚焦两会#,聚焦两会卢子跃提出了今年经济社会发展的主要预期目标和今年工作的总体要求同时他指出年的政府工作要围绕扬优势补短板增活力促均衡着力抓好五个方面
2016-02-22 13:57,#聚焦两会#,聚焦两会今后五年我市发展的主要目标是高水平全面建成小康社会为全面建成现代化国际港口城市打下坚实基础地区生产总值年均增长一般公共预算收入年均增长居民收入提高与经济增长同步力争提前实现四翻番
2016-02-22 13:54,#聚焦两会#,聚焦两会今天上午时市十四届人大六次会议第一次全体会议开幕会在宁波文化广场大剧院召开
2016-02-20 11:05,#聚焦两会#,聚焦两会给力
2016-02-18 11:08,经核查轨道交通东门口天一广场站所辖范围内所有电扶梯均运行正常没有发生故障宁波发布宁波发布中国宁波网中国宁波网东方论坛东方论坛
2016-02-15 12:22,宁波轨道交通开奖了挤眼挤眼月地铁免费券最后一期中奖名单感谢广大网友的热情关注和积极参与恭喜以下位获奖网友请于月日日到号线一期西门口站客服中心领取免费体验券具体领奖方式将以私信通知请注意查收请持续关注轨道交通官方微博更多福利等您来鼓掌鼓掌鼓掌鼓掌鼓掌鼓掌
2016-02-14 16:21,宁波轨道交通节后首个工作日宁波轨道交通在建工程开始陆续复工项目部施工现场机械轰鸣一片忙碌景象
2016-02-14 10:05,宁波轨道交通今天是猴年第一个工作日祝大家在新的一年里充实工作积极生活新年新气象
2016-02-06 10:52,宁波轨道交通明晚就是除夕之夜了宁波轨道交通提前给大家拜年啦福到啦祝大家新春快乐猴年大吉新年新气象话筒话筒春节期间也提醒大家注意安全出行过一个安乐祥和的春节发红包啦发红包啦放鞭炮大红灯笼
2016-02-03 17:08,宁波轨道交通国资活动读者问卷调查中奖名单月日市国资协会联合宁波机场商贸集团轨道交通公交公司开展趣味问卷调查就宁波国企微信公众号的建设进行献言献策现将问卷调查参与网友中奖名单公布如下具体领奖方式将以电话通知请注意查收推荐
2016-02-03 12:05,#地铁行、文明行#,宁波轨道交通月日召开的我市宣传思想工作会议上轨道交通地铁行文明行系列活动荣获年度全市宣传思想文化工作创新奖地铁行文明行系列活动开展以来组织了随行志愿服务志愿服务大篷车等活动倡导右立左让爱心空座轻声细语我喜欢无饮食车厢等文明行为掀起文明出行的新风尚
2016-02-01 16:17,宁波轨道交通开奖啦噢耶月地铁免费券首次抽奖中奖名单感谢广大网友的热情关注和积极参与恭喜以下位获奖网友请于月日日到号线一期西门口站客服中心领取免费体验券具体领奖方式将以私信通知请注意查收请继续关注和转发本活动我们将继续抽奖期待您的好运给力给力给力给力给力给力
2016-01-29 14:11,# 春节发福利！[推荐]2月地铁免费券继续抽奖！#,宁波轨道交通春节发福利推荐月地铁免费券继续抽奖地铁免费体验券月加大力度派送关注宁波轨道交通宁波轨道交通转发并评论本微博同时位好友我们将在月份两次抽奖中每次随机抽取位幸运粉丝每人可获得张地铁免费券每张地铁券可乘坐号线一期号线一期全程快快动手吧赞啊赞啊威武威武威武威武
2016-01-27 22:45,宁波轨道交通自写自唱的青春无怨无悔的奉献流泪宁波地铁司机好样的强强强宁波地铁司机在线播放优酷网视频高清在线观看宁波地铁司机宁波地铁司机
2016-01-26 14:58,宁波轨道交通开奖了礼物礼物月地铁免费券最后一期抽奖中奖名单感谢广大网友的热情关注和积极参与恭喜以下位获奖网友请于月日日到号线一期西门口站客服中心领取免费体验券具体领奖方式将以私信通知请注意查收请持续关注轨道交通官方微博更多福利等您来给力给力给力给力给力给力
2016-01-26 14:23,地铁族宁波区号线将实行大小交路月日起号线实行大小交路运营运营间隔有所调整望春桥东环南路站区间高峰间隔为分秒平峰分秒望春桥站至高桥西站区间高峰间隔为分秒平峰分秒乘客可根据站台及车内显示屏和报站来确定列车的运营终点乘坐号线的乘客请注意日起号线开行大小乘坐号线的乘客请注意日起号线开行大小
2016-01-26 14:00,月日起号线全线贯通试运行实行大小交路长短线混合运行大交路循环路线为高桥西站霞浦站小交路循环路线为望春桥站宝幢站大小交路西行的终点站不一样请乘客注意及时下车由于号线二期暂未开通请东行方向的乘客务必在东环南路站下车查看图片
2016-01-21 12:03,#首部聚焦宁波地铁一线建设者风采的画册#,宁波轨道交通地铁基石画册首发今天上午首部聚焦宁波地铁一线建设者风采的画册地铁基石画册在宁波轨道交通指挥部首发画册中百余幅作品由我市摄影家张汉楚年多来深入地铁建设一线拍摄作品直接将视角对准地铁一线建设工人既展现气势恢宏的施工场面又表现平凡劳动者的朴实形象
2016-01-19 18:34,#抗击强寒潮 轨道交通全力保运营#,宁波轨道交通抗击强寒潮轨道交通全力保运营面对多年罕见强寒潮来袭宁波轨道交通第一时间成立应急小组启动应急预案积极做好运输组织隐患排查应急调配等准备工作确保号线一期号线一期全线在寒潮期间正常运营鉴于本次寒潮危害性可能十分罕见不排除期间局部车站会延误到达请市民予以理解
2016-01-18 13:41,宁波轨道交通月地铁免费券第四次抽奖中奖名单来啦推荐感谢广大网友的热情关注和积极参与恭喜以下位获奖网友请于月日日到号线一期西门口站客服中心领取免费体验券具体领奖方式将以私信通知请注意查收请各位网友继续关注和转发本活动我们将继续抽奖期待您的好运礼物礼物礼物礼物
2016-01-17 15:14,#宁波新闻#,宁波发布轨道交通号线月日起全线贯通试运行宁波新闻据宁波轨道交通宁波轨道交通消息其中号线一期高桥西站至东环南路站区段正常载客乘客在个车站均能正常上下车二期东环南路站至霞浦路站区段则开始与一期贯通空载试运行暂不载客请乘客最后务必在东环南路站下车详情戳
2016-01-17 13:07,#轨道交通1号线#,宁波轨道交通轨道交通号线本月日起开始全线贯通试运行其中号线一期高桥西站至东环南路站区段正常载客乘客在个车站均能正常上下车二期东环南路站至霞浦路站区段则开始与一期贯通空载试运行暂不载客请乘客最后务必在东环南路站下车具体详情请戳大图
2016-01-11 21:00,#太子妃升职记#,太子妃升职记网络剧太子妃升职记后宫人才辈出除了太子妃是个撩妹达人外这黄桑盛一伦盛一伦也是一本行走的情话字典不怪我芃哥弯成了蚊香羞
2016-01-11 16:43,#找星座，购月票#,宁波轨道交通找星座购月票推荐月起宁波轨道交通推出星座月票共款每月一款限量发售宁波地铁微信平台有售每款画面刻画唯美细腻绘有与星座传说相关的神话图案还原每个星座背后的故事给力给力给力给力给力给力
2016-01-11 16:41,#3600套地铁猴年生肖纪念票今起开抢#,宁波轨道交通套地铁猴年生肖纪念票今起开抢宁波轨道交通猴年生肖纪念票月日起在宁波地铁微信平台发售限量套每套可刷次定价元平均单次仅元该纪念票融合了中国画技法和京剧脸谱集观赏实用收藏于一身快抓紧抢购吧赞啊赞啊鼓掌鼓掌
2016-01-11 14:11,宁波轨道交通开奖推荐月地铁免费券第三次抽奖中奖名单感谢广大网友的热情关注和积极参与恭喜以下位获奖网友请于月日日到号线一期西门口站客服中心领取免费体验券具体领奖方式将以私信通知请注意查收请各位网友继续关注和转发本活动我们将继续抽奖期待您的好运挤眼挤眼
2016-01-04 20:32,#今日关注#,宁波分会场在轨道交通号线钱湖大道站哦赞赞给力给力
2016-01-04 14:54,宁波轨道交通开奖啦礼物礼物月地铁免费券第一周中奖名单感谢广大网友的热情关注和积极参与恭喜以下位获奖网友请于月日日到号线一期西门口站客服中心领取免费体验券具体领奖方式将以私信通知请注意查收请各位网友继续关注和转发本活动我们将继续抽奖期待您的好运威武威武威武威武威武威武
2015-12-31 12:48,宁波轨道交通元旦福利月地铁免费券首期中奖名单感谢广大网友的热情关注和积极参与恭喜以下位获奖网友请于月日日到号线一期西门口站客服中心领取免费体验券具体领奖方式将以私信通知请注意查收请各位网友继续关注和转发本活动我们将继续抽奖祝各位小伙伴元旦快乐玫瑰
2015-12-30 15:18,#福利不间断！地铁免费体验券1月继续抽奖！#,宁波轨道交通福利不间断地铁免费体验券月继续抽奖礼物礼物新年送福利地铁免费券月继续任性发放关注宁波轨道交通宁波轨道交通转发本微博并位好友我们将在月每周随机抽取位幸运粉丝每人可获得张地铁免费券每张地铁券可乘坐号线一期号线一期全程快抓紧机会吧鼓掌鼓掌鼓掌鼓掌鼓掌鼓掌
2015-12-30 14:15,#宁波至奉化城际铁路#,宁波轨道交通今天上午宁波至奉化城际铁路先行段工程高塘桥站姜山站地下区间和金海路站开工这是我市首条开工建设的城际铁路作为衔接奉化与宁波中心城区的骨架线路该工程计划于年通车与号线贯通运营远期结合宁波奉化宁海城际铁路规划形成宁波奉化宁海都市圈城际铁路
2015-12-30 09:03,#宁波至奉化城际铁路先行段开工#,宁波轨道交通宁波至奉化城际铁路先行段开工话筒话筒月日宁波至奉化城际铁路先行段开工开工范围为高塘桥站姜山站地下区间和金海路站宁波至奉化城际铁路全长约公里共设座车站是宁波首条开工建设的城际铁路
2015-12-27 20:21,#跨年夜不怕赶不上地铁#,宁波轨道交通跨年夜不怕赶不上地铁月日轨道交通号线一期号线一期末班车延长小时至期间行车间隔为分钟东门口站往高桥西方向末班车时间往东环南路方向末班车为鼓楼站往高桥西方向末班车为往东环南路方向末班车为跨年夜全线首末班时间请戳大图
2015-12-25 15:40,宁波轨道交通圣诞开奖年地铁免费体验券最后一期中奖名单礼物礼物感谢广大网友的热情关注和积极参与恭喜以下位获奖网友请于月日日到号线一期西门口站客服中心领取免费体验券具体领奖方式将以私信通知请注意查收请持续关注轨道交通官方微博更多福利等您来推荐
2015-12-21 15:40,宁波轨道交通月地铁免费体验券第三周中奖名单感谢广大网友的热情关注和积极参与恭喜以下位获奖网友请于月日日到号线一期西门口站客服中心领取免费体验券具体领奖方式将以私信通知请注意查收请各位网友继续关注和转发本活动我们将继续抽奖期待您的好运赞啊赞啊
2015-12-20 11:23,号线全线动车贯通调试将于月日凌晨结束从当日起号线一期未班车发车时间恢复至晚点
2015-12-18 14:29,宁波轨道交通轨道号线锦寓路站施工嵩江中路有交通管制交警部门将于年月日至年月日对嵩江中路天童北路至锦寓路段实施交通管制交通管制期间受限车辆可通过四明中路鄞县大道天童北路前河北路进行绕行
2015-12-16 19:48,与爱同行关爱残障儿童心心
2015-12-14 16:17,宁波轨道交通月地铁免费体验券第二周中奖名单感谢广大网友的热情关注和积极参与恭喜以下位获奖网友请于月日日到号线一期西门口站客服中心领取免费体验券具体领奖方式将以私信通知请注意查收请各位网友继续关注和转发本活动下周我们将继续抽奖期待您的好运给力给力给力给力
2015-12-07 14:48,宁波轨道交通月地铁免费体验券第一周中奖名单感谢广大网友的热情关注和积极参与恭喜以下位获奖网友请于月日日到号线一期西门口站客服中心领取免费体验券具体领奖方式将以私信通知请注意查收请各位网友继续关注和转发本活动下周我们将继续抽奖期待您的好运鼓掌鼓掌鼓掌鼓掌鼓掌鼓掌
2015-12-06 08:17,感谢有您轨道交通志愿者赞赞给力给力作揖作揖
2015-12-04 19:36,宁波轨道交通宁波市轨道交通号线一期工程规划选址公示轨道交通号线一期工程西起鄞州布政经鄞州南部新城区下应片区东部新城高新区等北至镇海新城南区号线一期工程项目线路全长均为地下线全线设站座平均站间距详情宁波市轨道交通号线一期工程规划选址公示宁波市轨道交通号线一期工程规划选址公示
2015-12-03 16:32,宁波轨道交通日前号线全线贯通调试正紧锣密鼓地展开自月日起号线一期试运营末班车发车时间提前至点而后的至次日凌晨普通轨道交通列车就在轨道上进行调试按计划号线二期全部调试工作会在明年春节前完成
2015-12-03 16:14,宁波轨道交通号线二期高架部分车站造型亮相邬隘站已于近日通过工程竣工验收站内设备安装和公共区域装修等已经全面完工是号线二期首个亮相的高架车站
2015-11-30 17:42,#地铁免费体验券12月继续抽奖#,宁波轨道交通地铁免费体验券月继续抽奖地铁免费体验券月继续发放啦社区发放媒体派发微博抽奖三种方式任你选关注宁波轨道交通宁波轨道交通转发本微博并位好友我们将在月每周随机抽取位小伙伴每人将获得张地铁券每张地铁券可乘坐号线一期号线一期全程一次整个月有效哦快行动起来吧
2015-11-30 13:40,#轨道交通4号线开工#,宁波轨道交通轨道交通号线开工月日上午宁波轨道交通号线开工建设工程起于慈城站终于东钱湖站全长公里设座车站地下车站座高架车站座座换乘站平均站间距公里是轨道交通骨干线网西北东南向的内部填充线
2015-11-30 09:57,#世界最大断面盾构机“阳明号” 3号线始发#,宁波轨道交通世界最大断面盾构机阳明号号线始发月日上午世界最大断面的土压平衡矩形盾构机阳明号在宁波轨道交通号线一期工程高塘桥站南端头井始发这是我国首台自主研发的类矩形盾构机也是号线一期工程首台始发的盾构机
2015-11-26 14:58,宁波轨道交通宁镇路常洪隧道金河路一期改建工程于今天月日开工设计为双向六车道两侧为辅道及人行道完工后将提升道路功能方便市民出行其中江北段常洪隧道宁波大学由宁波市市政工程前期办公室负责建设镇海段宁波大学金河路由宁波市镇海区交通工程开发公司负责建设
2015-11-24 22:21,宁波轨道交通宁波地铁城市发展新动力科技日报科技日报今日报道以宁波地铁城市发展新动力为题从建设规划技术创新智慧地铁等角度对宁波轨道交通宁波轨道交通进行了报道新闻链接网页链接网页链接
2015-11-23 15:04,宁波轨道交通地铁免费体验券最后一期中奖名单感谢广大网友的热情关注和积极参与恭喜以下位获奖网友请于月日日到号线一期东环南路站客服中心领取免费体验券具体领奖方式将以私信通知请注意查收请持续关注轨道交通官方微博更多福利等您来赞啊赞啊
2015-11-21 11:25,文明自己方便他人
2015-11-20 20:08,宁波轨道交通明日月日起号线一期末班车调整为晚点到月日止期间多条公交开通微接驳地铁号线进入全线贯通调试阶段公交临时地铁号线进入全线贯通调试阶段公交临时
2015-11-16 15:51,宁波轨道交通第三周地铁免费体验券中奖名单感谢广大网友的热情关注和积极参与恭喜以下位获奖网友请于月日日到号线一期东环南路站客服中心领取免费体验券具体领奖方式将以私信通知请注意查收请各位网友继续关注和转发本活动下周我们将继续抽奖期待您的好运给力给力给力给力给力给力
2015-11-15 10:35,号线一期未班车调整至晚点时间为年月日至年月日
2015-11-15 10:13,应号线二期工程调试要求经上级部门批准在年月日至年月日期间号线一期试运营末班车时间提前至请各位乘客届时安排好出行交通工具给您带来的不便敬请谅解
2015-11-11 16:05,宁波轨道交通光棍节福利第二周地铁免费体验券中奖名单出炉感谢广大网友的热情关注和积极参与恭喜以下位获奖网友请于月日日到号线一期东环南路站客服中心领取免费体验券具体领奖方式将以私信通知请注意查收请各位网友继续关注和转发本活动下周我们将继续抽奖期待您的好运给力给力
2015-11-06 16:46,宁波轨道交通本周地铁免费体验券中奖名单出炉啦快来认领感谢广大网友的热情关注和积极参与恭喜以下位获奖网友请于月日日到号线一期东环南路站客服中心领取免费体验券具体领奖方式将以私信通知请注意查收请各位网友继续关注和转发本活动下周我们将继续抽奖期待您的好运鼓掌鼓掌
2015-11-02 15:02,#20万张地铁体验券免费送#,宁波轨道交通万张地铁体验券免费送本月宁波轨道交通将通过社区向市民发放万张地铁免费体验券可乘坐号线一期号线一期全程有效期至月日同时地铁一日票三日票已正式在各车站销售加上现行的单程票月票纪念票市民可有多种选择万张体验券昨起免费发送万张体验券昨起免费发送
2015-10-29 19:56,宁波轨道交通一日票三日票看过来不仅靓而且还实惠首推地铁日票是什么鬼首推地铁日票是什么鬼
2015-10-29 14:24,宁波轨道交通轨道交通号线二期工程号线工程车站拟命名方案月日起向市民征求意见话筒话筒目前市轨道交通工程建设指挥部已对条线路的各车站站名进行了认真梳理和核对并征求了市民政局及沿线地方政府意见现将号线二期工程座车站及号线工程座车站的拟命名方案公示以征求市民意见详情请戳图
2015-10-28 18:20,#一日票、三日票来啦#,一日票三日票来啦地铁一日票三日票将于月日推出市民可前往号线一期号线一期各车站客服中心购买一日票三日票须在购买之日起日内使用票价一旦确定将及时对外公布惠民出行
2015-10-28 18:17,#运营公告#,为进一步方便市民出行提升轨道交通的服务水平轨道交通将于月日起对号线一期时刻表进行调整调整后号线一期首班车开车时间将提前半小时由目前的提前至
2015-10-26 09:17,#公告#,宁波轨道交通公告即日起乘客可在宁波轨道交通号线一期号线一期各车站客服中心处购买地铁月票月月票为元次使用时间为月日至月日
2015-10-23 17:19,#公告#,公告运营分公司将于今晚月日在鼓楼站内举行火灾演练按照演练需要届时地面将有一定量的烟雾请市民不要惊慌因演练带来的不便敬请谅解
2015-10-19 16:57,#11月计次月票来啦#,宁波轨道交通月计次月票来啦地铁出行优惠多多宁波轨道交通自月开售月票以来得到市民们的广泛好评月计次月票已于近期开售啦定价不变元可刷次平均元一次最低优惠至折可用于号线号线同时支持换乘请关注微信公众号宁波地铁在线订购具体请戳大图查看购买攻略
2015-10-11 09:18,猫性少女柯妹吗萌兰酱完具酱吖谢谢地铁号线让我在最后一分钟赶上汽车宁波轨道交通宁波轨道交通
2015-10-10 22:54,#施工封道预告#,宁波轨道交通施工封道预告为确保宁穿路上西埔港桥洞桥两座桥梁顺利施工决定于年月日至月日期间对宁穿路盛梅路东环南路两座桥梁路段进行封道施工望过往车辆绕道通行带来不便敬请谅解公告详细内容请点击大图查看
2015-10-07 17:09,#中国好声音#,股神孙钥洋中国好声音今晚总决赛你预测谁能夺冠
2015-10-01 20:53,#台风过后#,宁波轨道交通台风过后鉴于市中心区道路交通已恢复正常市城区防汛指挥部通知月号起我市轨道交通号线一期号线一期正常运营停止免费宁波发布宁波发布宁波轨道交通运营宁波轨道交通运营
2015-09-30 22:30,#台风过后#,宁波轨道交通台风过后为抗击台风杜鹃便利市民出行宁波轨道交通月日向市民开放免费乘车截止晚点整轨道交通号线一期号线一期当日月日客流共计万人次明天是国庆节宁波轨道交通将继续免费便民哦给力给力给力给力给力给力
2015-09-30 21:51,#台风过后#,宁波轨道交通台风过后受台风杜鹃影响市区部分路段积水仍未消退为方便市民出行宁波轨道交通号线一期号线一期全线明天月日继续免费运营建议市民尽可能选择地铁等公共交通出行并祝大家节日快乐宁波轨道交通运营宁波轨道交通运营
2015-09-30 16:35,#台风过后#,台风过后台风无情人间有情今天下午宁波轨道交通志愿服务大蓬车的志愿者们带着排水设备奔赴马园社区为社区居民排涝抢险为他们点赞给力给力给力给力抗击台风杜娟查看图片
2015-09-30 15:11,#台风过后#,宁波轨道交通台风过后宁波轨道交通成网后首次经受台风考验今天月日两条线全天免费开放并提供小时人员物资保障截止今天下午点已运送市民近万人次发挥了轨道交通市区交通运输骨干线作用抗击台风杜鹃
2015-09-30 11:54,#台风过后#,宁波轨道交通台风过后今天的宁波地铁满载城区积水严重给市民出行带来困扰宁波地铁号线一期号线一期今日正常运营并免费选择地铁安全出行抗击台风杜鹃
2015-09-30 07:56,#抗击杜鹃#,宁波轨道交通抗击杜鹃受台风杜鹃影响为了便利市民出行宁波轨道交通号线一期号线一期全线今天月日正常运营所有车站及出入口原有开放的均正常开放并向乘客免费
2015-09-30 06:49,#抗击杜鹃#,宁波轨道交通抗击杜鹃受台风杜鹃影响为了便利市民出行宁波轨道交通号线一期号线一期全线今天月日运营基本正常并向全体乘客免费但个别车站或出入口可能会临时短暂关闭具体情况请以车站出入口公告为准给您出行带来的不便敬请谅解
2015-09-28 21:46,六色宁波四季四明号线带你去旅游
2015-09-26 17:51,#2号线来啦#,宁波轨道交通号线来啦号线开通试运营首日今天你来坐了吗地铁改变生活
2015-09-26 17:10,#2号线来啦#,号线来啦鼓楼站换乘出了号线一期车厢以后在站台看到导向标识下楼走一个拐角就能看到号线站台啦
2015-09-26 16:34,#2号线来啦#,号线来啦轨道交通与机场联动服务免费接驳地铁改变生活
2015-09-26 16:31,#2线来啦#,线来啦号线行车间隔缩短鼓掌鼓掌鼓掌鼓掌鼓掌鼓掌给力给力
2015-09-26 15:06,#地铁改变生活#,宁波轨道交通运营地铁改变生活话筒话筒为配合号线一期开通试运营减少乘客候车时间自月日起轨道交通号线一期高峰期行车间隔由原来的分钟缩短至分秒平峰期行车间隔由原来的分秒缩短至分秒基本与号线一期行车间隔同步
2015-09-26 16:28,#2号线来啦#,宁波轨道交通号线来啦在今天的开通试运营现场宁波轨道交通与栎社国际机场宁波火车站宁波客运中心三大交通枢纽联动服务活动同时启幕今后四家交通枢纽单位将联手开展客运爱心和应急三大服务联动探索一体化服务协作互动共享机制共同为市民出行提供更为便捷的优质服务
2015-09-26 08:48,#2号线来啦#,宁波轨道交通号线来啦今天上午宁波轨道交通号线一期开通试运营暨综合交通联动服务启幕现场会在轨道交通号线换乘站鼓楼站举行号线一期的开通将与已经试运营的号线一期形成十字骨架标志着宁波初步迈入轨道交通网络化运营时代
2015-09-25 17:20,宁波轨道交通号线一期开通纪念票超值预售号线一期开通纪念票即将开售限量套售完即止定价元可坐次号均可坐内含张单程纪念票每张可乘车次有效期至年月日张计次纪念票可乘车次有效期至年月日详情请关注宁波地铁微信服务号
2015-09-25 11:40,宁波轨道交通号线一期各出入口详情出炉宁波轨道交通号线一期将于明天月日上午开通试运营宁波地铁将进入时代主页君为您奉上最全各站点出入口详情推荐明天就可以轻松乘地铁欢度中秋节放假啦月儿圆
2015-09-22 19:33,#2号线文化墙亮相#,宁波轨道交通号线文化墙亮相号线一期工程鼓楼站城隍庙站宁波火车站外滩大桥站宁波大学站栎社国际机场站个车站的文化艺术墙揭开面纱这些文化墙在主题选择上体现了一站一主题的设计理念同时映射地面主要历史文化古迹
2015-09-20 08:17,地铁欢迎您号线欢迎您来来来来来来
2015-09-18 20:05,#2号线开通#,宁波轨道交通号线开通号线首末班车时间分别为和全天运营小时平峰上线列行车间隔为分秒高峰上线列行车间隔为分秒票价方案继续采取里程分段计价的票制方式实行递远递减票价原则具体请点击大图
2015-09-18 17:24,#2号线开通#,宁波轨道交通号线开通关于号线你所不知道的点击大图细数轨道交通号线几大工程建设亮点宁波发布宁波发布
2015-09-18 16:04,#2号线开通#,宁波轨道交通号线开通宁波轨道交通号线到底有哪些不同三大亮点看过来哈哈哈哈宁波发布宁波发布
2015-09-18 10:04,#2号线开通#,宁波轨道交通号线开通月日上午宁波市政府新闻办举行轨道交通号线一期新闻发布会宣布号线一期工程已通过试运营专家评审定于年月日上午开通试运营宁波发布宁波发布
2015-09-18 09:00,宁波轨道交通恭喜以下获奖网友请于日至宁波轨道交通集团有限公司前台鄞州区宁穿路号轨道交通号线东环南路站旁领取奖品联系电话同时感谢其他网友积极参与请持续关注轨道交通官方微博更多福利等您来
2015-09-17 21:24,月日三天试乘期间号线一期只开放出入口个
2015-09-15 22:57,#地铁改变生活#,以前不是太慢就是太贵笑笑今后无须再恼鼓掌鼓掌鼓掌鼓掌
2015-09-15 14:58,宁波轨道交通特别提醒月日试乘期间试乘范围仅限乘坐号线一期全程不能换乘号线每张单程票仅限出入闸机一次试乘期间栎社机场站与机场航站楼之间暂无接驳服务正式运营后提供请勿选择乘坐地铁前往栎社机场
2015-09-15 11:11,#试乘券#,宁波轨道交通我要试乘券这里领轨道君又送新福利关注轨道交通官方微博并转发本条活动微博注明您所要试乘的日期并位好友位好友每条转发仅可选择一个日期如我要日试乘劵位好友位好友我们将在各日期的有效转发中各抽取名幸运网友每位获赠试乘券张活动时间即日起至日快快动手吧转发
2015-09-15 10:31,宁波轨道交通号线请您来免费试乘月日日号线一期将开展为期天的免费试乘活动从即日起您可通过关注轨道交通官方微博宁波轨道交通宁波轨道交通宁波地铁等方式获取试乘券在试乘期间到号线一期各车站客服中心兑换单程票每人每次限兑一张每张可兑两张单程票
2015-09-15 09:57,#地铁改变生活#,地铁改变生活号线来了宁大学子们拯救爱情就看你们的了害羞害羞偷笑偷笑
2015-09-10 16:00,宁波轨道交通轨道交通启动号线志愿者招募报名方式官网报名网页链接网页链接携带本人身份证及寸证件彩照张在鼓楼站口站厅层现场报名团体志愿者报名可咨询联系人梅先生报名时间网上报名即日起月日现场报名月日月日
2015-09-10 14:39,宁波轨道交通轨道交通号线初步设计获批根据市发改委批复轨道交通号线工程起于慈城站终于东钱湖站全长约公里共设座车站其中地下车站座高架车站座其中含换乘站座在车辆设置上号线工程采用辆编组的型鼓形车与目前号线所采用车辆规格一致
2015-09-09 09:57,弯弯丽园北路和中山西路交接口着火了衰衰衰衰衰衰宁波新闻早知道宁波新闻早知道宁波晚报宁波晚报宁波生活宁波生活看宁波看宁波
2015-09-06 12:00,宁波轨道交通号线一期探营尝鲜宁波大学站在装修上使用了路的抽象设计结合仿真木纹传统窗花图案等元素充分展现宁波帮从古至今的发展之路的主题概念车站共设个出入口分别设于宁镇公路南侧和宁镇公路北侧
2015-09-06 10:22,宁波轨道交通号线一期探营尝鲜地铁宁波火车站位于铁路宁波站到达层下方站厅南北两侧设有个楼扶梯可与铁路宁波站无缝换乘南北广场各设个地面出入口北广场口分别靠近望湖市场和妇儿医院南广场口分别靠近荣安世家和汽车南站在装修上以水与路为概念体现阡陌交通路路通畅
2015-09-06 09:44,宁波轨道交通号线一期探营尝鲜号线一期城隍庙站公共区装修以简装为设计理念通过镂空通透型吊顶方式结合传统建筑窗格构造及纹理图案试运营初期车站开放个出入口口为城隍庙步行街方向口为南苑鞋城药行街方向
2015-09-06 09:24,宁波轨道交通号线一期探营尝鲜鼓楼站是号线与号线的换乘车站地下一层为号线和号线站厅从口可直接到号线和号线站厅层地下二层为号线站台从号线站厅层可乘扶梯到达地下三层为号线站台从号线站台可走楼梯到达乘客在站厅与站台付费区都可以实现号线之间换乘
2015-09-06 09:24,宁波轨道交通号线一期探营尝鲜号线一期鼓楼站站厅层在装修设计上沿用天一生水概念展现海洋水等元素站台层则以甬帮之路为主题体现海上丝绸之路的概念号线鼓楼站设个出入口其中口为海曙区人民政府方向口为中山广场方向口通往鼓楼步行街方向
2015-09-06 09:07,宁波轨道交通号线一期探营尝鲜号线一期西起栎社国际机场站东至清水浦站线路全长公里设座车站地下站座高架站座线路串联机场客运中心火车站北高教园区与号线一期在鼓楼站换乘今天是号线一期媒体探营日主页君将进行全程直播为您带来尝鲜报道敬请期待
2015-08-25 17:55,宁波轨道交通轨道交通号线一期票价表出炉根据票价表号线一期全线票价最低元最高元与号线一期换乘后最高也是元号线一期途径栎社国际机场客运中心宁波火车站宁波大学等交通枢纽及高教园区计划今年底通车试运营
2015-08-14 20:15,兔小妞的发夹免费领取地铁票晚饭后散步到地铁站哆啦梦微笑哆啦梦微笑宁波轨道交通宁波轨道交通绿色出行方便快捷
2015-08-14 16:03,宁波轨道交通中奖名单翻倍啦噢耶因为广大网友的热情关注和积极参与主页君决定扩大福利范围恭喜以下位获奖网友请于本周六仅一天至宁波轨道交通集团有限公司领取奖品领奖具体方式将以私信形式通知请注意查收同时感谢其他网友积极参与请持续关注轨道交通官方微博更多福利等您来好爱哦好爱哦
2015-08-12 11:52,宁波轨道交通宁波轨道交通首推计次月票为满足不同乘客的乘车需求轨道交通将首次推出计次月票月日市民可通过宁波地铁官方微信公众号线上订购本次推出的月票可在月内乘坐次价格为元每人限购两张你准备好了吗给力给力
2015-08-11 18:27,宁波轨道交通地铁福利来了关注宁波轨道交通官方微博宁波轨道交通宁波轨道交通转发活动微博位有效好友位有效好友即送张体验券微博将随机抽取位幸运网友活动截止本周张号线免费体验券等您来快喊小伙伴一起乘地铁
2015-07-31 16:36,#民生快线#,老版甬城通卡免费升级换成新版市民卡乘坐轨道交通享折优惠
2015-07-17 14:17,为小伙子们点赞给力给力给力给力加油赞赞赞赞
2015-07-13 22:13,最美地铁人为你点赞
2015-07-11 23:39,#直击灿鸿#,宁波轨道交通直击灿鸿自月日起轨道交通号线一期全线东环南路站高桥西站含高架段恢复正常运营运营时间为早上点半至晚上点宁波发布宁波发布
2015-07-11 14:37,#直击灿鸿#,宁波轨道交通直击灿鸿由于灿鸿来袭路面积水少量溢入地铁福明路站出入口排水沟造成少量积水经处理已恢复正常目前除高架段外宁波地铁号线一期东环南路站望春桥站正常运营
2015-07-11 00:26,宁波轨道交通轨道交通号线一期高架区段停运受超强台风灿鸿影响为确保运营安全决定暂停号线一期高架区段运营涉及望春桥站至徐家漕长乐站区间徐家漕长乐站芦港站梁祝站高桥站高桥西站停运期间运营线路为东环南路站望春桥站东环南路站待风力减弱后根据情况恢复高架区段运营
2015-07-10 22:56,#温馨提示#,明日预计宁波汽车南站部分线路将会受影响明日宁波汽车南站部分个别线路将会受到不同程度的影响请出行的旅客朋友随时关注班车信息安全出行问讯电话
2015-07-10 22:47,#直击灿鸿#,宁波发布宁波发布台风最大可能在宁波沿海登陆直击灿鸿第号台风灿鸿超强台风级时位于象山东南方向约公里海面即北纬度东经度近中心最大风力级预计其将以公里左右时速向西北方向移动于明天凌晨到明天中午前后在台州到宁波一带沿海登陆
2015-07-10 22:47,供电部门正在全力抢修中请广大居民做好停电应急准备
2015-07-10 22:46,#超强台风“灿鸿”#,央视新闻央视新闻超强台风灿鸿已抵达浙江三门市东南海面今天时超强台风灿鸿中心位置位于浙江三门市东南方向公里的洋面上最大风力级预计可能于明早点后到中午在温岭到舟山一带沿海登陆这将是浙江年以来月历史上的最强台风央视记者李欣蔓刘浪
2015-07-10 22:44,#直击灿鸿#,宁波发布宁波发布赶早坐公交的小伙伴注意啦直击灿鸿明天月日东方巴士公司的公交路停发前班次后视情恢复慈溪月日起路临时停开与慈溪配套的路失去接驳作用同步停开路沿线镇海区域乘客可选择路
2015-07-10 22:39,#直击灿鸿#,直击灿鸿明天月日东方巴士公司的公交路停发前班次后视情恢复慈溪月日起路临时停开与慈溪配套的路失去接驳作用同步停开路沿线镇海区域乘客可选择路
2015-07-10 22:38,#青们 注意啦#,最全抗台避灾点及志愿服务团队信息
2015-07-10 22:27,#抗击特强台风 宁波交警在行动#,钱报宁波城事钱报宁波城事今晚时起常洪隧道双向封闭非机动车道
2015-07-10 22:09,#台风灿鸿#,中国宁波网中国宁波网台风灿鸿象山港大桥已于全段封道请广大车主相互告知话筒话筒
2015-07-10 22:01,封桥解除时间视台风情况而定宁波晚报宁波晚报时起招宝山大桥封桥宁波公路北仑公路管理段发布公告受台风灿鸿影响招宝山大桥桥面侧风较大视线较差为确保过往车辆通行和司乘人员生命财产安全将于月日时起采取封桥措施解除封桥时间视气象及路况变化而定
2015-07-10 21:59,#直击灿鸿#,我们在一起宁波日报宁波日报海曙个防灾避灾点公布
2015-07-10 21:38,#直击灿鸿#,直击灿鸿我市教育部门和各级各类学校做好防台工作市教育局要求各在甬高校高度重视台风灿鸿防御工作加强对留校教职员工和学生防台知识教育掌握防台防汛工作技能加强对留校师生的管理确保台风期间学生不外出
2015-07-10 21:34,#直击灿鸿#,直击灿鸿台风紧急警报台风灿鸿时位于象山东南方向约公里海面中心气压百帕近中心最大风力级米秒较大可能于明天凌晨到中午前后在台州到宁波一带沿海登陆沿海海面风力可达级内陆地区级夜里起我市有暴雨到大暴雨局部特大暴雨
2015-07-10 21:05,#直击灿鸿#,直击灿鸿甬舟高速于左右实施封道措施目前甬舟高速多点路段风力达到级且伴有大雨横风对行车安全影响较大现定于左右实施封道措施根据台风目前动态预计明日前不会开通
2015-07-10 21:02,#直击灿鸿#,直击灿鸿市级医疗卫生计生各单位做好灿鸿防御工作
2015-07-10 20:42,#直击灿鸿#,直击灿鸿注意月日时至月日时宁波图书馆闭馆
2015-07-10 20:07,#直击灿鸿#,直击灿鸿红色预警航班调整景区关闭活动暂缓这些你必须知道
2015-07-10 19:24,#直击灿鸿#,直击灿鸿公众防台自防互救要点
2015-07-10 19:12,转发微博
2015-07-10 19:08,#直击灿鸿#,直击灿鸿咨询与求助方式
2015-07-10 18:53,#权威发布#,转发微博
2015-07-10 18:00,#权威发布#,部分公交运营时间调整受灿鸿台风影响为确保运行安全我市部分公交线路运营时间发生调整部分线路临时停开详细请见下图
2015-07-03 14:09,宁波轨道交通轨道交通号线二期初步设计获批根据批复文件号线二期起自一期工程终点清水浦站止于小港站全长约公里共设车站座
2015-06-30 10:14,#订单班招生#,宁波轨道交通运营分公司订单班招生招生涉及通信信号机电一体化运营管理供电乘务车辆检修内燃机车驾驶等个专业计划人数人具体报名方式可登陆宁波轨道交通官方网站招贤纳才版块委培公告中进行查询
2015-06-29 15:16,宁波轨道交通号线二期工程正线轨道全线贯通月日轨道交通号线二期工程正线轨道全线贯通号线二期工程西自东环南路站东至霞浦站全长约设车站座其中地下站座高架站座目前全线已进入车站机电和公共区装修施工阶段计划明年上半年通车试运营
2015-06-18 17:24,宁波轨道交通轨道交通号线一期高架段明起恢复正常运营轨道交通号线一期高架段声屏障已于日加装完毕明起高架段徐家漕长乐站芦港站梁祝站高桥站高桥西站个车站恢复正常运营号线一期运营区间恢复为东环南路站高桥西站太开心太开心鼓掌鼓掌
2015-06-18 15:34,红马甲倡导地铁文明出行月日至日宁波轨道交通开展为期一周的红马甲专项志愿者服务针对乘车不文明行为进行劝导并对乘客提供志愿者服务右立左让文明出行今天你做到了吗伴我同行伴我同行
2015-06-18 14:36,宁波轨道交通轨道交通号线一期工程开始招商轨道交通号线一期全线个车站现面向社会公开招商拟规划商铺数量共计个合计面积约具体位置及面积以实际交付为准商铺为统一打包出租共两个商铺包每个商铺包分别含个车站即日起至月日正式接受报名招商具体情况见下图
2015-06-16 19:49,快闪方式演译右立左让倡导文明出行给力给力给力给力
2015-06-11 15:27,宁波轨道交通轨道交通号线一期高架段暂停运营天高架部分因加装声屏障需要经行业主管部门批准月日暂停运营天包括徐家漕长乐站芦港站梁祝站高桥站高桥西站个车站在此期间轨道交通运营线路为东环南路站望春桥站月日起恢复正常运营给您带来的不便敬请谅解
2015-06-08 17:36,宁波轨道交通轨道交通号线工程可行性研究报告获批按照工可批复号线起自慈城站止于东钱湖站线路全长约其中高架线地下线共设站座地下车站座高架车站座其中换乘站座
2015-06-05 09:14,#批前公示#,月日宁波市城市轨道交通线网规划修编草案已形成并向社会公示在此期间欢迎市民提出宝贵意见和建议并以书面形式反馈
2015-06-04 17:35,宁波轨道交通中高考期间考生及家长可免费乘地铁月日中考月日高考期间应届考生及家长家长限名凭本人准考证可免费乘坐轨道交通同时每个车站客服中心备有一定数量的考试文具以备考生不时之需考生如有丢失物品请立即与车站人员联系运营服务热线
2015-06-02 09:34,#今日读报#,望春桥站停车场下调收费助换乘望春桥站停车场内里设泊位个其中无障碍停车位个目前停车收费下调为白天小时含内免费小时元超过小时元白天元封顶晚上到次日每小时元元封顶包月元月辆
2015-05-29 17:18,地铁行文明行活动以打造文明人文明风文明味文明线为载体全面开展随行志愿者服务文明乘车月轻声细语我喜欢无饮食车厢等活动积极宣传左行右让打造红色文化廉政文化青春文化等主题列车和车站开展地铁微心愿圆梦行动志愿服务大篷车等活动
2015-05-29 14:57,#美拍#,宁波轨道交通来看看我拍的视频轨道交通第四届体育文化节嗨翻天点此播放轨道交通第四届体育文化节嗨翻天轨道交通第四届体育文化节嗨翻天通过美拍拍摄
2015-05-29 12:45,宁波轨道交通地铁岁了年月日承载着万甬城百姓的祈盼宁波轨道交通号线一期开通试运营明天号线一期将迎来周岁生日一年来轨道交通号线共运送约万人次乘客开行列车列次正点率宁波地铁时代的到来改变的不只是出行是生活更是一座城
2015-05-28 16:03,儿童节儿童免费乘地铁儿童节当天周岁及以下儿童年月日后出生可凭有效证件免费乘坐轨道交通陪同人员除外卡通列车等您来哦熊猫熊猫
2015-05-27 15:16,恭喜十位获奖铁丝鼓掌鼓掌鼓掌鼓掌
2015-05-27 15:15,轨道交通感恩大篷车开进天一家园月日明天上午轨道交通感恩大篷车将首次发车驶入天一家园社区为市民提供市民卡充值测量血压线路检修等一系列便民服务详情请见下图
2015-05-25 15:45,宁波轨道交通宁波成为全国绿色交通试点城市目前宁波已被国家交通运输部列为绿色交通城市试点未来年内宁波将投放辆纯电动公交车建设个公交充电架及客车辆公交车辆等扩大公交专用道的覆盖范围同时将新增公共自行车服务点个增加投放万辆公共自行车
2015-05-22 17:35,人人都是志愿者时时都当志愿者宁波轨道交通即日起面向轨道交通乘客招募首批随行志愿者报名方式见下图
2015-05-22 16:13,铁丝们周年纪念票卡喊你来抢嘿礼物礼物给力给力话筒话筒来来
2015-05-21 11:30,宁波轨道交通宁波轨道交通荣获宁波十佳企业内刊近日宁波市企业内刊交流大会暨内刊高峰论坛举行轨道交通内刊宁波轨道交通荣获宁波十佳企业内刊称号本次评选历时个月多月共有来自市内上百家企业内刊参与申报最终宁波轨道交通以突出的主题新颖的设计丰富的内容脱颖而出
2015-05-20 11:17,宁波轨道交通宁波轨道交通推出海丝文明专列海丝文明专列以卡通形式对鼓楼庆安会馆南塘老街等宁波商帮文化历史标志性建筑进行创意诠释亮一带一路宁波名片助推月光经济发展这也是国内首列手绘卡通专列
2015-05-17 19:05,宁波轨道交通轨道交通乘车可刷手机啦即日起使用宁波手机市民卡可直接刷手机进站乘车并享有乘轨道交通折优惠活动截止至年月日结束后恢复折只要拿着具有功能的手机到宁波移动营业网点更换具有移动金融支付功能的卡就能使用三星小米等手机都支持目前不可用快试试吧
2015-05-10 00:22,宁波轨道交通母亲节快乐爱你爱你祝全天下母亲节日快乐鲜花鲜花妈妈辛苦啦心心
2015-05-06 10:18,宁波轨道交通号线一期工程车站名取好了经历征求意见专家审查社会公示历时个多月宁波轨道交通号线一期工程个站点名称日前正式批复确认啦这些名字不仅对应了所处位置方便市民出行也反映了车站周边历史文化和风土人情宁波发布宁波发布中国宁波网中国宁波网
2015-05-04 21:52,#事故进展#,宁波轨道交通事故进展据最新消息宁波轨道交通天童庄综合基地盖上房建工程事故另一名工人经抢救无效死亡蜡烛蜡烛蜡烛蜡烛蜡烛蜡烛事故原因正在调查之中
2015-05-04 18:42,#事故进展#,宁波轨道交通事故进展据最新消息名受伤工人中已经有一名抢救无效死亡深表痛心蜡烛蜡烛蜡烛蜡烛蜡烛蜡烛另一名工人仍在抢救中祈祷平安
2015-05-04 18:13,宁波轨道交通月日下午左右宁波轨道交通交通天童庄基地一工地发生一起人受伤事故受伤工人已第一时间送往医院救治
2015-04-30 16:21,宁波轨道交通东钱湖旅游专列五一期间时刻表新鲜出炉推荐推荐主页君祝大家五一劳动节快乐飞个吻乘着旅游专列去玩耍咯放假啦
2015-04-30 14:12,#主题列车#,南京春天版列车开往春天的地铁色色
2015-04-20 17:08,宁波轨道交通东钱湖旅游专列明日上线大片金黄的油菜花绿油油的茶园洒满阳光的游步道月日东钱湖旅游专列正式在宁波轨道交通上线运营该专列共有六节车厢分为邂逅绮思相约隐居守候遇见六个不同主题东钱湖标志性景观都可以在这辆专列上看到专列时刻表见下图
2015-04-03 10:04,#运营服务#,宁波轨道交通运营服务轨道交通清明时间调整为满足清明乘客扫墓需要日高桥西首班车往东环南时间提前至东环南首班车往高桥西提前至日高桥西首班车往东环南提前至东环南首班车往高桥西提前至为保障乘客出行安全舒适请勿携带烟花爆竹油漆等易燃易爆物品进站
2015-03-26 09:31,#民生快线#,宁波轨道交通首次投入清明运输号线东环南路站成为今年新的接驳点同时提前首班车发车时间月日高桥西始发列车将提前至东环南路始发列车提前至月日高桥西始发列车将提前至东环南路始发列车提前至月日日高峰时段轨道交通行车间隔将调整为分钟
2015-03-11 16:46,宁波轨道交通号线二期工程开始机电施工目前宁波轨道交通号线二期机电工程已全部进场施工其中邱隘站邬隘站和霞浦站完成供电电扶梯等设备安装号线二期工程线路设车站座地下站座高架站座计划年上半年通车试运营宁波发布宁波发布
2015-03-05 19:41,宁波轨道交通祝大家元宵节快乐爱你爱你幸福团圆太开心太开心
2015-02-26 18:00,宁波轨道交通宁波轨道交通号线一期工程车站拟命名方案明起向市民征求意见轨道交通号线一期工程共设座车站目前已经对各车站站名进行了梳理和核对并征求了市民政局及沿线地方政府的意见现将拟命名方案进行公示以征求市民意见起止时间月日到月日个工作日
2015-02-19 00:05,宁波轨道交通新年快乐轨道交通给大家拜年啦太开心太开心祝大家新的一年里洋洋得意事事顺利鼓掌鼓掌
2015-02-16 09:18,#大声说出爱 地铁伴你行#,宁波轨道交通大声说出爱地铁伴你行恭喜以下网友西湖边寻开心西湖边寻开心多晒太阳会长高的凡凡多晒太阳会长高的凡凡凯凯凯凯雪儿雪儿我心永恒之西街雨我心永恒之西街雨剧场剧场兔子爱维尼兔子爱维尼颜祥颜祥黄阿菜黄阿菜斌斌领奖方式将私信通知请注意查收同时感谢其他网友积极参与主页君爱你们哟亲亲亲亲爱你爱你敬请关注后续更多活动礼物礼物
2015-02-14 08:59,#大声说出爱 地铁伴你行#,大声说出爱地铁伴你行情人节快乐爱你爱你转发送祝福赢羊年票卡活动已经开始快来大声说出你的爱鲜花鲜花
2015-02-13 17:22,#大声说出爱 地铁伴你行#,宁波轨道交通轨道交通羊年纪念册内含张纪念票每张可乘车次售价元限量套情人节当天参加轨道交通官方微博大声说出爱地铁伴你行转发送祝福活动就有机会赢取羊年纪念票卡羊年大吉羊年大吉得意地笑偷乐偷乐
2015-02-13 15:37,#大声说出爱 地铁伴你行#,宁波轨道交通大声说出爱地铁伴你行轨道交通载着情人节礼物来啦发红包只要你关注宁波轨道交通官方微博在月日当天点点带话题大声说出爱地铁伴你行评论并转发活动微博表达心意并你的你的我们将根据评论点赞数量选取名幸运网友赠送羊年纪念票卡大声表白吧在等你哦心心
2015-02-13 11:23,#运营焦点-春节那些事儿#,喜气羊羊迎新年
2015-02-13 09:48,#羊年纪念票明起发售#,宁波轨道交通羊年纪念票明起发售宁波轨道交通羊年纪念票将于月日上午点于泽民鼓楼樱花公园海晏北路四个站点发售限量套售完即止票册定价元内含张纪念票每张可乘车次有效期至今年月日纪念票仅售一天你们准备好了吗阴险阴险宁波轨道交通运营宁波轨道交通运营
2015-02-12 15:44,宁波轨道交通月日上午来发节目组来到轨道交通黄隘车辆段给坚守岗位的一线建设工人们送去了宁波汤圆等慰问品和节日问候来发讲啥西来发讲啥西
2015-02-02 11:13,宁波轨道交通征集新春照片带您穿越回那些年月日起至月日轨道交通运营分公司面向全市征集甬城过年老照片入选作品将在沿线车站内广告灯箱中展出市民在坐车时可以一睹这些作品的精彩瞬间投稿邮箱详情请见下文
2015-01-27 15:30,宁波轨道交通月日上午现代金报社来到轨道交通号线二期铺轨标给一线建设者们送上了热腾腾的爱心腊八粥感谢他们为宁波轨道交通建设付出的辛苦和汗水也让身在异乡的工人们在新年之际感受到家的温暖
2015-01-27 11:50,宁波轨道交通全国首家地铁数字图书馆投运月日宁波轨道交通数字图书馆在号线泽民站鼓楼站樱花公园站率先投入使用宁波成为全国第一家拥有数字图书馆的地铁城市数字图书馆设于站厅层内置上千册部图书有声读物及经典影片内置无线环境智慧阅读将成为地铁的新时尚
2015-01-16 16:07,#今日关注#,轨道交通号线一期开通试运营入选宁波十大新闻鼓掌鼓掌
2015-01-07 17:31,宁波轨道交通轨道交通号线工程规划选址今起公示号线工程是轨道交通线网西北东南向的快速客运通道串联了慈城古城宁波火车站鄞州工业区东钱湖旅游度假区等客流集散点线路全长约设站座目前已在宁波市规划局官网启动为期天的公示宁波发布宁波发布
2015-01-04 17:13,宁波轨道交通轨道交通号线二期工程铺轨开始年月日上午宁波市轨道交通号线二期工程正线铺轨开始该工程于年开工建设全长共设个车站个地下站个高架站预计年上半年通车试运营北仑发布北仑发布宁波发布宁波发布
2015-01-03 17:13,地铁和轻轨有很多区别最通俗易懂的区别是两者每小时运量有很大不同而非地下与地下之分目前宁波已建和在建的轨道交通线路项目全部都是地铁标准载客量但不排除宁波远期或将有部分线路采用轻轨标准所以我们统一称为轨道交通啦北仑发布北仑发布地铁族宁波区地铁族宁波区
2014-12-31 14:26,#运营服务#,宁波轨道交通运营服务月日晚轨道交通末班车延时一小时为方便市民元旦前夜出行今晚号线一期全线延长小时运营时间列车行车间隔为半个小时其中东门口站往高桥西方向末班车时间为时分东门口站往东环南路站时间为时分详细时刻表见下图祝大家节日愉快得意地笑和主页君继续相约吧
2014-12-31 14:17,#3d艺术画展#,艺术画展今日时运营分公司在樱花公园站举办了以动物为主题的公益艺术画展本次画展共有幅米多高的画展出给乘客带来具有冲击力的视觉体验此次画展将持续到月日时间为每日时至时一起来体验吧
2014-12-24 11:38,平安夜地铁等你够再回家
2014-12-23 11:23,宁波轨道交通号线一期工程开工月日上午宁波市轨道交通号线一期工程开工宁波市轨道交通第二轮建设规划项目开始启动号线一期工程是串联了宁波鄞州中心区江东核心区江北区全长约设共座车站均为地下敷设建设工期约年计划于年通车试运营宁波发布宁波发布宁波市宁波市宁波市宁波市
2014-12-22 09:38,#运营服务#,运营服务公告年月日至年月日期间轨道交通运营分公司将在号线一期沿线开展夜间消防能力测试可能会给广大居民造成影响与不便请予以谅解特此公告具体内容请见下文
2014-12-19 15:08,#旅游文化3D专列#,旅游文化专列日日详细时刻表来咯这两天的时刻表都是一样的哦火速右键存起
2014-12-18 15:45,宁波轨道交通旅游文化专列亮相月日上午运营分公司首次对市民代表和媒体开放了即将于本周六上线的旅游文化专列这辆专列以米香渔香书香心香为主题体现大量宁波旅游文化的元素如年糕雪窦寺等该专列将和海洋专列一起长时间运行欢迎前往乘坐近日运行时刻表见下图
2014-12-18 15:22,#运营服务#,宁波轨道交通运营服务魅力轨道交通助燃月光经济系列迎新主题活动启动魅力轨道交通助燃月光经济系列迎新主题活动近日起即将启动除了优化列车运行图外还将推出旅游文化列车动物艺术画展等更多活动具体活动见下图宁波轨道交通运营宁波轨道交通运营
2014-12-18 15:01,#运营服务#,宁波轨道交通运营服务地铁候车时间进一步缩短在列车上线班次数量保持不变的情况下月日起号线平峰期行车间隔由分秒缩短为分秒高峰期行车间隔由分秒缩短为分整这是号线第次对列车运行图进行优化
2014-12-16 17:11,宁波轨道交通号线车站进门是大红色镶边站厅层深蓝色的吊顶配以云纹图案立柱采用红色中式窗格设计主打中国风售票闸机更便民
2014-12-16 14:46,宁波轨道交通售检票机更便民号线自动售票机外观是以红色为主的红黑搭配型高度由米降低到米造型更稳重可靠同时纸币投入口由米降低到米方便老人和儿童购票触摸屏由红外线屏幕改为电容屏支持多点触摸此外号线自动售票机在硬件效率和软件逻辑方面均有优化购票找零更快捷
2014-12-16 14:24,宁波轨道交通号线一期装修样板车站亮相号线一期车站公共区装修主题以甬帮之路为概念栎社国际机场站装饰采用云纹和路设计元素结合体现周边地域机场的内在联系和腾飞之路的寓意栎社国际机场站是第一个装修施工车站预计年春节前号线一期工程完成个车站公共区间装修
2014-12-12 09:39,#运营服务#,运营服务有那么一群人在夜深人静时行走在轨道边巡视轨道通信设备在合家欢庆时顶着瑟瑟寒风登高维修高架站台摄像机他们奔波于车站穿梭于各设备之间为的是确保列车正常运营给乘客带来舒适的旅程他们是通信维护员是宁轨不可缺的螺丝钉向通信维护员致敬心心
2014-12-05 20:00,#运营服务#,运营服务首批轨道交通志愿者获表彰今天是第个国际志愿者日国际志愿者日系列主题活动启动仪式暨服务他人幸福自己地铁邀您来当志愿者签名倡议活动在号线一期樱花公园站举行并为首批达到小时的社会志愿者颁发了纪念证书及奖品共有人获得这项荣誉
2014-12-05 16:26,宁波轨道交通天气冷了宁波轨道交通列车内座椅有自动加热功能当车厢内部温度低于时加热装置将自动启动为您带来温暖的乘车体验宁波发布宁波发布宁波民生点通宁波民生点通看看看看看看
2014-12-05 15:34,宁波轨道交通轨道交通每个窗口每个细节的干净清爽都是这些默默无闻的志愿者和清洁工悉心呵护的结果请爱护环境尊重劳动中山西路中山西路
2014-12-04 14:07,#致敬·轨道交通志愿者#,运营服务寒冬带走温暖志愿者用轻柔的声音阳光般的笑容温暖着每一位乘客遇到乘车问题他们会用娴熟的知识为您解答遇到老人小孩他们会主动上前给予无私帮助他们坚守在岗位上不求个人得失只求将温暖播撒明天是第个国际志愿者日祝福他们节日快乐向志愿者们致敬
2014-11-29 16:42,安全第一把气放了可以带哦
2014-11-28 17:37,宁波轨道交通号线一期车辆内装本土化号线一期列车显著特点是列车的某些部件实现了宁波本地化制造车内内装产品由宁波余姚本地企业浙江大丰实业有限公司制造牵引电气系统关键部件之一传感器产品由宁波江北区另一家本地企业宁波南车时代传感技术有限公司生产制造列车整车的国产化率接近
2014-11-28 16:02,#我与轨道交通志愿者合个影#,运营服务月日至日关注宁波轨道交通运营宁波轨道交通运营和东南商报东南商报拍摄合影照并宁波轨道交通运营或宁波轨道交通运营或东南商报东南商报在指定站点东门口站福明路站鼓楼站客服中心出示合影即可获得张夜间轨道交通乘车券送完即止活动结束后还将抽取若干幸运者奖励价值元轨道交通纪念票卡
2014-11-28 10:17,宁波轨道交通月日上午轨道交通号线一期工程首列车顺利抵达天童庄车辆基地号线列车设计在外观上以红色为基础波浪形的腰带丹凤眼的车灯简洁生动富有生命力
2014-11-21 16:52,宁波轨道交通月日下午市环保局环保监督员一行参观了轨道交通建设对防尘降噪工作进行了交流随后参观了轨道交通控制中心了解了列车运行情况
2014-11-21 11:35,#致敬•地铁的安全管家#,运营服务有一群人他们站如松行如风做事谨每天他们在车站维持乘车秩序早起他们迎来早高峰夜间送走最后一班列车他们会在必要时提醒乘客注意安全虽然偶尔会遭遇不理解受委屈这群人就是宁波轨道交通车站的默默奉献的保安们请理解他们的工作向他们致敬
2014-11-20 21:55,#金鹰女神赵丽颖＂飞到＂车站#,宁波轨道交通运营服务金鹰女神赵丽颖飞到车站今天下午号线海晏北路站有点热闹女明星赵丽颖剧组一行为电视剧实习生在车站取景赵丽颖分别在车站拍摄了候车以及进出闸机的镜头小轨为大家带了新鲜出炉的现场照女神今天拍戏穿的是白色毛衣和蓝色牛仔长裙十分清新靓丽哦宁波轨道交通运营宁波轨道交通运营
2014-11-17 09:27,#地铁“美容师”#,运营服务地铁美容师当时钟还未跳动到时有一群人早早到来赶在开站前清扫车站的角角落落每一级台阶每一扇屏蔽门每一块地板每一个扶手每一台闸机他们反复擦拭列车停运后他们才下班尊重车站每一位保洁员的劳动成果从你我做起
2014-11-12 11:54,宁波轨道交通号线一期首批车辆造型亮相号线列车设计在外观上以红色为基础波浪形的腰带丹凤眼的车灯简洁生动富有生命力车辆采用动拖辆编组形式的型车总长约米车体最大宽度约米高米列车定员载客为人首批车辆预计年内抵甬
2014-10-29 22:49,片子拍得唯美而细腻拍摄角度多样而新颖感情真挚值得一看一品
2014-10-29 22:45,#微电影《夏至一号线》#,微电影夏至一号线故事讲述的是一位成功女青年度假回家在坐上了宁波轨道交通后她的想法发生了改变最后决定留在家乡奋斗该电影参加美丽宁波微电影大赛于月下旬至月上旬在车站取景感谢微电影大赛组委会感谢拍摄剧组将宁波轨道交通的美丽展现给全国观众心心
2014-10-26 15:11,路神到东门口的上行列车有个女的鼓楼下车包忘记拿包我给东门口的站台保安了粉红色的女包宁波轨道交通运营宁波轨道交通运营宁波轨道交通宁波轨道交通
2014-10-23 11:52,#运营服务#,运营服务注意甬城通卡在轨道交通中的使用政策来啦还不快右键收藏鼓掌鼓掌宁波轨道交通号线一期市民卡服务网点泽民站东门口天一广场站樱花公园站世纪大道站以上站点均可办理充值业务服务时间为以及
2014-10-22 16:27,#运营服务#,运营服务轨道交通车站内全面禁烟为了您和他人的安全请熄灭烟头再进入车站乘车
2014-10-21 09:12,#运营服务#,运营服务报销凭证怎么拿下车出闸前请找客服中心
2014-10-19 11:05,宁波轨道交通地铁零距离活动今日如期举行感谢各位网友的关注让我们期待下一次活动再见心心东南商报东南商报壹时间壹时间都市快报都市快报
2014-10-17 15:47,#无安全包装的折叠自行车不能带进站#,现在问题来了折叠自行车能带进轨道交通吗答案是无安全包装的折叠自行车不能带进站自行车大家要注意规格哦
2014-10-17 10:58,#直击发布会#,宁波发布政务微信正式上线啦威武威武
2014-10-17 09:18,#地铁零距离#,宁波轨道交通地铁零距离报名活动昨日已结束恭喜以下名幸运网友被随机抽中名单如下慈溪阿铭慈溪阿铭阿鵰阿鵰将心靠岸上将心靠岸上拾光者拾光者小沫堂堂小沫堂堂鹿佶鹿佶玖月樱玖月樱爱人好累爱人好累地铁族宁波区地铁族宁波区我是一个兵我是一个兵恭喜以上网友日上午地铁等您赴约同时感谢其他网友积极参与请继续关注轨道交通今后的活动爱你爱你
2014-10-14 17:17,#地铁零距离#,宁波轨道交通地铁零距离想和宁波地铁来一次零距离接触吗凡在日前关注宁波轨道交通官方微博转发本条微博并三位好友三位好友就有机会获邀参加本周日日上午地铁零距离活动并获赠地铁免费乘车劵纪念卡等精美小礼品偷乐偷乐微博名额仅名还等什么快来成为我们的铁杆粉丝吧加油啊
2014-10-14 15:47,宁波轨道交通银联市民卡邀您坐地铁即日起至年月日只要持新版市民卡乘坐地铁就能享受六折优惠活动活动结束后优惠将恢复折折扣轨道交通樱花公园站世纪大道站东门口站泽民站四个站的客服中心均提供充值咨询服务
2014-10-11 10:03,#运营服务#,乘地铁丢东西请拨宁波轨道交通交通竭诚为您服务心心耶耶
2014-10-11 09:58,坐地铁和天王来个美丽的偶遇害羞害羞
2014-10-11 09:43,#运营服务#,地铁站的这些便民服务你注意到了吗在宁波轨道交通的车站里有许多贴心的便民服务在车站卫生间区域个别房间设有婴儿护理板专门为妈妈们解决给孩子换尿布的烦恼车站里还设有便民箱里面备有一些常用的药品下雨天在各出入口有便塑料伞套可免费使用
2014-10-10 14:18,宁波轨道交通徐家漕长乐站周边顺畅了为方便周边居民出行号线徐家漕长乐站出口朝向新园路的栏杆已经新设置了一个通道和台阶车站北侧的坑洼临时路面也变成了沥青路徐家漕长乐站周边道路顺畅了
2014-10-09 14:41,#宁波轨道公安车巡队今亮相#,宁波轨道交通公安车巡队国庆节正式亮相成为宁波地铁的独特帅气新风景
2014-10-09 14:36,#支持绿色出行，发展月光经济，2000张夜间免费乘车券等你来拿#,小伙伴们地铁喊您快来参与去旅行去旅行
2014-10-09 14:33,#运营服务#,运营服务支持绿色出行发展月光经济张夜间免费乘车券等你来拿关注转发有机会参与抽奖加油啊
2014-09-23 17:11,宁波轨道交通轨道交通举行质量月活动暨质量现场观摩会今天下午轨道交通质量月活动暨质量现场观摩会在号线一期工程机电安装装修标举行本次质量月活动以落实质量责任实现三个提升为主题除现场观摩交流会外还将陆续开展试运营服务质量提升等各项专题活动
2014-09-22 09:45,雨天不怕地铁站可以借伞雨伞
2014-09-19 11:49,宁波轨道交通无车日期间可免费体验接驳公交月日城市无车日期间宁波将开通城西轨道接驳临时公交专线让市民体验公交轨道交通换乘的便捷起讫点为公交薛家站至天一家园轨道交通泽民站整条接驳专线线路里程来回合计约公里全程免费
2014-09-16 16:46,宁波轨道交通日市民可免费领取轨道与公交换乘票今日至日为我市第二届公交出行宣传周暨城市无车日活动日交通部门将在轨道交通车站及沿线主要公交接驳线路上向乘客发放万张公交与轨道交通免费换乘票此外市区新增的个公共自行车服务网点将同步开通城市无车日你准备好了吗
2014-09-16 14:34,宁波轨道交通月日负责甬梁路鄞州段改造工程的鄞州区交通投资有限公司已制定临时路面铺设方案并针对坑洼路面进行修补预计国庆节前将完成临时路面的铺设宁波晚报宁波晚报中国宁波网中国宁波网
2014-09-09 09:57,赞赞一线生产人员辛苦了心心
2014-09-05 19:00,
2014-09-01 16:10,宁波轨道交通运营服务中秋节去哪里来号线车站拍照啦中秋节期间轨道交通运营推出月圆中秋活动邀请了行为艺术者在部分车站上演以中秋元素为主题的行为艺术玉兔捣药吴刚伐桂嫦娥奔月等神话故事都将以行为艺术表演的形式出现哦车站还设有感应区域可供免费互动拍照宁波轨道交通运营宁波轨道交通运营
2014-08-27 09:55,#温馨回馈奖名单#,温馨回馈奖名单出炉非付费乘车的甬城通卡含离休干部免费乘车卡爱心乘车卡以及高龄老人免费乘车卡等乘坐轨道交通次数最多的前名乘客的获奖名单和卡号公布如下请仔细核对您的卡号和信息
2014-08-27 09:55,#温馨回馈奖名单#,温馨回馈奖名单出炉需付费的甬城通卡不含高龄老人免费乘车高峰时段乘车次数乘坐轨道交通次数最多的前名乘客获奖名单和卡号已公布如下请仔细核对您的卡号和信息
2014-08-26 14:32,#今日关注#,话筒话筒新铁路宁波货运北站日启用
2014-08-22 16:04,宁波轨道交通地铁惠民卡抢购中奖名单出炉啦关注宁波地铁抢购地铁惠民卡活动目前已顺利落帷现将抽奖结果及领奖方式公布如下请获奖市民于月日至日到宁波海曙区丽园北路号美丽园大厦宁波轨道交通领取奖品
2014-08-22 15:09,#运营服务#,宁波轨道交通运营服务地铁站投放万把文明伞日宁波轨道交通号线各车站出入口至站厅拐角处已放置文明伞免费供市民借用乘客只需在登记本上写下姓名联系方式日期就可以借伞扫二维码可查询伞的借还点就近归还即可文明伞借还点还设置在我市的许多小区门卫室商店主入口学校门口
2014-08-22 11:17,宁波轨道交通小朋友们玩的好开心爱你爱你海洋世界专列欢迎大家来乘坐太开心太开心
2014-08-22 10:56,宁波轨道交通宁波地铁打造首辆立体海底世界主题列车心心今天上午分轨道交通运营在樱花公园站举行海洋公园在地铁海底世界专列扬帆起航宁波轨道交通卡通形象发布活动在卡通形象代言人宁宁和波波的带领下轨道交通海底世界专列首次亮相于公众小盆友喜欢么
2014-08-22 10:49,宁波轨道交通海底世界专列来咯主页君仿佛闻到了大海的气息花心好多鱼
2014-08-22 09:46,#运营服务#,宁波轨道交通运营服务今天上午分轨道交通运营将在樱花公园站举行海洋公园在地铁海底世界专列扬帆起航宁波轨道交通卡通形象发布活动届时在卡通形象代言人宁宁和波波的带领下轨道交通海底世界专列将首次亮相于公众欢迎大家前来乘坐
2014-08-18 09:09,宁波轨道交通宁波昨天正式出伏啦根据市气象台统计今年宁波高温日数较常年同期明显偏少从月至今全市仅个高温天远低于去年个高温天的记录也低于常年个高温天的水平但受副热带高压的影响高温在本周后期很可能再次袭来下雨下雨大家记得出门带伞哦雨伞
2014-08-11 15:50,宁波轨道交通欢迎你宁波轨道交通摄影大赛巡回展将于明日月日开始在号线樱花公园站鼓楼站等地展出请各位爱好者前去观看捧场哦第一批展览时间月日日展览地点号线樱花公园站地下一层站厅层第二批展览时间月日日展览地点号线鼓楼站地下一层站厅层
2014-08-11 14:40,宁波轨道交通地铁惠民卡优惠抢购进入倒计时自月日推出宁波地铁微信抢购活动以来地铁惠民计次卡等受到乘客市民的追捧目前活动即将进入尾声最后两天将依次推出东城脉动璀璨新城两种主题票面的计次卡还没有买到的赶快来微信订购围观围观
2014-08-07 16:53,宁波轨道交通地铁惠民卡线上抢购活动今起正式开始从今日起至月日每日限量发售不同票面的号线文化墙主题风惠民计次卡及马年首通纪念套票动手扫一扫二维码关注宁波地铁公众微信号通过今日闪购即可线上抢购享优惠关注即可参加抽奖交易成功再送大奖
2014-08-07 11:28,宁波轨道交通号线文化墙获全国公共设施艺术化项目范例奖近日宁波轨道交通号线文化墙在年度全国优秀城市雕塑建设项目评审中荣获公共设施艺术化项目范例奖成为全国三个获奖的地铁文化墙项目之一威武威武主页君倍感自豪鼓掌鼓掌大家快来点赞赞赞号线文化墙获全国公共设施艺术化项目范例号线文化墙获全国公共设施艺术化项目范例
2014-08-06 15:18,#运营服务#,宁波轨道交通运营服务目前宁波轨道交通号线一期东门口站樱花公园站泽民站三个站点的站台已开始试行免费无线上网服务需提醒的是乘车途中该服务无法使用后续会逐步扩大试点范围登录步骤请见下图
2014-08-06 10:46,宁波轨道交通话筒话筒话筒话筒铁路货运北环线甬江特大桥昨合龙铁路货运北环线甬江特大桥位于绕城高速清水浦大桥的西面甬江特大桥是世界上最大跨度的铁路混合梁斜拉桥建成后它将打通宁波港集装箱疏运的内地陆路通道拓展宁波港海铁联运腹地使宁波的铁路货运量在现有基础上提升三分之一以上
2014-08-05 16:56,#运营服务#,话筒话筒运营服务运营时间调整啦自月日起宁波轨道交通号线一期的末班车开行时间由现在的调整至始发站发出的末班车时间
2014-08-04 13:58,#运营服务#,宁波轨道交通运营服务炎炎夏日宁波轨道交通为答谢广大乘客将于月日至日每天下午点至点在号线大卿桥站西门口站鼓楼站东门口天一广场站及福明路站个站点进行清凉扇派送活动为乘客送去一份凉爽扇子背面还有宁波地铁公众微信二维码动手扫一扫有机会参与抽奖获惊喜奖品
2014-08-04 12:57,#云南鲁甸县6.5级地震#,为云南祈福蜡烛蜡烛为生命祈福
2014-08-04 09:31,#运营服务#,运营服务运营公司举办形象大使选拔赛爱你爱你
2014-08-04 09:20,为地铁正能量点赞威武威武
2014-08-01 10:04,宁波轨道交通关注宁波地铁畅享地铁惠民卡为丰富宁波购物节主题活动宁波轨道交通推出宁波地铁公众微信号上线试运行通过今日闪购抢购地铁惠民卡关注宁波地铁公众微信号更有机会参加惊喜活动详情请见关注宁波地铁畅享地铁惠民卡关注宁波地铁畅享地铁惠民卡
2014-08-01 09:50,宁波轨道交通宁波公交无线查询平台昨上线鼓掌鼓掌市民可关注微信公众查询平台宁波公交或通过该微信平台下载手机客户端安卓版或版也可通过市客管局官网或市公交总公司官网下载客户端实时查询公交信息无线公交的最大亮点就是能查询公交线路的实时开行情况十分便捷一目了然
2014-07-31 16:59,宁波轨道交通号线文化墙主题风惠民票卡亮相宁波轨道交通为丰富宁波购物节主题活动特发行号线文化墙主题风惠民计次票卡票卡共款以号线一期文化墙为主题代表着宁波的历史文化传统配以六种颜色体现出时尚大气的设计理念
2014-07-31 15:37,宁波轨道交通关注宁波地铁畅享地铁惠民卡关注宁波地铁畅享地铁惠民卡关注宁波地铁畅享地铁惠民卡
2014-07-31 14:55,地铁寻物飞飞飞飞在站内遗失农保卡及医疗卡拾到的同学请麻烦交至站务人员爱你爱你
2014-07-30 15:40,宁波轨道交通为星星的孩子爱心义卖月日下午宁波科学探索中心将为星星的孩子举行爱心义卖活动届时孩子们将在老师的教导下进行绘画速写所有作品将进行义卖自闭症儿童的创作作品和衍生品以及手工艺品也将进行义卖所有款项将捐赠给宁波星宝自闭症家庭援助中心爱心传递
2014-07-30 14:19,宁波轨道交通再熬一天凉爽天又来咯今年第号台风夏浪昨天中午已在西北太平洋洋面上生成尽管目前的台风强度走向都还不确定但据市气象台预报本周末我市很有可能出现降雨过程下雨下雨再熬一天凉爽天气就来咯
2014-07-29 15:08,宁波轨道交通月日上午市人大常委会副主任总工会主席苏利冕一行对轨道交通号线正线铺轨标进行了视察慰问为高温期间坚守岗位的一线工人送上了慰问金和慰问品
2014-07-28 12:49,#宁波轨道交通启动“夏日清凉大放送”活动，鼓励市民绿色出行#,切克闹坐地铁拿大奖咯
2014-07-28 10:41,宁波轨道交通今日起市民坐宁波地铁可免费领取饮料从月日起轨道交通面向广大乘客开展以夏日清凉大放送为主题的赠饮和抽奖活动鼓励市民绿色出行凡是在号线一期各车站乘车的乘客有机会免费领饮料刷甬城通卡或其他有效乘车凭证坐地铁还有机会中大奖宁波轨道交通启动夏日清凉大放送活动鼓励宁波轨道交通启动夏日清凉大放送活动鼓励
2014-07-25 11:54,#地铁分享#,环保又给力天津地铁天津地铁地铁分享开车到地铁站然后地铁进中心城区这会逐渐成为新的时尚出行方式兼顾了方便和快捷还绿色环保小编呼吁大家少开车多乘地铁啦
2014-07-24 14:16,宁波轨道交通地铁用上甬产电梯轨道交通工程所需电梯已由宁波欣达集团有限公司所属的宁波宏大电梯有限公司装配首批将有上百台总价值超过万元的电梯用于我市的轨道交通号线工程此前号线工程电梯也是由宏大电梯提供
2014-07-08 11:44,宁波轨道交通宁波轨道交通司机订单班招生啦亲们想当宁波轨道交通当司机吗武汉铁路司机学校是今年唯一一所与宁波市轨道交通集团运营分公司定向培养的外地院校现面向宁波市民招生啦宁波轨道交通司机订单班招生啦宁波轨道交通司机订单班招生啦
2014-07-07 11:09,宁波轨道交通声明坐地铁做公益大型绿色出行公益活动不向普通乘客市民募集捐款谨防诈骗宁波日报等单位今发起绿色出行公益活动现有不法分子传发银行账号骗取普通乘客市民直接汇钱捐款我们特此声明本活动唯一官方信息发布平台和参与途径为微信号宁波地铁生存
2014-07-07 11:00,宁波轨道交通坐地铁做公益绿色出行活动启幕本次活动欢迎企事业单位和个人爱心认购每人次捐献分钱爱心款项将汇入绿行家地铁公益基金爱心认购以月为单位每月累积后用于绿色环保公益项目或帮助实现市民的微心愿活动通过微信公众号宁波地铁生存接受报名和推荐
2014-07-02 09:43,宁波轨道交通我发表了文章号线一期各车站出入口信息图号线一期各车站出入口信息图号线一期各车站出入口信息图
2014-06-30 09:15,#1号线一期开通试运营后首次优化列车停站时间#,宁波轨道交通号线一期开通试运营后首次优化列车停站时间根据试运营期间客流量情况自月日起宁波轨道交通优化调整东门口站福明路站停靠时间调整后两个站停站时间分别为秒秒分别比以往停靠站时间延长了秒此外根据客流量情况鼓楼站停靠时间调整为秒比以往缩短了秒
2014-06-30 08:40,宁波轨道交通我发表了文章号线一期试运营满月日均运客万人次全线列车正点率号线一期试运营满月日均运客万人次号线一期试运营满月日均运客万人次
2014-06-19 16:02,宁波轨道交通我发表了文章宁波市轨道交通号线一期工程纪念票卡设计方案评选结果揭晓宁波市轨道交通号线一期工程纪念票卡设计方宁波市轨道交通号线一期工程纪念票卡设计方
2014-06-19 12:29,宁波轨道交通我发表了文章关于联合举办我眼中的宁波轨道交通作品征集活动的启事关于联合举办我眼中的宁波轨道交通作品征集关于联合举办我眼中的宁波轨道交通作品征集
2014-06-18 19:09,宁波轨道交通我发表了文章关于月日早时段站台乘客信息显示屏屏未显示倒计时海晏北路出入口处漏水问题的回复关于月日早时段站台乘客信息显示屏屏关于月日早时段站台乘客信息显示屏屏
2014-06-18 18:38,宁波轨道交通我发表了文章关于号线一期部分站点市民卡便民充值点时间问题的回复关于号线一期部分站点市民卡便民充值点时关于号线一期部分站点市民卡便民充值点时
2014-06-18 15:03,宁波轨道交通轨道交通号线望春桥站换乘停车场启用轨道交通号线望春桥站即换乘停车场昨天通过竣工验收新建的个停车位全部对外开放使用这意味着中心区停车换乘的低碳出行模式开启目前该停车场的收费标准还在报批因此停车位现在是免费对外开放的
2014-06-17 12:51,宁波轨道交通号线一期工程地下段开始机电安装截至月底号线一期地下段车站结构封顶地下段双线洞通目前已进入机电安装阶段号线一期工程线路全长设车站座其中地下站座高架站座工程已于年月日开工建设工期年计划年年底前开通试运营宁波发布宁波发布中国宁波网中国宁波网
2014-06-11 17:11,宁波轨道交通我发表了文章中考期间宁波市本年考生持准考证可免费乘地铁中考期间宁波市本年考生持准考证可免费乘地铁中考期间宁波市本年考生持准考证可免费乘地铁
2014-06-08 18:00,宁波轨道交通我发表了文章去两会两展瞧热闹可乘轨道交通前往市民可采用以下两种方式第一种乘坐轨道公交号线一期至福明路站换乘公交路路路可至第二种乘坐轨道公交号线一期至世纪大道站换乘公交可至去两会两展瞧热闹可乘轨道交通前往去两会两展瞧热闹可乘轨道交通前往
2014-06-06 10:28,宁波轨道交通我发表了文章高考期间考生可免费乘坐轨道交通高考期间考生可免费乘坐轨道交通高考期间考生可免费乘坐轨道交通
2014-05-31 18:12,#“六一”当天14周岁及以下儿童可免费乘地铁#,宁波轨道交通六一当天周岁及以下儿童可免费乘地铁为了给小朋友们过节六一儿童节当天周岁及以下儿童年月日后出生可免费乘坐轨道交通符合条件的小朋友可凭身份证户口本等有效证件前往车站乘坐由边门进入学龄前儿童须由健康成年人陪同
2014-05-31 09:09,宁波市轨道交通号线马年首通纪念票卡明日起月日在鼓楼站口旁中山东路与解放南路交叉口东南角唯一指定销售点现场发售发售时间为每天的至请喜欢收藏的市民届时前往市民也可通过电话预定的方式购买预定电话
2014-05-30 11:47,宁波轨道交通我发表了文章宁波市轨道交通号线马年首通纪念首次亮相宁波市轨道交通号线马年首通纪念首次亮相宁波市轨道交通号线马年首通纪念首次亮相
2014-05-30 11:30,宁波轨道交通拥抱阿拉宁波地铁今天上午点轨道交通举行了简短的开通试运营仪式表彰了为轨道交通建设作出贡献的参建单位和先进个人
2014-05-30 05:49,宁波轨道交通十年追梦今朝圆各位亲们宁波轨道交通号线一期工程今天点左右正式开通开门载客试运营了宁波正式迈入地铁时代并成为浙江省第二个开通地铁的城市让我们一起欢欣和祝福吧
2014-05-29 22:02,宁波轨道交通我发表了文章宁波市轨道交通号线马年首通纪念票卡即将发行限量万套宁波市轨道交通号线马年首通纪念票卡即将宁波市轨道交通号线马年首通纪念票卡即将
2014-05-29 10:12,宁波轨道交通明日起试运营号线一期全线个车站共开放个出入口宁波轨道交通号线一期于明日月日时左右开通试运营由于出入口外围施工等多方面因素试运营初期车站个别出入口不具备开通条件经最终确认试运营初期全线个车站共有个出入口可以对外开放具体出入口及地址如下
2014-05-28 21:11,宁波轨道交通我发表了文章宁波轨道交通月日起安检宁波轨道交通月日起安检宁波轨道交通月日起安检
2014-05-27 11:36,宁波轨道交通我发表了文章甬城通公共交通卡开通轨道交通应用甬城通公共交通卡开通轨道交通应用甬城通公共交通卡开通轨道交通应用
2014-05-26 09:33,宁波轨道交通新人们登上爱情专列前往梁祝站啦喜喜喜喜喜喜心心心心心心桑田路桑田路
2014-05-26 09:17,宁波轨道交通宁波轨道交通温馨地铁相约梁祝公益集体婚礼此刻在福明路站举行对新人们大多是参与号线一期工程的建设者和运营人他们将乘坐轨道交通到达梁祝站在梁祝的爱情见证下举行一场浪漫的草坪婚礼祝福他们心心心心心心宁波轨道交通宁波轨道交通桑田路桑田路
2014-05-24 09:13,#试乘还有今明两天，过期作废#,宁波轨道交通试乘还有今明两天过期作废今天是月日周六试乘活动的第四天宁波轨道交通真诚地欢迎您前来试乘需要注意的是我们的试乘活动截至日还剩今明两天手里有券的市民们赶紧来试乘吧日以后试乘券就要作废了日正式开通试运营以后需购买单程票和刷甬城通进站话筒话筒话筒话筒话筒话筒
2014-05-23 20:26,#试乘期间5个站可使用垂直电梯#,宁波轨道交通试乘期间个站可使用垂直电梯试乘期间高桥西站梁祝站泽民站福庆北路站盛莫路站垂直电梯可使用其余车站由于出入口外围条件不具备暂不开放垂直电梯请残疾人行动不便的试乘者通过上述站点指定站口进入我们对此造成的不便深表歉意并争取在开通试运营时尽可能开通所有的垂直电梯
2014-05-23 16:04,宁波轨道交通我发表了文章宁波轨道交通将举办温馨地铁相约梁祝公益集体婚礼宁波轨道交通将举办温馨地铁相约梁祝公益宁波轨道交通将举办温馨地铁相约梁祝公益
2014-05-22 08:59,#感谢市民#,宁波轨道交通感谢市民今天是宁波轨道交通号线一期试乘的第二天您要来吗在昨天的试乘中近万名市民在不同车站分批入站试乘乘坐的过程中市民能遵守乘车规则自觉维护公共环境卫生和秩序做到有序上下车文明礼让能主动给老弱病残孕让座等文明乘车总体文明情况较好宁波轨道交通在此表示感谢
2014-05-21 17:26,宁波轨道交通轨道交通号线一期工程是宁波开通试运营的第一条轨道交通线路我们将秉承诚心用心贴心恒心的服务理念认真对待和听取市民意见努力为广大市民提供便利服务试运营初期市民如果对乘车有意见可以通过以下渠道进行反映
2014-05-21 17:17,宁波轨道交通宁波轨道交通将于本月日上午点正式开通试运营下图为各站首末班车时间表把握时间坐地铁再也不用担心堵车迟到咯
2014-05-21 11:56,宁波轨道交通地铁来啦今天是宁波轨道交通万人试乘活动第一天虽然是工作日车厢里依然人头攒动大家感受到宁波地铁的活力了吗快来留言吧说出你的试乘体验拍手
2014-05-20 10:18,宁波轨道交通宁波将成为浙江省第二个开通轨道交通的城市鼓掌鼓掌
2014-05-20 10:10,宁波轨道交通宁波市政府副秘书长新闻发言人朱达发布宁波轨道交通号线一期工程将于年月日上午点正式开通试运营
2014-05-20 09:47,宁波轨道交通话筒话筒今天上午点市新闻办将举行宁波市轨道交通号线一期开通试运营新闻发布会敬请关注
2014-05-18 12:48,我们会及时寄送试乘券便于您在试乘期间使用感谢您对宁波轨道交通的支持宁波民生点通宁波民生点通宁波晚报宁波晚报中国宁波网中国宁波网宁波发布宁波发布看宁波看宁波地铁族地铁族来发讲啥西来发讲啥西宁波日报宁波日报
2014-05-18 09:52,宁波轨道交通我发表了文章关于网络预约及微博微信接力获奖网友试乘凭证领取方式的通知关于网络预约及微博微信接力获奖网友试乘凭关于网络预约及微博微信接力获奖网友试乘凭
2014-05-17 17:36,宁波轨道交通关于宁波轨道交通试乘券领取的几点说明关于宁波轨道交通试乘券领取的几点说明关于宁波轨道交通试乘券领取的几点说明
2014-05-17 14:44,来发讲啥西来发讲啥西看看看看看看
2014-05-17 14:41,宁波轨道交通因对市民参与宁波轨道交通试乘活动的热情考虑不充分原定于日日三天发放的试乘券已在日上午全部发放完毕还未领到券的市民请不要在站口排队由此给您造成的不便敬请谅解我们将认真总结本次活动中存在的不足努力在正式开通时为市民提供优质服务民生点通民生点通宁波日报宁波日报
2014-05-17 13:34,宁波轨道交通特别说明现场工作人员临时增发的乘车凭证也是有效的市民可凭此凭证于到日免费试乘还未领到券的网络预约和微接力获奖网友我们将另行通知领取方式对您带来不不便敬请包涵宁波民生点通宁波民生点通看看看看看看来发讲啥西来发讲啥西宁波日报宁波日报宁波晚报宁波晚报
2014-05-17 13:27,宁波轨道交通感谢市民对轨道交通建设运营的热情参与目前试乘券已全部领完对本次活动考虑不周而给市民带来的不便我们深表歉意对部分工作人员的服务态度欠佳问题我们将加强批评教育和培训力争在号线一期工程开通试运营时为广大市民提供优质服务宁波民生点通宁波民生点通看看看看看看来发讲啥西来发讲啥西
2014-05-16 18:57,宁波轨道交通我发表了文章网络预约和轨通甬城微接力获奖网友看过来网络预约和轨通甬城微接力获奖网友看过来
2014-05-15 14:14,宁波轨道交通感谢广大市民的积极参与万人试乘网络预约报名已满如需领券请于月日至日到指定车站现场领取已预约成功市民也请按照预约时间和地点现场领取
2014-05-14 21:45,宁波轨道交通宁波轨道交通万人试乘活动试乘时间月日领券时间日报名方式指定地点领券网络报名参与轨通甬城微接力社区学校企事业单位等团体可统一报名详情请登录轨道交通官方网站网页链接网页链接查询
2014-05-14 20:11,宁波轨道交通宁波市轨道交通号线一期万人试乘活动开始啦
2014-05-14 14:19,#轨通甬城微接力#,宁波轨道交通轨通甬城微接力宁波市轨道交通号线一期通车试运营在即即日起至月日只需关注并宁波轨道交通宁波轨道交通转发乘车八步曲并附上您对宁波轨道交通的建议和期待位好友位好友就有机会获得个开通前免费试乘名额转发和评论越多越有机会获奖
2014-05-13 19:19,时间暂未最终确定请以我官方发布为准
2014-05-13 17:42,宁波轨道交通话筒话筒话筒话筒宁波轨道交通号线一期正式开通试运营前初步计划有免费试乘活动的安排但具体时间和方案尚未最终确定如有确切消息我们将第一时间通过媒体及官方平台公告请大家耐心等待宁波发布宁波发布宁波民生点通宁波民生点通中国宁波网中国宁波网宁波晚报宁波晚报宁波日报宁波日报东南商报东南商报现代金报现代金报都市快报都市快报看看看看看看
2014-05-13 16:59,宁波轨道交通宁波轨道交通个车站文化墙亮相梁祝站西门口站鼓楼站东门口天一广场站江厦桥东站福庆北路站六个轨道交通车站六面文化墙似时光剪影今天揭开神秘面纱宁波轨道交通个车站文化墙亮相宁波轨道交通个车站文化墙亮相
2014-05-13 14:55,宁波轨道交通目前轨道交通号线一期工程正在试运行中针对屏上信息规范问题最近这段时间我部一直在自查自改在收网友浓眉哥眉不浓浓眉哥眉不浓的建议后我们立即联系相关部门进行了检查目前问题已整改欢迎大家继续找茬为宁波轨道交通多提宝贵意见在正式开通试运营后给市民提供一个舒适便捷的乘车环境
2014-05-12 11:41,#宁波天气#,思考思考明天又要下雨咯不过以后有了地铁即使下雨天出行也方便
2014-05-09 11:11,坐高铁可以去美国了可怜可怜太激动了宁波民生点通宁波民生点通从欧亚高铁泛亚高铁到正在筹备规划的中亚高铁中俄加美高铁中国积极推行高铁走出去战略铁路专家王梦恕表示未来国人去美国不再必须乘坐飞机乘坐高铁还可以观看沿途多国风光你鸡冻嘛可怜可怜
2014-05-09 11:10,#传递正能量#,心心随手传递正能量
2014-05-08 09:14,可怜可怜
2014-05-07 09:46,#紧急通知#,需要拨打热线的朋友看过来宁波日报宁波日报热线从月日点分至点更新升级中
2014-05-07 09:42,话筒话筒大家今天记得按时还自行车哦
2014-05-06 17:33,宁波轨道交通话筒话筒宁波轨道交通票价元起步上不封顶月日宁波轨道交通票价方案正式公布实行里程分段计价票制具体票价在起步价公里元的基础上按照分段累进递远递减加价办法计算确定上不封顶宁波发布宁波发布中国宁波网中国宁波网宁波民生点通宁波民生点通宁波晚报宁波晚报宁波日报宁波日报钱江晚报钱江晚报东南商报东南商报现代金报现代金报看看看看看看
2014-05-06 14:56,宁波轨道交通宁波轨道交通票价方案公布我市轨道交通票价实行里程分段计价票制具体票价在起步价公里元基础上按照分段累进递远递减加价办法计算确定宁波轨道交通票价方案公布宁波轨道交通票价方案公布
2014-05-06 12:35,转发微博
2014-05-05 16:48,宁波轨道交通宁波轨道交通单程票首次亮相共四种票面设计以水墨风格为主基调大小相当于普通银行卡分别以鼓楼天一阁宁波港杭州湾跨海大桥为代表展现了宁波城市的时代变迁除单程票外号线一期开通之际也将推出纪念票卡宁波发布宁波发布中国宁波网中国宁波网宁波民生点通宁波民生点通
2014-05-05 10:29,得意地笑火热的夏天就要来啦离宁波轨道交通开通试运营的时间也越来越近咯大家今天吃茶叶蛋了吗
2014-05-05 10:19,主页君无力吐槽失望失望
2014-04-29 10:11,宁波轨道交通宁波轨道交通号线志愿者招募啦宁波轨道交通志愿者招募公告宁波轨道交通志愿者招募公告
2014-04-29 09:19,转发微博
2014-04-29 09:18,北仑人民医院北仑人民医院赞赞
2014-04-29 09:17,#早安宁波#,转发微博
2014-04-29 09:16,转发微博
2014-04-29 09:16,#宁波天气#,转发微博
2014-04-28 23:03,宁波轨道交通宁波轨道交通志愿者招募从即日起市民可通过宁波轨道交通网站现场及团队报名具体请登陆查询并下载报名表志愿服务期满考核合格将获志愿者纪念票卡及证书奖章
2014-04-28 12:52,#预告#,天津地铁运营天津地铁运营地铁关注地铁已经成为城市交通的重要工具到目前为止中国大陆已经有个城市地铁在运营还有许多城市的地铁正在规划建设之中走遍中国走遍中国集系列片地铁生活因你而改变今晚开播一起去看看吧
2014-04-28 12:52,上海地铁上海地铁地铁提示哪些物品是严禁带入地铁严禁携带进入轨道交通车站的违禁品有枪支弹药及其仿制品军用及警用械具及其仿制品管制刀具汽油煤油酒精等易燃易爆物品其他有毒放射性腐蚀性等危险品
2014-04-28 12:52,转发微博
2014-04-24 11:51,话筒话筒官方版宁波公共自行车分布高清图发布咯火速存起来
2014-04-24 09:36,吃惊吃惊吃惊吃惊简直不忍直视点滴做起地铁文明靠大家
2014-04-23 17:32,宁波轨道交通宁波号线一期工程望春主变电所投入使用月日宁波轨道交通号线一期工程望春主变电所启动送电并投入使用与樱花变电站组成号线的双引擎为轨道交通号线提供电力保障
2014-04-23 12:51,转发微博
2014-04-23 12:34,转发微博
2014-04-23 11:41,#书香地铁#,书籍是人类进步的阶梯
2014-04-23 11:17,#轨交指南#,转发微博
2014-04-23 11:11,#民生快线#,又是一年毕业季
2014-04-23 10:54,倡导文明乘车和谐社会这是我们每一个人的责任和义务
2014-04-23 10:51,做得好就该这样给这位员工点个赞贴小广告这种行为坚决抵制倡导文明宣传从根本上这种破坏城市形象的行为
2014-04-21 23:50,宁波轨道交通各位晚安钟钟宁波地铁越来越近啦嘻嘻嘻嘻
2014-04-18 23:48,#网友播报#,美心心中国宁波网中国宁波网网友播报拍于江北湾头大桥逛宁波赞宁波心心
2014-04-18 11:24,话筒话筒文明乘地铁
2014-04-17 23:26,转发微博
2014-04-17 15:24,蜡烛蜡烛中新社记者何蒋勇中新社记者何蒋勇中国消防中国消防中国使馆称客轮上有两名中国人据新华社中国驻韩国使馆领事部副主任武艺称一韩姓和一李姓人员确认系中国公民但韩国海警并未查到两人购票信息使馆正请韩方进一步核实此前家属称两人只登记了车牌号据韩联社遇难者已增至人蜡烛蜡烛
2014-04-17 09:33,安全出行注意脚下
2014-04-16 10:03,宁波轨道交通禁止携带犬等动物但导盲犬除外哦给特殊人士多一点关爱心心
2014-04-16 09:57,威武威武愿社会多一点正能量
2014-04-15 10:10,话筒话筒
2014-04-15 09:32,宁波轨道交通轨道交通号线一期工程地下段铺轨全面展开预计年底轨通宁波轨道交通号线一期地下段共设立黄隘出入线藕池站压赛堰站大通桥区间三个铺轨基地目前三个铺轨基地作业全面展开预计年底地下段实现轨通宁波发布宁波发布
2014-04-13 16:02,宁波轨道交通市民正在体验自动售票机和闸机我在邱隘北路邱隘北路
2014-04-13 14:06,宁波轨道交通今天下午宁波轨道交通运营服务直通车活动正式启动直通车首站开进了鄞州区邱隘镇文化广场活动分为现场咨询现场体验以及大型文艺汇演三部分这是宁波轨道交通运营服务直通车面向社会公众开展的首次面对面服务呵呵小伙伴们快来加入我们我在邱隘北路邱隘北路
2014-04-10 16:24,宁波轨道交通轨道交通号线一期工程正线铺轨作业展开号线一期正线铺轨工程全长公里共设黄隘出入线段藕池站压赛堰站大通桥站明挖区间等三座铺轨基地地下段预计年内轨道铺通
2014-04-10 16:10,喜大家一起期待年中开通宁波日湖口腔门诊宁波日湖口腔门诊哈哈这样被夸奖要害羞的啦害羞害羞
2014-04-09 16:07,宁波轨道交通首列宁波造列车到达天童庄车辆基地近日首列宁波造号线一期列车到达天童庄车辆基地该列车由宁波南车城轨公司组装生产到基地后将完成列车的静调动调及车载信号调试等各项试验并进行公里的运行考核在年中号线一期工程全线开通时将上线载客运营
2014-04-06 00:10,
2014-03-20 14:25,开通前我们会组织市民试乘体验活动请留意我们的官方信息哦期待您的到来扭
2014-03-18 16:45,上铁宁波车务段上铁宁波车务段
2014-03-14 14:19,宁波轨道交通号线一期高架段列车开始调试为了保证年中通车试运营目标目前号线一期工程高架段声屏障列车信号调试正在紧张调试之中号线一期工程高架段共公里从西至东共设高桥西站高桥站梁祝站芦港站徐家漕长乐站五个车站宁波发布宁波发布中国宁波网中国宁波网宁波日报宁波日报
2014-03-09 07:29,转发微博
2014-03-09 07:28,#航班失联#,转发微博
2014-03-09 07:16,为生命祈福
2014-03-07 00:15,纠正一下错误宁波地铁一号线差不多有公里而非几公里这站是涵盖了宁波地铁一期二期的围观围观
2014-03-06 20:03,宁波轨道交通今天的轨道交通号线一期首次试乘活动已于下午点半圆满落幕撒花主页君在试乘体验过程中从樱花公园站到望春桥站个车站仅用时分钟刷个微博就到了赞啊赞啊感觉不堵就是爽得意地笑偷乐偷乐宁波大小事宁波大小事宁波日报宁波日报宁波晚报宁波晚报
2014-03-06 16:54,宁波轨道交通号线一期工程计划今年年中开通试运营哦花心敬请期待切克闹咸鱼白勺梦想咸鱼白勺梦想大致什么时候能运营
2014-03-06 14:44,宁波轨道交通海曙区试乘体验代表在望春桥站参观完毕现在也已经上车啦偷笑偷笑威武威武马上出发去东环南路站咯酷酷
2014-03-06 13:55,宁波轨道交通鄞州区试乘体验代表已经乘坐轨道交通号线一期列车出发啦同时江东区约名试乘代表也已在樱花公园站集结完毕
2014-03-06 13:29,宁波轨道交通现在是下午点半主页君提前来到樱花公园站踩点为您揭开樱花公园站的神秘面纱偷乐偷乐江南这里有樱花哦嘘嘘
2014-03-06 10:49,宁波轨道交通轨道交通今日下午首次试乘请来沿线居民代表抢先体验为答谢号线一期沿线街道镇社区村拆迁户和居民代表在轨道交通工程建设期间做出了的牺牲和贡献今天下午号线一期列车迎将来首批余名市民试乘体验者小编下午将为你带来直播报道敬请关注宁波发布宁波发布民生点通民生点通
2014-03-03 14:55,宁波轨道交通参与宁波轨道交通号线一期工程票卡纪念卡设计的同学注意啦围观围观还没找到设计稿模板的请戳这里网页链接网页链接推撞期待你们的来稿哦馋嘴馋嘴
2014-02-27 17:18,宁波轨道交通宁波市轨道交通号线一期工程票卡纪念卡设计方案公开征集本次活动面向社会征集个人和团体均可投稿卡面内容应反映宁波城市和轨道交通特色获奖金额元不等作品将用于制作宁波轨道交通票卡纪念卡截稿日期月日宁波发布宁波发布畅读版网页链接网页链接
2014-02-27 16:41,宁波轨道交通地址更正宁波市轨道交通号线一期工程票卡纪念卡设计作品请邮寄至宁波市轨道交通工程建设指挥部地址宁波市海曙区丽园北路号美丽园大厦室邮编
2014-02-27 15:28,宁波轨道交通宁波市轨道交通号线一期工程票卡纪念卡设计方案公开征集本次活动面向社会征集个人和团体均可投稿卡面内容应反映宁波城市和轨道交通特色获奖金额元不等作品将用于制作宁波轨道交通票卡纪念卡截稿日期月日宁波大学宁波大学畅读版网页链接网页链接
2014-02-26 15:07,宁波轨道交通宁波轨道交通号线一期工程开始铺轨近日号线一期黄隘出入线段铺轨基地第一幅轨排组装试吊完成标志着该工程铺轨施工拉开序幕宁波轨道交通号线一期工程全长公里共设黄隘出入线段藕池站和压赛堰站大通桥站明挖区间三个铺轨基地中国宁波网中国宁波网宁波发布宁波发布宁波民生点通宁波民生点通
2014-02-20 09:37,#今日关注#,宁波轨道交通要来了大家准备好了吗花心
2014-02-11 14:20,宁波轨道交通轨道交通月日举行票价听证会宁波市轨道交通票价方案将于本月日下午举行票价听证会票价方案有三种均实行里程分段计价票制具体方案内容见下图
2014-02-08 21:02,这个必须点贊
2014-02-08 11:58,东方巴士公司巴士微观聚焦宁波地铁票价据宁波日报宁波日报的报道小编绘制了一个图小伙伴们看看你以后出行到目的地多少公里哪个票价最优当然您可以向宁波轨道交通宁波轨道交通提建议啊小编个人觉得方案三再调整出来个元票价段就可以接受了哈哈哈哈
2014-02-07 17:00,宁波轨道交通宁波轨道交通今年目标确定年宁波轨道交通将全面实施规划建设运营开发四位一体战略确保号线一期工程通车试运营确保号线一期工程地下段轨道铺通确保号线二期工程车站主体及区间基本完成确保号线一期工程开工建设开创宁波轨道交通发展新局面宁波民生点通宁波民生点通
2014-02-07 15:11,宁波轨道交通轨道交通建设者春节坚守一线不停歇月日在号线一期工程高桥西站工人们忙着进行强弱电通风消防用水给排水等设备的安装和装修据悉为了确保今年年中通车试运营春节期间我市轨道交通号线一期工程全线共有数千名建设者奋战一线从初三开始陆续复工中国宁波网中国宁波网宁波民生点通宁波民生点通
2014-02-03 01:50,感冒感冒感冒感冒感冒感冒感冒感冒预防工作做起来健康身体是本钱
2014-02-01 23:56,希望轨道交通这个大家庭在新的一年里和和美美所有同事工作顺利爱你爱你新年新气象威武威武阳妹子的晴天阳妹子的晴天我还希望能在轨道公司工作顺利嘻嘻嘻嘻宁波轨道交通宁波轨道交通求关注求关注羞嗒嗒羞嗒嗒
2014-02-01 22:15,求关注求关注羞嗒嗒羞嗒嗒
2014-01-31 18:51,提醒过年别伤父母心不该对父母说的句话别说了烦不烦你们那套早过时了说了你也不懂问那么细干嘛我不要的东西留这干嘛我有分寸别说了说了不要你弄你又弄不好我要吃什么我知道别夹了说了别吃这些剩菜怎么老不听
2014-01-30 21:41,宁波轨道交通主页君给大家拜年啦礼物礼物礼物礼物新的一年祝大家心想事成马到成功新年马上有地铁噢耶噢耶
2014-01-30 14:04,#马年来啦#,马上都有幸福长久宁波轨道交通宁波轨道交通马上有地铁和便利的交通
2014-01-30 14:02,#马年来啦#,马上有地铁和便利的交通
2014-01-29 19:02,#让妈妈再年轻一次#,上海铁警发布妈妈是个美人岁月请不要伤害她最近微博上一个话题让妈妈再年轻一次火了起来大家晒出不同时期与妈妈的合照差点看哭岁月让我们长大却催老了妈妈妈妈是个美人岁月请不要伤害她悲伤悲伤过年了封个红包给妈妈吧
2014-01-21 11:24,向他们致敬
2014-01-21 11:22,宁波轨道交通为了今年宁波轨道交通号线一期工程的通车广大建设者顶着寒风在距地面米高的提栏拱桥上奋战向他致敬宁波发布宁波发布宁波民生点通宁波民生点通宁波日报宁波日报
2014-01-09 09:09,宁波轨道交通今天月日宁波轨道交通号线一期望春桥站将开展安全性能热烟测试通过热烟测试实现对地铁车站火灾探测报警通风排烟等系统安全性能可靠性及联动状况的现场检测如果您是周边居民或者您路过望春路望童路等附近看见望春桥站出入口有浓烟冒出千万不要惊吓这只是一个测试哦
2014-01-08 16:41,宁波轨道交通近日宁波市轨道交通号线一期望春桥站已通过质量专项验收此前该车站已完成了消防验收和防雷检测特种设备检测根据国家有关规定城市轨道交通只有通过质量消防环保人防卫生安全等类别专项验收和评审后才能通车试运营预计今年上半年验收工作才能全部结束宁波晚报宁波晚报宁波发布宁波发布
2013-12-28 20:43,宁波轨道交通新宁波站启用第一夜抢先体验试乘在候车大厅感觉好冰凉汗汗
2013-12-25 10:11,#直击发布会#,期待
2013-12-25 10:06,宁波轨道交通今日上午宁波新南站开通新闻发布会在新南站二楼侯车厅举行让我们一起期待月日步入新南站时代
2013-12-24 14:55,宁波轨道交通宁波轨道交通号线一期站厅自助售货机招商开始宁波轨道交通号线一期将于年年中通车运营为方便市民出行号线个车站包含个高架站个地下站内预计将有个自助售货机位进行对外招商现公开诚邀有实力的潜在商家参加本项目的竞标详情请致电宁波民生点通宁波民生点通
2013-12-24 14:49,宁波轨道交通宁波轨道交通号线一期车站杂货铺火热招商中宁波轨道交通号线一期泽民站鼓楼站樱花公园站个车站内杂货店的租赁经营权现打包公开招标预计于号线一期明年年中试运营同步开业租赁期限为年招商热线不接受个人个体户报名中国宁波网中国宁波网宁波民生点通宁波民生点通宁波发布宁波发布
2013-12-19 09:50,#宁波新闻#,话筒话筒首辆宁波制造地铁列车下线运行最高时速公里威武威武鼓掌鼓掌
2013-12-19 09:41,宁波轨道交通轨道交通号线一期工程地下车站主体结构封顶月日随着石碶站顶板结构封顶号线一期个地下车站主体结构全线封顶石碶站位于鄞州区石碶街道的中心区毗邻轻纺城
2013-12-17 09:38,宁波轨道交通月日上午宁波轨道交通我是轨道交通活地图知识竞赛落下帷幕参加知识竞赛的名选手是从名中通过层层选拔脱颖而出的此次知识竞赛知识面涉及宁波轨道交通沿线周边的所有地理位置通过此次知识竞赛为以后地铁开通及运营服务打下坚实基础
2013-12-16 10:56,宁波轨道交通月日上午宁波轨道交通我的运营我的责任主题辩论赛决赛落下帷幕此次决赛辩题为有为才有位还是有位才有为双方经过唇枪舌战最终维修工程部通号中心队获得冠军本次辩论赛为明年号线一期工程开通试运营起到了思想动员作用激励轨道交通一线员工投身运营服务的精神状态
2013-12-06 21:42,#微分享#,转发微博
2013-12-06 21:40,#D字号#,迎面吹来了凉爽的地铁风惬意
2013-12-06 21:35,看来只有钻进地下空间了
2013-12-02 10:02,威武威武给力给力看宁波看宁波慈溪人和路遇安装防坠网望生命之网尽快普及全宁波心心
2013-11-30 20:23,#平安小灵通#,注意车上最好别装这个危险
2013-11-28 15:51,#地下铁百科#,话筒话筒地铁的三通分别是洞通轨通和电通对地铁线路来说实现这三个阶段性目标就意味着建设目标总体基本实现
2013-11-28 15:28,宁波轨道交通也将有自己的乘车指南哦推撞
2013-11-27 18:47,#路况快播#,转发微博
2013-11-27 18:45,广州地铁广州地铁下一站开心不带这么欺负小朋友的
2013-11-27 18:43,转发微博
2013-11-27 11:49,鼓掌鼓掌威武威武官方微博官方微博您好网上有信息显示下个月月底崭新的宁波站将正式启用到时将会开通新的高铁和动车具体班次请关注上铁资讯上铁资讯
2013-11-26 14:51,宁波轨道交通宁波轨道交通标荣获国家级安全文明标准化工地日前从中国建筑业协会建筑安全分会年年会暨理事会获悉中铁一局城轨公司承建的宁波轨道交通标荣获年级安全文明标准化工地称号该奖项是中国建筑业协会设立的安全文明施工最高奖项
2013-11-26 14:14,海曙柳汀街潮汐车道用上可移动式隔离装置赞赞
2013-11-14 17:50,宁波轨道交通宁波轨道交通近期建设规划年获国务院批准根据批复年前我市将新增建设轨道交通号线二期号线一期和二期号线号线一期新增总规模公里形成条运营线路总长公里的轨道交通基本网络宁波发布宁波发布宁波民生点通宁波民生点通中国宁波网中国宁波网网页链接网页链接
2013-11-11 10:14,宁波轨道交通防水专家把脉宁波地铁建设日中国土木工程学会防水排水专业委员会第十六届学术交流会在甬召开国内隧道及地下工程防水专家共同把脉宁波地铁建设防水工作专家称宁波地铁建设年没有大的渗水事故实属难得局部渗水不会影响工程安全市民可以放心网页链接网页链接
2013-11-07 15:53,中国宁波网中国宁波网宁波民生点通宁波民生点通宁波晚报宁波晚报宁波日报宁波日报现代金报现代金报
2013-11-07 15:52,宁波轨道交通宁波市民将步入地下时代目前鼓楼东门口天一广场地下商业街项目招商已经启动预计明年年底这里将出现一座地下购物天堂宁波市民也将首次步入地下时代该商业街将会成为我市第一个地下商街也是地铁催生的第一个商圈网页链接网页链接
2013-11-04 17:11,宁波轨道交通轨道交通运营管理办法出台宁波市轨道交通运营管理办法已经市人民政府第次常务会议审议通过将于年月日起正式实施中国宁波网中国宁波网宁波民生点通宁波民生点通宁波发布宁波发布宁波晚报宁波晚报宁波日报宁波日报现代金报现代金报网页链接网页链接
2013-10-28 10:22,宁波轨道交通轨道交通号线二期首跨现浇梁完成浇筑近日号线二期育王岭隧道东桥邬隘站区间首跨现浇梁浇筑完成标志着号线二期高架工程现浇梁施工步入了正轨号线二期全长约共有多跨桥梁施工形式较为复杂中国宁波网中国宁波网宁波民生点通宁波民生点通宁波发布宁波发布宁波晚报宁波晚报宁波日报宁波日报
2013-10-25 09:08,话筒话筒珍惜生命安全驾驶
2013-10-24 15:30,请爱护我们的公共设施宁波日报宁波日报请爱护我们的公共自行车孙嘉仪孙嘉仪请爱护这个城市的公共设施宁波交通广播宁波交通广播好好爱护它
2013-10-24 12:21,#2013宁波旅游节#,话筒话筒市民旅游日来啦给力给力
2013-10-24 09:27,鼓掌鼓掌威武威武
2013-10-15 19:29,宁波轨道交通轨道交通余姚抢险排涝进行时日下午随着梨洲明伟村积水的排尽轨道交通抢险队在余姚排涝任务圆满完成天来抢险队共人次先后参与最良新村等个社区村的排涝抢险余姚发布余姚发布宁波民生点通宁波民生点通中国宁波网中国宁波网宁波发布宁波发布
2013-10-15 19:13,#孟非版长假设计#,宁波轨道交通孟非版长假设计真心觉得这样的设计不错很有创意考虑得很有人性化支持一下如果能实现简直太棒了我点评了孟非版长假设计孟非版长假设计
2013-10-15 14:22,宁波轨道交通轨道交通余姚抢险排涝进行时日下午点三江口社区排水已结束日晚突击队又转至梨洲街道明伟村开始抢排日凌晨点最良新村停车场积水已全部排尽截止日凌晨点轨道交通抢险突击队天在余姚累计排涝万方宁波发布宁波发布余姚发布余姚发布宁波民生点通宁波民生点通宁波日报宁波日报
2013-10-15 12:34,我们都是这个家园的主人灾后重建需要每一个需要大家的共同努力余姚我们一起加油
2013-10-14 11:21,宁波轨道交通轨道交通余姚抢险排涝进行时截止日中午点宁波轨道交通抢险突击队最良新村停车场排水已降至厘米以下三江口社区排水已近尾声大泵已停用采用小泵抽水大型设备正逐步撤离宁波民生点通宁波民生点通余姚发布余姚发布
2013-10-14 09:55,宁波轨道交通轨道交通积极参与周边社区抢险排涝菲特台风期间轨道交通各施工单位在确保工程安全的同时积极参与周边小区抢险排涝初步统计共有个施工项目部累计抽调多人抽水机台以及发电机等设备多套帮助江东潜龙二村海曙文化社区等个社区村小区抢排积水宁波民生点通宁波民生点通
2013-10-13 19:35,宁波轨道交通支援余姚抢险进行时截止日中午时轨道交通抢险队在余姚梨洲街道最良新村地下车库抽排积水万方三江口新村抽排积水万方共累计抽排积水万方宁波民生点通宁波民生点通余姚发布余姚发布宁波发布宁波发布中国宁波网中国宁波网宁波日报宁波日报宁波晚报宁波晚报网页链接网页链接
2013-10-12 16:36,宁波轨道交通轨道交通抢险突击队赴余姚排涝抢险日轨道交通抢险突击队成立调拨余名干部职工和工程人员带领抢险车辆台大功率水泵台大功率发电机台赶赴余姚灾区支援抗洪抢险工作至日早晨梨洲街道最良新村地下停车场和东旱门过江隧道排涝超万方水位明显下降宁波民生点通宁波民生点通余姚发布余姚发布
2013-10-12 11:03,转发微博
2013-10-11 11:20,#权威发布#,宁波轨道交通权威发布在抗击菲特台风过程中宁波轨道交通前期准备充分措施适当有力除在建的个别工地局部因河水等倒灌进水被及时抽排外已建成工程基本未受损失图为台风期间一直停放在号线鼓楼站至东门口站地下三层存车线的两列列车未受洪涝影响宁波发布宁波发布中国宁波网中国宁波网宁波晚报宁波晚报宁波日报宁波日报
2013-10-09 20:13,#积极抗灾排涝#,今天日上午进水已基本排尽沙如雪沙如雪现在呢现在怎么样了啊
2013-10-09 17:33,转发微博
2013-10-09 13:06,#菲特台风#,余姚加油
2013-10-08 17:02,宁波的地铁还安好么任泉任泉跨越一道门槛是尊重新周刊新周刊细节
2013-10-08 12:58,#积极抗灾排涝#,宁波轨道交通积极抗灾排涝受菲特台风及连日强降水影响我市轨道交通号线一期号线一期工程中心城区部分在建车站及出入口受到不同程度的进水在市委市政府的统一部署下指挥部及各参建单位积极联动抗灾全力抽水排涝截止日中午水量均处于可控程度不会对工程质量及安全产生影响宁波发布宁波发布
2013-10-01 23:33,回复尐仔尐仔按工程筹划号线二期底通车试运营尐仔尐仔何时能通呀
2013-10-01 20:34,宁波轨道交通宁波号线二期高架车站造型亮相根据车站周边区位特点宁波轨道交通号线二期个高架车站造型基本分成三种不同的风格样式或水乡灵秀或田园气息或动感飞翔宁波轨道交通号线二期工程线路穿越了鄞州东部及北仑新区线路全长约共设车站座地下站座高架站座宁波发布宁波发布
2013-09-27 14:45,#社会新闻#,感谢网友建议宁波轨道交通在未来也争取可以评选出最帅司机威武威武
2013-09-24 10:37,#权威发布#,宁波轨道交通权威发布目前号线二期车站造型方案仍在加紧深化设计中尚未对外公布一经确定我们将尽快统一发布宁波发布宁波发布中国宁波网中国宁波网宁波民生点通宁波民生点通宁波日报宁波日报宁波晚报宁波晚报现代金报现代金报东南商报东南商报新浪浙江新浪浙江宁波广电网宁波广电网宁波城建论坛宁波城建论坛宁波看看宁波看看
2013-09-16 16:48,#地铁商业开发#,宁波轨道交通地铁商业开发宁波轨道交通号线一期将于年通车试运营其中备受关注的鼓东区间地下商业综合体终于揭开神秘面纱现面向社会公开征集鼓东区间项目的开发经营方案欢迎全国有实力的商业经营企业前来资源开发部洽谈咨询
2013-09-16 16:47,#地铁商业开发#,宁波轨道交通地铁商业开发宁波轨道交通号线一期将于年通车试运营其中备受关注的鼓东区间地下商业综合体终于揭开神秘面纱现面向社会公开征集鼓东区间项目的开发经营方案欢迎全国有实力的商业经营企业前来资源开发部洽谈咨询宁波发布宁波发布中国宁波网中国宁波网宁波民生点通宁波民生点通宁波晚报宁波晚报宁波日报宁波日报
2013-09-13 10:58,#技术创新#,宁波轨道交通技术创新宁波市轨道交通岩土工程勘察技术细则成为地方标准近日由指挥部主编浙江省工程勘察院等家单位参编的岩土工程勘察技术细则已批准发布自年月日起执行本规范为我国第一本适用于软土地区的轨道交通岩土工程勘察地方标准宁波发布宁波发布中国宁波网中国宁波网宁波民生点通宁波民生点通
2013-09-12 14:24,#工程进度#,宁波轨道交通工程进度世纪大道站土建工程已全部完成随着世纪大道站第三个出入口的顺利完工该站成为我市轨道交通号线一期工程第一个全部土建完工的车站世纪大道站沿中山东路布置位于中山东路与世纪大道的十字路口西侧车站附属结构包括个出入口和个风道宁波发布宁波发布中国宁波网中国宁波网宁波民生点通宁波民生点通
2013-09-12 10:15,#权威发布#,宁波轨道交通权威发布下图中的壁画实为西门口站公共艺术墙备选方案之一只是暂时挂在望春桥站以便测量尺寸目前已经取下希望网友不要误解望春桥站是号线一期工程中的一座标准站另外还有个标准站和包括鼓楼站东门口天一广场站等在内的个文化站文化站均会设置类似于下图的公共艺术墙
2013-09-06 16:51,据悉名伤员均已转至普通病房治疗祝他们早日康复宁波发布宁波发布中国宁波网中国宁波网宁波晚报宁波晚报宁波日报宁波日报
2013-08-30 10:50,#权威发布#,权威发布轨道交通标贝雷梁失稳事故伤者最新情况一位伤者在监护治疗病情稳定两位伤者在普通病房康复治疗一位伤者已出院宁波发布宁波发布看看看看看看中国宁波网中国宁波网
2013-08-20 11:54,宁波轨道交通轨道交通号线一期首列列车抵甬月日上午轨道交通号线一期工程首列列车运抵宁波并完成整列车编组列车总长约米定员载客为人外观设计上车辆运用三江汇聚的创意理念体现出宁波城市的大气流畅下阶段号线一期将进行列车热滑试验宁波发布宁波发布网页链接网页链接
2013-08-19 19:38,宁波轨道交通初步查明事故原因主要是贝雷梁局部失稳月日凌晨点市轨道交通工程建设指挥部发出紧急通知要求全线所有高架工程立即停工检查上午市指挥部召集有关专家赴现场进行查勘调查初步查明事故原因主要是贝雷梁局部失稳具体事故原因还在进一步调查之中同时事故善后工作已全面启动
2013-08-19 19:29,#权威发布#,宁波轨道交通权威发布更正在上一篇号线二期工程标垮塌事故原因初步查明长微博中由于个人工作失误在文字和时间上出现个别错误现已更正请网友谅解感谢各位网友对我们工作不足的包容网页链接网页链接
2013-08-19 18:36,#权威发布#,宁波轨道交通权威发布号线二期工程标垮塌事故原因初步查明轨道交通号线二期工程标发生垮塌事故发生后市轨道交通工程建设指挥部按照宁波市领导要求立即行动作出紧急部署和工作安排目前初步查明事故原因宁波发布宁波发布宁波日报宁波日报宁波晚报宁波晚报中国宁波网中国宁波网黄金眼黄金眼网页链接网页链接
2013-08-19 10:16,宁波轨道交通宁波轨道交通号线二期工程大碶站至松花江站高架区间墩位于北仑区钱塘江中路该跨上部结构设计为跨度的现浇简支梁施工时采用钢管立柱加宁波发布宁波发布宁波日报宁波日报宁波晚报宁波晚报东南商报东南商报现代金报现代金报黄金眼黄金眼钱江晚报钱江晚报看宁波看宁波详见长微博分享自长微博工具长微博工具网页链接网页链接
2013-08-19 07:43,宁波轨道交通默哀祈福再次为昨晚两位逝去的生命默哀蜡烛蜡烛蜡烛蜡烛蜡烛蜡烛为所有的建设者祈福宁波发布宁波发布宁波日报宁波日报宁波晚报宁波晚报东南商报东南商报现代金报现代金报
2013-08-19 04:55,刘奇卢子跃批示全力抢救受伤人员切实做好善后工作轻轨一号线二期工程工地发生坍塌事故后省委常委巿委书记刘奇巿委副书记代巿长卢子跃批示要求各有关单位高度重视全力抢救受伤人员切实做好善后工作
2013-08-19 00:17,#权威发布#,宁波轨道交通权威发布其他名受伤人员正在全力抢救之中生命体征稳定事故原因正在调查之中市委常委北仑区委书记陈利幸副市长林静国市政府副秘书长陈炳荣等领导第一时间到现场指挥抢救工作组织专家不惜一切代价抢救伤员宁波发布宁波发布宁波日报宁波日报宁波晚报宁波晚报东南商报东南商报现代金报现代金报黄金眼黄金眼钱江晚报钱江晚报看宁波看宁波
2013-08-18 23:29,宁波轨道交通蜡烛蜡烛现有两名受伤工人经全力抢救无效不幸去世在此向他们致哀宁波发布宁波发布宁波日报宁波日报宁波晚报宁波晚报东南商报东南商报现代金报现代金报
2013-08-18 23:11,宁波轨道交通月日晚左右位于宁波北仑区轨道交通号线二期大碶站松花江站区间区间现浇梁预压时发生意外倒塌造成人受伤人员第一时间已送医院救治宁波发布宁波发布宁波日报宁波日报宁波晚报宁波晚报东南商报东南商报现代金报现代金报
2013-08-16 10:09,宁波轨道交通轨道交通内燃调机抵甬近日用于轨道交通号线一期车辆的内燃调机已抵达天童庄车辆基地为我市首列轨道交通列车的接车及入驻做好准备内燃调机是用于车辆牵引调车以及在隧道内进行救援的机车宁波发布宁波发布宁波晚报宁波晚报宁波日报宁波日报
2013-08-08 17:56,宁波轨道交通把微笑带回家青年志愿活动昨日轨道交通全线开展了把微笑带回家青年志愿服务活动活动以农民工的生活和工作为背景由轨道交通摄影爱好者担任微笑使者为农民工拍摄照片并附一封农民工的家书寄给家属让他们把微笑寄回家让农民工家属放心宁波发布宁波发布宁波日报宁波日报宁波晚报宁波晚报
2013-08-07 10:14,宁波轨道交通轨道交通号线一期工程高架段部分区间开始铺轨施工随着号线一期工程地下段电通等重大节点目标的顺利实现号线一期高架段土建施工正在紧锣密鼓加快推进预计今年年底高架段主体结构将完成目前梁祝站至芦港站区间已经开始铺轨芦港站徐家漕站等车站已开始机电安装宁波发布宁波发布
2013-08-05 11:28,宁波轨道交通进入月以来连续的高温天气给宁波市轨道交通号线一期工程的项目施工带来了诸多困难为响应宁波市政府关于做好夏季防暑降温工作的号召轨道交通全线各项目部积极调整施工人员作息时间减少高温时段施工时长并规定气温超过一律停止施工同时各项目部每个民工宿舍均配备了空调宁波发布宁波发布
2013-08-02 13:30,嘻嘻嘻嘻
2013-07-29 11:49,完善制度合理施行有理有据有法可依鼓掌鼓掌
2013-07-29 11:02,主页君我自己都没中柠檬茶香骨柠檬茶香骨中了二等奖嘻嘻嘻嘻但是我对领奖时间月月日有点意见太不方便了
2013-07-29 10:40,#出入境在线#,简单实用好顶赞海曙月湖海曙月湖旅行急救小常识
2013-07-29 10:26,宁波轨道交通备受关注的轨道交通号线一期工程车站艺术墙市民投票活动圆满结束日前幸运市民的抽奖工作也已完成投票活动抽奖揭晓现公布名单亲您中奖了吗宁波发布宁波发布宁波日报宁波日报宁波晚报宁波晚报东南商报东南商报现代金报现代金报钱江晚报钱江晚报海曙小微海曙小微西门町吃在宁波西门町吃在宁波
2013-07-27 23:10,#铁路英文一天一句#,冯琰冯琰车票持证人大体意思与止步有关等等别忘了非本次列车及无票人员谢绝上车铁路上海站铁路上海站哈尔滨客运段北京车队哈尔滨客运段北京车队人民铁道门户网人民铁道门户网铁路英文一天一句
2013-07-26 16:29,#县市区在行动#,
2013-07-26 11:57,#八大仿生建筑#,图一猫头鹰好萌
2013-07-26 11:57,#健康养生#,
2013-07-26 09:20,嘻嘻嘻嘻辛苦啦机电与轨道学院机电与轨道学院对城轨专业有兴趣的同学欢迎报考我院话筒话筒话筒话筒浙江纺织服装学院浙江纺织服装学院期待我院与宁波轨道公司联合培养的首届地铁班已于今年毕业等地铁开通后他们都将上岗为宁波市民服务与其培养的机电一体化专业今年也还将继续招生可向机电与轨道学院机电与轨道学院咨询
2013-07-24 16:52,赞赞来发讲啥西来发讲啥西想了解更多吗请关注今天的来发讲啥西
2013-07-24 16:46,宁波轨道交通看过了望春桥站诸多图片想了解更多吗轨道交通举办媒体开放日活动望春桥站首亮靓丽容颜详情请点击长微博宁波发布宁波发布宁波日报宁波日报宁波晚报宁波晚报东南商报东南商报现代金报现代金报看看看看看看宁波市交通委宁波市交通委宁波城建论坛宁波城建论坛海曙小微海曙小微西门町吃在宁波西门町吃在宁波
2013-07-24 16:24,宁波轨道交通月日上午轨道交通举行媒体开放日活动号线一期工程目前唯一一个机电安装和公共区装修基本完毕的车站望春桥站迎来首批探访媒体记者望春桥站靓丽容颜首次被揭开
2013-07-24 14:13,为宁波交通事业的发展市民出行畅通而努力宁波治堵宁波治堵鼓掌鼓掌鼓励身边的朋友以后多坐地铁哦
2013-07-24 12:27,回复纠结的纠结的赞赞纠结的纠结的避免跨步电压呗宁波轨道交通宁波轨道交通有人知道标准答案嘛宁波轨道交通宁波轨道交通回复是小哲哲不是熊孩纸是小哲哲不是熊孩纸几乎接近答案啦是小哲哲不是熊孩纸是小哲哲不是熊孩纸防静电是小哲哲不是熊孩纸是小哲哲不是熊孩纸防静电
2013-07-24 11:49,结合两位的基本差不多啦回炉重造澤宇君回炉重造澤宇君钢轨和地面之间有电位差使得某些时候车体外部带电绝缘地面可以防止某些悲剧发生是小哲哲不是熊孩纸是小哲哲不是熊孩纸防静电
2013-07-24 11:39,有人知道标准答案嘛宁波轨道交通宁波轨道交通回复是小哲哲不是熊孩纸是小哲哲不是熊孩纸几乎接近答案啦是小哲哲不是熊孩纸是小哲哲不是熊孩纸防静电是小哲哲不是熊孩纸是小哲哲不是熊孩纸防静电
2013-07-24 11:38,回复的宁波的宁波稍后整理编辑奉上网友们关心的站台全景的宁波的宁波站台有多长求站台全景有没有预留八节车厢的那么长失望失望
2013-07-24 11:36,回复六角要伐六角要伐安全要靠大家努力遵守秩序嘻嘻嘻嘻六角要伐六角要伐站台安全措施挺好
2013-07-24 11:30,回复英朗英朗高架正在抓紧建设中地下段目前已经轨通电通请关注相关报道哈哈哈哈英朗英朗地下快通了吧高架好像还早
2013-07-24 11:29,回复第七天的阳光第七天的阳光网页链接网页链接号线一期首批两列车将于月到达车辆基地后续消息请关注我官方网站嘻嘻嘻嘻
2013-07-24 11:05,宁波轨道交通不好意思地下信号太差没法一一回复参观已经结束以后正式通车后信号会正常覆盖
2013-07-24 11:04,宁波轨道交通屏蔽们门灯闪烁勿上车
2013-07-24 11:03,宁波轨道交通盲道
2013-07-24 11:03,宁波轨道交通居然有网友关心厕所里面还没装修是空的
2013-07-24 11:03,宁波轨道交通居然有网友关心厕所里面还没装修是空的
2013-07-24 10:53,宁波轨道交通参观快结束啦各位亲还想看哪
2013-07-24 10:52,回复单身的汤圆单身的汤圆特意回去看了下边缘有钝化不会划伤人嘻嘻嘻嘻单身的汤圆单身的汤圆边缘是否磨过不要太锋利单身的汤圆单身的汤圆边缘是否磨过不要太锋利
2013-07-24 10:49,回复是小哲哲不是熊孩纸是小哲哲不是熊孩纸几乎接近答案啦是小哲哲不是熊孩纸是小哲哲不是熊孩纸防静电是小哲哲不是熊孩纸是小哲哲不是熊孩纸防静电
2013-07-24 10:48,宁波轨道交通之前有网民对站点内英文翻译有异议其实之前网民看到的只是临时样板现在施工队已经进行了调整具体的正式翻译运营时的正式翻译会由市有关单位定名
2013-07-24 10:48,宁波轨道交通核心设备房以后在地下呼吸新鲜空气就靠他们啦这次参观完下次进不来了闲人免入泪泪
2013-07-24 10:47,宁波轨道交通应急指挥牌站长就在这里进行安全管理工作
2013-07-24 10:47,宁波轨道交通候车区的石凳
2013-07-24 10:47,宁波轨道交通竖线隔出的区域和周边是不同的哦下车的那侧地面具备绝缘效果有人知道是为啥不嘻嘻嘻嘻
2013-07-24 10:46,宁波轨道交通屏蔽门具备防夹功能但多次侦测到有物体无法关闭将暂停运行影响客运所以请勿故意干扰车门呦
2013-07-24 10:46,宁波轨道交通屏蔽门门灯闪烁勿上车
2013-07-24 10:45,宁波轨道交通进入候车区
2013-07-24 10:45,宁波轨道交通分享图片
2013-07-24 10:44,宁波轨道交通有问题找客服客服中心位于扶梯旁
2013-07-24 10:44,宁波轨道交通刷卡哦不爪进入
2013-07-24 10:43,宁波轨道交通刷卡哦不爪进入
2013-07-24 10:43,宁波轨道交通闸机口的小孔是传感器检测乘客有没有通过也可以确定哪些小朋友身高符合免票要求
2013-07-24 10:42,宁波轨道交通明亮的大厅
2013-07-24 10:42,宁波轨道交通售票机画面
2013-07-24 10:41,宁波轨道交通售票机画面
2013-07-24 10:39,宁波轨道交通进门左侧就是售票机
2013-07-24 10:39,宁波轨道交通进入车站左转就有厕所无需检票进入站台不会像部分车站那样需要买票进站才可以去五谷轮回之所
2013-07-24 10:38,宁波轨道交通样板站入口好含蓄
2013-07-24 10:38,宁波轨道交通售票系统使用非接触式卡包括轨道交通专用卡市民卡工作人员科普宁波市民卡为金融卡安全要求较高刷卡时系统验证时间稍长做公交时也是如此这是银行系统安全设置的问题
2013-07-24 09:43,宁波轨道交通样板站的闸机我们的闸机挡板较软避免拥挤情况下伤人
2013-07-24 09:40,宁波轨道交通现在出发前往现场为市民直播
2013-07-24 09:37,宁波轨道交通售票系统使用非接触式卡包括轨道交通专用卡市民卡工作人员科普宁波市民卡为金融卡安全要求较高刷卡时系统验证时间稍长做公交时也是如此这是银行系统安全设置的问题
2013-07-24 09:36,宁波轨道交通售票系统使用非接触式卡包括轨道交通专用卡市民卡工作人员科普宁波市民卡为金融卡安全要求较高刷卡时系统验证时间稍长做公交时也是如此这是银行系统安全设置的问题
2013-07-24 09:29,宁波轨道交通开始介绍内部装修站内的屏蔽门具备防夹功能隔离轨道和人群
2013-07-24 09:26,宁波轨道交通早上九点二十参观团队到达项目部工作人员介绍望春站的概况
2013-07-24 09:22,宁波轨道交通感谢各位市民一直以来对宁波轨道交通建设的关心与支持今天上午官微将启程与记者朋友们一起参观一号线样板站望春桥站并进行播报
2013-07-22 17:12,宁波轨道交通月日随着最后一个车站泽民站变电所成功送电我市轨道交通号线一期工程地下段全线电通这是号线一期工程地下段继洞通轨通后的又一个具有里程碑意义的工程节点为号线一期工程明年通车试运营打下坚实基础宁波发布宁波发布宁波日报宁波日报宁波晚报宁波晚报东南商报东南商报
2013-06-21 08:08,吴胜武思想太少可能失去做人的尊严思想太多可能失去做人的快乐所以在微博世界里当我们是少数时可以测试我们的勇气当我们是多数时可以测试我们的宽容
2013-07-01 11:06,宁波轨道交通作为宁波城市未来的政治经济文化和商业中心东部新城开发建设已从单纯的建设进入建管并举的新时期可以遐想江南水乡韵味与现代都市形象的巧妙结合交相辉映将塑造出新城的多姿多彩文化墙方案等您来选投票就有机会获取地铁乘车纪念卡投票地址网页链接网页链接
2013-07-01 11:05,宁波轨道交通江厦桥在这里宁波展现了近代以来其紧扣时代发展脉搏而跃动的身姿文化墙方案等您来选投票就有机会获取地铁乘车纪念卡投票地址网页链接网页链接
2013-07-01 11:04,宁波轨道交通东门口之称源自古时的东渡门从建城起宁波开始面向海洋拥抱海洋注定与海洋文明密不可分文化墙方案等您来选投票就有机会获取地铁乘车纪念卡投票地址网页链接网页链接
2013-07-01 11:02,宁波轨道交通鼓楼是宁波老城的标志性建筑留下了一代代宁波人的回忆文化墙方案等您来选投票就有机会获取地铁乘车纪念卡投票地址网页链接网页链接
2013-07-01 11:00,宁波轨道交通西门口站位于长春路望京路东侧文昌街菱池街路口墙面方案等您来选投票就有机会获取地铁乘车纪念卡投票地址网页链接网页链接
2013-07-01 10:59,宁波轨道交通宁波是梁祝文化的发源地梁祝站是号线最西端的文化站不知道您对梁祝站的艺术墙方案有何意见呢方案等您来选投票就有机会获取地铁乘车纪念卡投票地址网页链接网页链接
2013-07-01 10:58,宁波轨道交通宁波是梁祝文化的发源地梁祝站是号线最西端的文化站不知道您对梁祝站的艺术墙方案有何意见呢方案等您来选投票就有机会获取地铁乘车纪念卡投票地址网页链接网页链接
2013-07-01 10:57,宁波轨道交通轨道交通站点将镶艺术墙方案等您来选投票就有机会获取地铁乘车纪念卡投票地址网页链接网页链接
2013-06-22 10:42,不是不关车门啦是因为故障无法关上门时依然按时运行真战斗民族枪械宅枪械宅网页链接网页链接补一发视频
2013-06-21 10:17,#便民公告#,转发微博
2013-06-19 09:08,#网友关注#,上海地铁上海地铁地铁提示地铁对宠物说不有法可依安保民警工作人员好样的
2013-06-12 23:00,各位同志晚安明天要在早起工作啦害羞害羞
2013-06-12 22:58,皮蛋茭白粽可爱冯琰冯琰偷笑偷笑上海铁路公安处特警支队上海铁路公安处特警支队上海铁路公安在线上海铁路公安在线哈哈哈哈哈哈哈嘻嘻嘻嘻
2013-06-12 22:56,#铁路英文一天一句#,
2013-06-08 23:45,哈哈哈哈林羊林羊夺命拆迁萨摩耶吞食天地哈士奇使徒子使徒子斯库里斯库里笑成傻逼了
2013-06-08 23:34,工人叔叔朴实又羞涩主页君搜索微博才知道我们的项目部的同志又去做好事啦已经好几回了有木有太低调了泪泪泪泪泪泪感谢网友朋友传播正能量宁波发布宁波发布宁波三思三创宁波三思三创看宁波看宁波
2013-06-08 23:25,
2013-06-08 16:23,高铁见闻高铁见闻我最喜欢倒数第二张掛靴牛掛靴牛倒数第四张甩地太帅了
2013-06-08 15:24,微博客服微博客服为无辜葬生的同胞默哀蜡烛蜡烛请关爱他人关爱生命蜡烛蜡烛
2013-06-08 15:21,#民生快线#,宁波发布宁波发布民生快线公交车上安全设备花两分钟看上一看关键时刻能够保命同时务必加以爱护不能偷拿安全锤和无聊按开关哟
2013-06-08 11:32,回复哇塞哇塞感谢您的理解与支持相关信息会及时反馈到项目部在我们责任范围内我们一定尽快修补因为大雨和停工保高考的原因可能会稍有几天延迟请路上小心祝您旅途顺利愿风指引您的道路切克闹哇塞哇塞回复宁波轨道交通宁波轨道交通赞赞哇塞哇塞更正下是自东向西方向
2013-06-08 03:13,宁波轨道交通看过凌晨四点的宁波吗阴险阴险雨已经停了希望明天是个好天气祝考生们考试顺利百发百中
2013-06-08 03:05,#宁波轨道交通网友问答#,宁波轨道交通宁波轨道交通网友问答预祝各位考生下午英语高考顺利听说你们把东环南路翻译成亲你逗我呢不要教坏高考的朋友
2013-06-08 00:01,哈哈哈哈
2013-06-07 14:51,#端午活动#,五湖四海客挥汗铸甬铁佳节邻里情抹尽思乡泪嘻嘻嘻嘻
2013-06-06 17:30,宁波轨道交通为了给高考考生创造一个安静的考试环境正处紧张基坑开挖阶段的轨道交通号线一期丽园南路站区毗邻荣安中学高考考点自年月日晚时起至月日中午点期间暂停一切施工作业全力为高考让路预祝各位考生取得好成绩长风破浪会有时直挂云帆济沧海
2013-06-06 17:00,#宁波轨道交通网友问答#,宁波轨道交通宁波轨道交通网友问答网友提问请问只从驾驶难度来说开地铁难吗答比开公交简单一点比骑自行车复杂一点嘻嘻嘻嘻
2013-06-06 16:52,宁波轨道交通这个有意思人体地铁图李子李子短信来自果壳网网页链接网页链接分享自果壳网果壳网
2013-06-06 10:46,宁波轨道交通号线一期工程高架段正紧锣密鼓建设预计年底贯通截止目前轨道交通号线一期工程高架段芦港站徐家漕站两个车站主体结构完成高桥西站高桥站梁祝站及各车站区间施工正在紧锣密鼓推进预计今年底主体结构将全部完工届时过了机场快速干道往西高架贯通将连成一线
2013-06-03 10:17,宁波轨道交通这倒立劈叉旋转的熊看一次笑一次笑哈哈笑哈哈谢绝碰瓷轻微刮擦拍拍屁股走人熊先生好样的
2013-06-01 23:26,宁波轨道交通分享成都知名交通科普警示节目谭谈交通寓教于乐生动形象多次上过谭谈交通谭警官要撕票感受四川人民天生的逗梗天赋以及谭警官爱幼之心网页链接网页链接
2013-05-23 14:57,凌乱高铁见闻高铁见闻原始视频地址网页链接网页链接偷笑偷笑
2013-05-21 11:58,#宁波轨道交通网友问答#,宁波轨道交通宁波轨道交通网友问答网友通过阿拉宁波网阿拉宁波网问政平台短信来信提问学英语的时候记得地铁是北京就是宁波地铁叫这是为什么呢
2013-05-20 10:55,#宁波轨道交通网友问答#,宁波轨道交通宁波轨道交通网友问答来自阿拉宁波网阿拉宁波网网上发布厅的提问请问地铁在建设过程中隧道在哪里挖掘只能在马路下方还是可以在建筑下方呢答马路正下方是最方便最省事的建筑物下如果桩使用微博桌面微博桌面长微博工具发布微博桌面首页微博桌面首页
2013-05-15 16:46,#宁波轨道交通网友问答#,宁波轨道交通宁波轨道交通网友问答网友我是焦小座我是焦小座提问请问能考虑在开通后播报站台时加入宁波话报站么既能突出地方特色老年人听起来也方便啊
2013-05-15 15:32,宁波轨道交通感谢各大媒体和网友对轨道交通建设的关心呵呵首列列车抵达和号线试运行是两个不同的概念和阶段请各位关心的网友以轨道交通官方微博发布为准
2013-05-15 13:33,宁波发布宁波发布宁波交通宁波交通宁波日报宁波日报宁波晚报宁波晚报东南商报东南商报
2013-05-15 13:32,宁波轨道交通近日部分网络平面媒体及微博发布了有关宁波轨道交通列车的消息其中部分消息失实现予澄清根据我市轨道交通号线一期工程筹划号线一期首列列车预计将于今年月抵达宁波进行调试使用微博桌面微博桌面长微博工具发布微博桌面首页微博桌面首页
2013-05-15 11:07,公共自行车是解决公共交通最后一公里问题的利器嘻嘻嘻嘻宁波交通宁波交通海曙月湖街道拟建个公共自行车租赁点征集建议
2013-05-14 08:51,嘻嘻嘻嘻
2013-05-09 16:34,#今日读报#,宁波交通宁波交通交通志愿者
2013-05-09 16:32,锻炼身体为建设宁波公共交通事业努力嘻嘻嘻嘻
2013-05-07 11:48,宁波交通宁波交通再见老汽车南站
2013-05-07 11:46,#每天一解#,嘻嘻嘻嘻宁波交通宁波交通每天一解这道题的正确选项是宁波市轨道交通建设管理办法市发展和改革行政主管部门负责项目可行性研究论证市规划行政主管部门负责线网规划编制市交通运输行政主管部门负责运营的监督管理工作市人民政府确定的轨道交通建设单位负责综合开发项目的运营
2013-05-06 10:02,#每天一解#,宁波交通宁波交通每天一解这道题的正确选项是有位网友参与其中人答对宁波市公共汽车乘坐规则第六条赤膊赤脚衣着污秽者无人陪同监护的醉酒者行动不便者精神病患者和学龄前儿童乘运人员可以拒绝其乘车传染病患者禁止乘坐公共汽车
2013-04-28 11:00,#每天一解#,宁波交通宁波交通每天一解这道题的正确选项是有位网友参与其中位答对宁波市公共汽车客运条例第二十七条车辆在运营中因发生故障行车事故不能正常行驶时驾驶员乘务员应当在三十分钟内安排乘客免费乘坐同线路同方向的公共汽车
2013-04-25 15:47,嘻嘻嘻嘻
2013-04-18 09:57,转发微博
2013-04-13 14:46,#宁波轨道交通网友问答#,宁波轨道交通网友问答网友您好正式运营时我地铁站点设有一定量的商铺但目前尚未确定具体的运作招商模式敬请关注我官方网站
2013-04-13 09:50,转发微博
2013-04-11 09:34,#民生快线#,转发微博
2013-04-09 11:31,撒切尔夫人又一个课本里出现的人物去世了时光流逝马伯庸马伯庸是大臣的两位编剧听到撒切尔写喜剧的第一反应是她还有点正事做没有当然撒切尔自己只提供了几个梗然后让自己秘书写完剧本哈克大人和汉弗莱大人本无兴趣但终于被成功说服一脸不情愿地配合演出
2013-04-09 11:18,这个世界坏人太多了生病生病
2013-04-09 11:15,转发微博
2013-04-08 13:27,太有心啦好评赞一个宁波日报宁波日报宁波晚报宁波晚报东南商报东南商报宁波发布宁波发布
2013-04-08 09:43,#宁波爱家网#,
2013-04-08 09:18,#我的一天#,为人民服务辛苦啦握手握手赞赞
2013-04-07 14:05,伟善伟善周美丽周美丽轉發微博
2013-04-07 14:05,转发微博
2013-04-07 14:03,注重健康对自己负责
2013-04-03 12:41,#民生快线#,转发微博
2013-04-03 09:28,未来的宁波地铁工作者们加油
2013-02-26 11:51,#2013留住宁波最美瞬间#,赞赞
2013-01-25 10:11,宁波轨道交通通过询问调阅物资台帐审计财务凭证查看施工记录等方式进行了详细调查经核实该标项目经理刘斌物资部负责人何宇未发现贪腐问题工程不存在偷工减料问题主材实际使用量全部超出设计量工程也无质量安全问题
2013-01-25 10:11,宁波轨道交通针对年月日网友反映我市轨道交通号线一期工程标中铁二局项目部有关情况指挥部立即督促中铁二局深入开展调查中铁二局党委十分重视成立了由总会计师任组长纪委副书记任副组长监察审计物资财务等部门组成的调查组
2013-01-14 14:50,转发微博
2012-12-20 17:56,同时站点位置和站点间的线路走向也有一定的偏差如段塘客运站实际位置应该在通达路上环城南路以南的位置由于相关的偏差较多建议各位网民对此仅作参考号线一期与号线一期的具体的线路图已通过相关媒体公布过稍后我单位将在官方网站再次公布
2012-12-20 17:55,近日百度地图公布了宁波市轨道交通号线一期和号线一期的线路图经核实该线路图的站点名称有部分错误主要列举以下几点西三路站名称应为梁祝站环城西路站应为泽民站天一广场站应为东门口站彩虹北路站应为舟孟北路站海晏路站应为海晏北路站福庆路站应为福庆北路站等等
2012-12-18 12:22,宁波轨道交通调查情况将于近期公布请网友继续关注宁波轨道交通官方微博我们将严格把好质量关安全关用料关同时社会各界也可以通过下列途径对宁波轨道交通工程建设进行监督和实名举报廉政举报电话信访举报电话网上举报平台网页链接网页链接
2012-12-18 12:22,宁波轨道交通欢迎社会各界和网友对宁波轨道交通工程管理和物资管理的监督也欢迎社会各界和网友对所有参建的宁波轨道交通设计施工监理及业主等单位进行监督针对网友反映的问题我们高度重视将组织人员进行调查如发现任何问题坚决查处
2012-12-05 14:06,赞赞
2012-12-03 09:32,#网友播报#,日后轨道交通的车厢座位冬天会有加温措施不会冷冰冰呵呵中国宁波网中国宁波网网友播报话筒话筒火车东站冬天的凳子能温暖些吗宁波轨道交通宁波轨道交通思考思考手套围脖围脖
2012-11-28 09:27,#宁波新闻#,转发微博
2012-11-19 09:24,转发微博
2012-11-06 09:26,#宁波新闻#,转发微博
2012-10-29 14:33,墙角数枝梅凌寒独自开向所有默默奉献的轨道交通人致以敬意和感谢老夏无敌老夏无敌唔唔机械宅机械宅
2012-09-21 09:56,这张照片应该是早上七点前后拍的施工单位已在七点半之前把这水泥柱给放倒处理了感谢广大网友监督吴胜武吴胜武宁波日报宁波日报现代金报现代金报东南商报东南商报宁波交通广播宁波交通广播官方微博官方微博
2012-09-21 09:31,感谢广大媒体与网友的关心与监督我们会联系相关施工单位进行检查处理的官方微博官方微博宁波轨道交通宁波轨道交通腾峰耀华荣威腾峰耀华荣威东南商报东南商报安全提醒地铁大卿桥站施工工地门口的水泥门柱歪倒打车通过时可能被震倒边上就是非机动车道的红绿灯等待区要是压到花花草草和小朋友就不好了哦
2012-09-20 09:51,宁波轨道交通我市第一部轨道交通建设的政府规章宁波市轨道交通建设管理办法已经市人民政府第八次常务会议审议通过并于月日起开始正式实施
2012-09-10 15:23,网友提出的中山东路天一豪景附近路面存在裂痕等是施工的正常现象不会妨碍道路的正常使用地面沉降的监控我单位一直在进行目前状况在控制之中请广大市民放心另该处路面为临时路面以后还要做出入口等出入口完工后施工方会将其恢复成永久路面出入口完工的时间预计是年月
2012-09-10 10:32,朗朗妈木兰朗朗妈木兰东海东海排入西塘河泽民站轨道交通工地甬城智慧城管甬城智慧城管
2012-08-31 09:14,#网友播报#,现代金报现代金报网友播报这就是正能量要传递心心
2012-08-30 16:28,转发微博
2012-08-29 09:54,上海地铁上海地铁地铁眼月日点分东方卫视大爱东方地铁隐形人上海地铁维修与保障工人欢迎各位到时收看
2012-08-29 09:37,两位热心市民同时梦到参加地铁首航不知梦中是否相遇嘻嘻嘻嘻感谢对宁波轨道交通的关心正式通车的时候二位就能真真切切的体验一回啦晴語晴語此梦亦如秋一般清澈宁波地铁一号线试运营有幸成为第一批乘客而沿路居然有山丘风景独好晴語晴語草根朴尔曼草根朴尔曼
2012-08-28 15:13,宁波晚报宁波晚报话筒话筒话筒话筒人是在余姚三江口新村丢的发型是个小光头帮扩
2012-08-24 11:38,宁波轨道交通近有个别媒体及个人私自发布宁波轨道交通首台列车照片及相关并非属实信息望广大网友不要听信市轨道交通工程建设指挥部将在合适时机对外发布官方信息感谢网友关心高铁见闻高铁见闻东南商报东南商报
2012-08-24 11:28,宁波拼客网官方微博宁波拼客网官方微博
2012-08-24 11:25,宁波轨道交通经现场确认今早月日上午发生在宁波市江北来福士广场附近某工地施工事故并非我单位施工工地望广大网友不要以讹传讹感谢各位网友对地铁建设的关心宁波日报宁波日报宁波晚报宁波晚报东南商报东南商报现代金报现代金报
2012-08-24 09:03,您好感谢您的提醒请问能提供下具体的地址吗我们的工程人员会予以调查
2012-08-22 09:48,麻烦朗朗妈木兰朗朗妈木兰帮助解答下
2012-08-20 08:55,#消息#,宁波轨道交通一号线一期计划年通车运营
2012-08-17 11:32,#文明宁波#,文明出行从我做起
2012-08-13 09:56,轨道交通一切请放心
2012-08-06 09:42,轨道交通施工有其工艺上的特殊性和复杂性一旦进入车站主体结构开挖阶段必须以抢工的姿态小时不间断施工方能将安全风险降到最低否则极易发生危险恳请市民予以谅解我们会加强管理严格把控施工噪音合理安排施工工序再次感谢您的理解与配合谢谢
2012-08-06 09:38,对于因轨道交通施工给您生活带来的影响我们深表歉意由于轨道交通施工离居民生活区太近导致一旦施工必定会对居民产生噪音影响我们已要求施工单位尽力做好降噪措施合理安排施工工序把对居民的影响降到最低限度感谢您对轨道交通建设的理解与支持谢谢
2012-07-27 09:16,由于您的投诉未提供招标项目的具体信息无法予以调查核实建议您拨打投诉电话或者通过轨道交通网上投诉平台网页链接网页链接进行投诉
2012-07-27 09:14,博友您好宁波轨道交通所有项目招标均严格根据招投标法和招投标实施细则规定的程序实施评标专家都是随机在专家库中抽取现场有公证监督部门人员予以监管
2012-07-22 11:00,#微博客户端夏日版#,宁波轨道交通我刚更新了微博客户端夏日版全新推出微博好友列表手机通讯录找好友摇一摇互粉微博表态兴趣社区等众多功能清凉夏日版快来和我一起开启微博新能量吧网页链接网页链接
2012-07-04 08:34,宁波晚报宁波晚报昨市区打破了年以来的同日最高气温的纪录气温的最高值出现在余姚是哪怕是最高气温在个县市区中垫底的象山那儿的最高气温也在左右甬城就像是一个烤炉网页链接网页链接
2012-06-26 09:43,#我要投票#,宁波轨道交通我要投票有态度就有范儿我参与了个投票从此成为意气相投的一份子获得了专属勋章快来微博投票微博投票与众多意见领袖分享态度网页链接网页链接
2012-06-25 12:28,宁波轨道交通我参与了微闻联播微闻联播发起的投票你是否支持地铁官博呼吁女性夏日着装勿暴露我投给了支持女性夏日着装应有自我保护意识这个选项你也快来表态吧网页链接网页链接
2012-06-21 10:22,宁波轨道交通给力给力伦敦奥火给力给力随着中山东路上鼓楼站至东门口天一广场站隧道区间最后一块底板浇筑完成月日轨道交通号线一期隧道全线贯通至此号线一期工程顺利实现了洞通关键目标全程克服了主线结构施工的主要安全困难下一步工程将从全面转入轨道铺设和附属结构施工
2012-06-12 16:26,我投给了支持在节目形式上有所创新这个选项
2012-06-12 15:14,宁波轨道交通分享图片
2012-06-12 15:13,宁波轨道交通今天上午东南商报网友看地铁活动如期举行来自全市多位市民网友先后前往轨道交通南站站和江夏桥东站实地参观了解轨道交通建设情况在工作人员的带领下参观队伍深入地下多米深的下穿奉化江隧道徒步行进多米这是自下穿奉化江隧道贯通以来市民网友首次与其零距离接触给力给力
2012-06-12 14:44,宁波轨道交通宁波轨道交通
2012-06-11 11:17,回复最爱雪夜读书人最爱雪夜读书人对于给您工作生活带来的影响我们深表歉意轨道交通施工现场都在市区主干道上毗邻住宅小区和工作中心这也是客观存在的事实没有办法啊我们会让施工单位合理安排施工时间将噪音对市民的影响降到最低感谢理解
2012-06-07 09:13,宁波轨道交通今日万学子共赴考场为不影响考生的休息和备考轨道交通已在市区主要路段暂停施工预祝各位学子能够取得优异的成绩加油给力给力给力给力心心
2012-06-06 12:58,回复那边是轨道交通号线标目前正在做地墙施工因轨道交通特殊施工工艺要求必须小时不间断施工否则会有安全风险恳请市民谅解我们会加大对施工单位的监管严格管理渣土车队伍对于违反相关规定的司机我们一经查处绝不录用欢迎监督
2012-06-04 12:49,宁波轨道交通月日凌晨点分因近期连续阴雨影响轨道交通号线东环南路站号出入口通道围护结构一侧地面发生局部沉陷无人员伤亡市轨道交通指挥部迅速组织现场处置至当日中午时沉陷得到控制工地及周边环境安全稳定感谢网友关心我部将进一步加强安全生产管理防范此类事件再次发生
2012-06-01 16:45,宁波轨道交通分享图片
2012-06-01 16:39,宁波轨道交通威武威武威武威武威武威武随着江厦桥东站至东门口天一广场站区间的双向贯通轨道交通号线一期工程全线就差西门口至鼓楼站区间右线盾构隧道和鼓楼东门口天一广场明挖区间还没有贯通预计月底号线一期工程将全线洞通
2012-06-01 16:38,宁波轨道交通宁波轨道交通首条下穿江隧道贯通啦给力给力赞啊赞啊昨天月日东门口天一广场江厦桥东站右线隧道贯通标志着宁波首条下穿奉化江的轨道交通隧道双向安全贯通也为今年上半年轨道交通号线一期实现洞通目标打下坚实基础
2012-05-30 16:55,应该的只有相互理解相互信任相互支持才能共同完成这项伟大的惠民工程谢谢海曙小微海曙小微公开透明负责
2012-05-30 16:50,东南商报社区周刊东南商报社区周刊
2012-05-30 16:50,现代金报蔡俊现代金报蔡俊
2012-05-30 16:49,东南商报东南商报
2012-05-30 16:49,宁波日报宁波日报
2012-05-30 16:49,宁波三思三创宁波三思三创
2012-05-30 14:26,您好感谢您对轨道交通的理解与支持经我部工作人员与交警城管多次协商现已达成相关协议目前正处于签合同阶段合同签完近期就会修补宁波基督教江北堂张全献宁波基督教江北堂张全献甬城智慧城管甬城智慧城管中国宁波网中国宁波网宁波晚报宁波晚报
2012-05-29 09:52,宁波轨道交通我刚参加了您认为谁将夺得今年法网女单冠军的互动我投了科娃一票你也来参加吧网页链接网页链接
2012-05-25 11:29,回复贝壳精改名叫卡伊贝壳精改名叫卡伊我们会尽快完成该项施工谢谢居民的理解贝壳精改名叫卡伊贝壳精改名叫卡伊回复宁波轨道交通宁波轨道交通好吧那请你们尽量快点吧真的受不了这噪音谢谢
2012-05-25 10:56,回复贝壳精改名叫卡伊贝壳精改名叫卡伊这个实在是没有办法了因为只是简单的填充些零时用料大车一碾过就破碎了只有在工程结束后彻底进行混凝土浇筑才能恢复再次表示歉意啊
2012-05-25 10:22,回复看看看看看看关于望春桥铁板的问题施工单位铺设的铁板是完好的发出声响主要是由于路面不平那里是因为在埋雨水管线明天晚上是最后一天的施工等到管线埋完路浇平最晚到本月月底铁板就能拿掉对于给居民带来的影响我们深表歉意请附近的居民谅解看看看看看看宁波轨道交通宁波轨道交通
2012-05-23 16:10,你好城隍庙附近的小区不用进行安全鉴定的说明都是有桩基的那我们的施工不会影响房子的安全没有桩基的我们在施工前都已经进行了安全鉴定请居民放心阿不拉阿不拉回复海曙区月湖街道县学社区海曙区月湖街道县学社区这个我们居民自己找
2012-05-23 15:04,回复胖胖的和尚胖胖的和尚是的指挥部一直在开展文明施工和和谐共建工作只有广大市民的理解和支持工程才能顺利进行呵呵
2012-05-23 15:01,宁波轨道交通近期号线环城西路站在进行地下连续墙的施工该施工工序由于特殊工艺的要求必须小时不间断施工在此期间可能会对周边居民的生活产生影响恳请居民予以谅解该工序会在高考之前完成
2012-05-23 14:53,由于轨道交通施工的特殊性和复杂性一旦开工就必须小时不间断施工以将基坑安全风险降到最低限度恳请居民予以谅解心心
2012-05-23 14:51,其次轨道交通施工得到了夜间施工的许可由于施工现场毗邻居民区大型机械的操作难免会带来噪音问题给周边居民的生活带来影响指挥部已责成相关施工单位尽力做好防尘降噪的工作并在高考期间进一步加强监管力度
2012-05-23 14:48,你好首先对于因轨道交通施工而造成的噪音扰民我们深表歉意
2012-05-23 14:47,#网友爆料#,回复尐仔尐仔会的轨道交通号线二期工程从宁波东外环至北仑线路全长约公里设车站座停车场座主变电所座初步估计工程投资约亿元目前工可报告已上报国家发改委并完成评估项目正在待批中计划今年开工建设预计在年正式通车运营
2012-05-21 15:25,#网友爆料#,回复中国宁波网中国宁波网高教园区没有轨道交通的工地啊是不是看错了中国宁波网中国宁波网回复宁波轨道交通宁波轨道交通应该是的
2012-05-21 15:24,#网友爆料#,你好宁波中学附近并没有轨道交通的工地是其他工程在施工吧孩子们要冲刺高考了相关部门还是需要人性化些
2012-05-21 15:02,#网友爆料#,是鄞州区高教园区的宁波中学吗
2012-05-11 14:52,博友照片里反应的是现场混凝土支撑在凿除后留下的碎块宁波轨道交通宁波轨道交通回复看看看看看看这不是在破除路面而是在进行废旧钢支撑的凿除因为钢支撑太大不易运出所以在现场凿除后再运走看看看看看看宁波轨道交通宁波轨道交通
2012-05-11 14:49,回复夏小小仙夏小小仙为人民服务夏小小仙夏小小仙谢谢辛苦了宁波轨道交通宁波轨道交通回复夏小小仙夏小小仙你说得很对我们安质处和现场监理的工作人员全天候在施工现场第一线监测数据我们会始终紧绷安全质量这根弦一定确保工程的施工安全
2012-05-11 14:44,回复夏小小仙夏小小仙你说得很对我们安质处和现场监理的工作人员全天候在施工现场第一线监测数据我们会始终紧绷安全质量这根弦一定确保工程的施工安全夏小小仙夏小小仙举个例子只是想说明在圆满的计划没有完成前都有风险还请小心谨慎事关住宅区请务必严格管理与施工
2012-05-11 14:28,回复看看看看看看这不是在破除路面而是在进行废旧钢支撑的凿除因为钢支撑太大不易运出所以在现场凿除后再运走看看看看看看宁波轨道交通宁波轨道交通
2012-05-11 14:26,回复夏小小仙夏小小仙呵呵事在人为泰坦尼克完全是超速引起的夏小小仙夏小小仙回复宁波轨道交通宁波轨道交通我是相信科学相信政策的只是生活在这里的居民寝食难安一年两年三年另外泰坦尼克号被称为永不沉没
2012-05-11 14:12,回复夏小小仙夏小小仙这点请您放心轨道交通的施工都是严格控制数据参数进行的始终将安全质量放在第一位夏小小仙夏小小仙宁波轨道交通宁波轨道交通老百姓的安全能保障吗杭州有例子你可以去看下
2012-05-11 10:42,关于晚上的施工声音因为有时候在做地连墙这个地墙施工必须是小时不间断施工以降低安全风险项目部已经做出承诺将会进一步加强工地管理做好防尘降噪措施晚上施工作业和进材料尽量减少对居民的影响对于给您的生活造成的不便我们深表歉意再次感谢您对轨道交通建设的理解与支持
2012-05-11 10:39,轻纺城站我们去调查了关于晚上装货进材料问题是这样的根据全市规定工地进材料必须是晚上点半以后才能允许进所以是按照相关规定执行
2012-05-10 15:06,我们已派专人实地了解情况稍后回复您这个有用吗生个女儿叫林夏生个女儿叫林夏宁波轨道交通宁波轨道交通麻烦看下离我爱真的很近每晚的时重时轻
2012-05-10 11:17,不知这样能否帮到您呵呵宁波轨道交通宁波轨道交通您好尹江路附近是南站改建工程在施工距离轨道交通工地比较远您的情况可以反映给南站改建施工单位与轨道交通施工没有关系
2012-05-10 11:16,您好尹江路附近是南站改建工程在施工距离轨道交通工地比较远您的情况可以反映给南站改建施工单位与轨道交通施工没有关系
2012-05-09 14:26,#复仇者联盟#,宁波轨道交通地球遇到前所未有的危机宁波轨道交通宁波轨道交通的复仇者联盟组成了雷神李小狄李小狄黑寡妇狮子卡卡狮子卡卡钢铁侠中国宁波网网上发布厅中国宁波网网上发布厅美国队长思无邪思无邪鹰眼陈三藏陈三藏绿巨人上海大众汽车斯柯达车友汇上海大众汽车斯柯达车友汇咱们去拯救地球吧快来看看你的联盟都有谁网页链接网页链接
2012-05-08 15:43,#定制您的移动关爱#,转发微博
2012-05-08 10:53,回复狮子卡卡狮子卡卡对于给您生活带来的影响我们深表歉意由于轨道交通施工的特殊性一旦开工就必须以小时不间断施工以降低安全风险还请居民谅解我这里先给您预发一张未来的轨道交通通行证呵呵玫瑰狮子卡卡狮子卡卡回复宁波轨道交通宁波轨道交通沁水丽庭小区对面是天一家园
2012-05-04 14:59,回复思无邪思无邪为人民服务思无邪思无邪回复宁波轨道交通宁波轨道交通沟通了就好了总之也是给你们添麻烦了
2012-05-04 14:47,回复思无邪思无邪我们会尽量减少因噪音对周边居民工作生活产生的影响欢迎大家多提宝贵意见大家相互理解和支持工程才能顺利进行
2012-05-04 09:14,宁波轨道交通评论是一种风格评论是一种能力评论也可以很精彩鉴于我评论家的地位微博授予我谈笑风生勋章网页链接网页链接
2012-05-04 09:08,回复是这样的轨道交通施工有其特殊性和复杂性当工程进入某一阶段时必须以小时不间断施工以将安全风险降低到最低程度这也是为了从安全质量的角度来考虑还请博友理解和谅解呵呵回复宁波轨道交通宁波轨道交通中山路和解放路交叉口
2012-05-03 16:09,回复李小狄李小狄工程车是很闹心也是目前交通事故频发的重大隐患我们一直在加强对轨道交通工程车的管理经常对司机进行安全警示教育制定了一系列的惩处措施对于严重违规的司机一律开除不得录用李小狄李小狄回复宁波轨道交通宁波轨道交通左右两辆同时挤我惊心未定
2012-05-03 15:37,宁波轨道交通三关于加高的广告是为遮挡临时房起美化作用是配合文明城市检查等布设公益其余时间商业是商业广告收益主要弥补号线全线公益广告支出再次感谢各位网友对我市轨道交通建设的关心和支持希望大家多提宝贵意见谢谢
2012-05-03 15:35,宁波轨道交通二我市在迎世博创建文明城市等重大活动中市有关部门统一要求轨道交通施工围挡进行公益广告宣传目前号线号线站点多公益广告数量大而经费又难以列支所以在局部区域进行商业广告发布所得收益弥补公益广告支出
2012-05-03 15:35,宁波轨道交通一施工围挡上覆盖喷绘广告在围挡施工按常规模式前提下使围挡板局部区域连成整体增强了整体的结构强度对围挡板起到一定的加固作用
2012-05-03 15:34,宁波轨道交通各位网友大家好非常感谢网友们对我市轨道交通建设的关注针对有网友所提出的施工隔离栏及临时板房上的广告问题我部已收悉现回复如下根据市宣传部文明办要求结合市文明标化工地的标准须对沿线施工隔离栏特别是城区繁华地段围挡进行美化所以在围栏上采用广告画面覆盖的办法
2012-03-29 16:13,报到了报到了宁波粮食宁波粮食数数看还有谁没有报到
2012-03-07 15:51,宁波轨道交通一号线车辆有自己的避风港啦昨天上午位于宁波市东外环路以东蔡江岸地区的轨道交通天童庄车辆段与综合基地正式动工了它是未来轨道交通号线一期工程车辆停靠和维修的重要基地也是未来轨道交通员工生活与工作的大本营年月该基地建设将全部完成
2012-02-08 09:40,宁波轨道交通今日迎来节后最低温度各位亲爱的朋友们一定要注意保暖及时增添衣物健康的身体最重要呵呵
2012-01-22 13:05,宁波轨道交通火树银花贺新喜龙腾虎跃迎春来感谢各位网友一直以来对宁波轨道交通建设的关心和支持并祝大家在新的一年里平安幸福快乐安康轨道交通愿与您一起携手共进再创辉煌大红灯笼
2012-01-09 14:49,#理性态小度#,宁波轨道交通我支持理性态小度他是我的态度代言人震撼网页链接网页链接微博投票是一个人人可以表态的地方你的立场观点情绪喜好都可以有力表达在这里已经有一亿次的投票一百万个投票结果微博投票霸气上线小态度大力量豪放派奖中手机
2012-01-06 09:36,宁波轨道交通年的第一场雪比年来得晚了一些农历岁末年关祝愿各位朋友平安出行在一线工地的工友们辛苦了
2011-12-31 11:06,宁波轨道交通至此新年到来之际宁波轨道交通感谢广大网友一直以来对轨道交通建设的关心与支持并祝大家在新的一年里身体健康工作顺利合家欢乐万事如意
2011-12-19 14:52,宁波轨道交通后天将有一股新的冷空气来袭请及时增添衣物保暖
2011-12-19 14:18,宁波轨道交通十年窗下无人问一举成名天下知有了微博无需宅一呼百应朋友遍天下今后必当好好织微博并获得微博特发一举成名勋章网页链接网页链接
2011-12-19 14:17,宁波轨道交通宁波轨道交通官方微博现已开通敬请关注
